crop,soil_type,season,ph_min,ph_max,nitrogen_req,phosphorus_req,potassium_req,rainfall_min_mm,rainfall_max_mm,temp_min_c,temp_max_c,irrigation_type,yield_ton_per_acre,cost_rs_per_acre,price_rs_per_ton,profit_rs_per_acre,risk_score,climate_score
Rice,Sandy,Kharif,5.2,7.6,179,31,95,516,748,10,21,Drip,4.19,15426.0,13201.0,39884.0,0.4,0.8
Rice,Sandy,Rabi,5.7,7.6,147,48,77,601,1085,22,32,Drip,5.07,15426.0,13201.0,51501.0,0.27,0.65
Rice,Sandy,Summer,6.0,7.0,63,68,32,483,1035,19,33,Rainfed,5.13,15426.0,13201.0,52293.0,0.37,0.94
Rice,Sandy,All,5.4,7.3,132,44,110,335,581,20,33,Sprinkler,5.61,15426.0,13201.0,58629.0,0.53,0.9
Rice,Loamy,Kharif,5.4,7.2,133,40,67,481,895,20,34,Rainfed,4.9,15426.0,13201.0,49257.0,0.19,0.86
Rice,Loamy,Rabi,5.2,7.1,96,61,127,693,1687,10,23,Rainfed,5.27,15426.0,13201.0,54141.0,0.3,0.62
Rice,Loamy,Summer,5.9,7.4,120,47,103,555,1160,20,37,Drip,4.26,15426.0,13201.0,40808.0,0.22,0.8
Rice,Loamy,All,5.3,7.4,142,66,48,370,1091,17,28,Rainfed,5.38,15426.0,13201.0,55593.0,0.18,0.66
Rice,Clay,Kharif,5.7,7.4,138,68,96,539,1280,14,32,Rainfed,5.04,15426.0,13201.0,51105.0,0.16,0.91
Rice,Clay,Rabi,5.8,7.7,127,34,57,522,883,17,27,Sprinkler,5.58,15426.0,13201.0,58233.0,0.48,0.78
Rice,Clay,Summer,5.1,7.4,169,45,39,491,1471,12,30,Rainfed,4.88,15426.0,13201.0,48993.0,0.34,0.64
Rice,Clay,All,5.4,8.0,118,50,27,423,1203,11,22,Flood,5.29,15426.0,13201.0,54405.0,0.59,0.79
Rice,Silty,Kharif,5.1,7.5,180,41,53,570,1391,16,29,Drip,5.1,15426.0,13201.0,51897.0,0.3,0.84
Rice,Silty,Rabi,5.4,7.8,155,35,51,415,680,15,25,Drip,4.86,15426.0,13201.0,48729.0,0.1,0.85
Rice,Silty,Summer,5.1,6.6,48,62,29,563,1006,14,31,Drip,4.77,15426.0,13201.0,47541.0,0.46,0.91
Rice,Silty,All,5.6,6.9,161,72,44,348,647,20,36,Sprinkler,4.55,15426.0,13201.0,44637.0,0.33,0.86
Rice,Peaty,Kharif,5.7,8.0,65,27,71,672,1219,22,33,Drip,4.12,15426.0,13201.0,38960.0,0.37,0.65
Rice,Peaty,Rabi,5.2,7.2,59,76,123,741,1504,11,21,Rainfed,5.58,15426.0,13201.0,58233.0,0.56,0.9
Rice,Peaty,Summer,5.2,7.2,94,71,135,330,698,16,26,Flood,4.26,15426.0,13201.0,40808.0,0.49,0.76
Rice,Peaty,All,5.4,7.9,164,39,44,451,873,10,28,Rainfed,5.16,15426.0,13201.0,52689.0,0.13,0.8
Wheat,Sandy,Kharif,6.0,6.6,87,28,96,334,1225,13,29,Rainfed,4.72,12251.0,52931.0,237582.0,0.38,0.8
Wheat,Sandy,Rabi,5.0,6.6,173,60,139,433,842,20,35,Drip,3.64,12251.0,52931.0,180417.0,0.17,0.83
Wheat,Sandy,Summer,5.5,7.9,58,21,78,618,1394,11,22,Drip,4.02,12251.0,52931.0,200530.0,0.17,0.72
Wheat,Sandy,All,5.1,6.9,112,40,76,726,1482,21,35,Rainfed,4.28,12251.0,52931.0,214292.0,0.38,0.93
Wheat,Loamy,Kharif,5.1,7.8,107,34,133,354,1314,18,30,Sprinkler,3.66,12251.0,52931.0,181475.0,0.21,0.72
Wheat,Loamy,Rabi,5.7,7.8,169,82,52,763,1015,11,27,Sprinkler,3.28,12251.0,52931.0,161362.0,0.27,0.65
Wheat,Loamy,Summer,6.0,6.7,153,90,110,518,1292,10,21,Rainfed,4.73,12251.0,52931.0,238111.0,0.45,0.65
Wheat,Loamy,All,5.0,7.1,77,75,36,321,836,15,25,Sprinkler,3.55,12251.0,52931.0,175653.0,0.22,0.64
Wheat,Clay,Kharif,5.8,7.8,144,39,138,776,1218,12,24,Flood,3.25,12251.0,52931.0,159774.0,0.47,0.72
Wheat,Clay,Rabi,5.9,7.7,103,54,40,703,1621,11,27,Rainfed,4.59,12251.0,52931.0,230701.0,0.21,0.89
Wheat,Clay,Summer,5.5,7.0,98,48,23,637,1034,16,31,Sprinkler,4.6,12251.0,52931.0,231230.0,0.58,0.7
Wheat,Clay,All,5.6,7.1,177,62,140,314,632,14,26,Sprinkler,3.27,12251.0,52931.0,160832.0,0.4,0.72
Wheat,Silty,Kharif,5.8,7.2,170,34,69,760,1550,13,27,Rainfed,4.35,12251.0,52931.0,217997.0,0.1,0.92
Wheat,Silty,Rabi,5.5,7.6,90,66,75,335,1215,15,30,Rainfed,4.37,12251.0,52931.0,219056.0,0.25,0.71
Wheat,Silty,Summer,5.4,7.1,115,90,36,398,1028,20,36,Drip,4.2,12251.0,52931.0,210058.0,0.25,0.79
Wheat,Silty,All,5.0,6.9,150,61,79,526,1178,20,33,Flood,4.49,12251.0,52931.0,225408.0,0.58,0.86
Wheat,Peaty,Kharif,5.7,6.9,125,31,124,787,1756,13,27,Drip,4.51,12251.0,52931.0,226466.0,0.17,0.62
Wheat,Peaty,Rabi,6.0,7.4,58,78,73,753,1597,19,32,Flood,4.01,12251.0,52931.0,200001.0,0.22,0.83
Wheat,Peaty,Summer,5.0,7.6,67,74,48,390,1302,18,35,Rainfed,4.11,12251.0,52931.0,205294.0,0.56,0.64
Wheat,Peaty,All,5.1,7.2,175,60,116,756,1409,19,37,Flood,4.55,12251.0,52931.0,228583.0,0.37,0.91
Maize,Sandy,Kharif,5.2,7.5,173,82,100,422,903,17,28,Sprinkler,4.66,14998.0,34784.0,147097.0,0.27,0.91
Maize,Sandy,Rabi,5.1,6.7,138,39,110,409,674,16,32,Sprinkler,5.31,14998.0,34784.0,169707.0,0.31,0.67
Maize,Sandy,Summer,5.4,7.9,45,68,81,303,863,14,30,Flood,5.3,14998.0,34784.0,169359.0,0.47,0.88
Maize,Sandy,All,5.9,7.2,109,75,82,314,912,15,31,Drip,5.93,14998.0,34784.0,191273.0,0.56,0.94
Maize,Loamy,Kharif,5.5,7.9,46,30,102,519,857,17,29,Rainfed,4.72,14998.0,34784.0,149184.0,0.26,0.76
Maize,Loamy,Rabi,5.3,7.8,111,73,52,727,1010,17,27,Rainfed,6.26,14998.0,34784.0,202752.0,0.27,0.83
Maize,Loamy,Summer,5.8,7.5,47,51,45,729,949,19,31,Drip,4.44,14998.0,34784.0,139444.0,0.43,0.8
Maize,Loamy,All,5.2,7.5,134,41,97,610,1575,21,32,Drip,6.19,14998.0,34784.0,200317.0,0.15,0.61
Maize,Clay,Kharif,5.3,7.5,136,70,140,666,1069,11,24,Rainfed,5.63,14998.0,34784.0,180838.0,0.25,0.84
Maize,Clay,Rabi,5.8,7.7,50,64,88,519,1396,15,26,Sprinkler,4.2,14998.0,34784.0,131096.0,0.31,0.77
Maize,Clay,Summer,5.4,7.0,157,39,75,390,1341,18,32,Flood,5.14,14998.0,34784.0,163794.0,0.51,0.81
Maize,Clay,All,5.3,6.9,62,55,132,530,979,22,39,Flood,4.88,14998.0,34784.0,154750.0,0.35,0.71
Maize,Silty,Kharif,5.5,7.0,106,63,55,750,1560,21,35,Rainfed,5.25,14998.0,34784.0,167620.0,0.2,0.68
Maize,Silty,Rabi,5.4,7.3,101,80,102,664,1366,17,27,Rainfed,4.79,14998.0,34784.0,151619.0,0.3,0.69
Maize,Silty,Summer,5.7,7.1,175,64,74,681,1444,15,30,Flood,4.74,14998.0,34784.0,149880.0,0.23,0.64
Maize,Silty,All,5.2,6.7,177,43,44,410,1366,17,31,Sprinkler,6.22,14998.0,34784.0,201361.0,0.52,0.7
Maize,Peaty,Kharif,5.4,7.0,176,36,55,323,578,18,32,Drip,5.51,14998.0,34784.0,176664.0,0.48,0.64
Maize,Peaty,Rabi,5.0,6.9,162,76,63,394,646,14,31,Rainfed,5.89,14998.0,34784.0,189882.0,0.3,0.63
Maize,Peaty,Summer,5.6,6.6,78,58,30,427,748,18,34,Drip,5.79,14998.0,34784.0,186403.0,0.29,0.92
Maize,Peaty,All,5.3,7.4,149,59,92,617,878,19,30,Drip,5.48,14998.0,34784.0,175620.0,0.23,0.63
Barley,Sandy,Kharif,5.4,7.5,160,57,24,418,913,21,35,Flood,2.24,12226.0,38496.0,74004.0,0.22,0.69
Barley,Sandy,Rabi,5.8,7.4,90,74,34,578,1008,20,32,Sprinkler,3.05,12226.0,38496.0,105185.0,0.14,0.66
Barley,Sandy,Summer,5.3,7.6,113,76,35,539,1444,14,30,Sprinkler,2.7,12226.0,38496.0,91712.0,0.35,0.63
Barley,Sandy,All,5.0,7.1,122,52,23,346,780,20,30,Sprinkler,2.78,12226.0,38496.0,94791.0,0.48,0.66
Barley,Loamy,Kharif,5.5,7.2,111,43,94,523,1373,17,28,Flood,2.54,12226.0,38496.0,85553.0,0.27,0.83
Barley,Loamy,Rabi,5.9,7.0,166,56,104,783,1393,22,40,Rainfed,2.65,12226.0,38496.0,89787.0,0.26,0.71
Barley,Loamy,Summer,6.0,7.1,171,20,104,745,1500,17,33,Rainfed,2.36,12226.0,38496.0,78623.0,0.28,0.86
Barley,Loamy,All,5.6,7.6,92,54,90,367,861,17,34,Rainfed,2.19,12226.0,38496.0,72079.0,0.42,0.88
Barley,Clay,Kharif,5.7,7.0,43,90,72,347,777,11,28,Rainfed,2.86,12226.0,38496.0,97871.0,0.18,0.93
Barley,Clay,Rabi,5.3,7.6,146,81,80,424,1091,18,30,Flood,2.37,12226.0,38496.0,79008.0,0.4,0.86
Barley,Clay,Summer,5.1,6.6,146,63,139,703,1422,14,24,Sprinkler,2.94,12226.0,38496.0,100951.0,0.52,0.8
Barley,Clay,All,5.7,7.8,154,88,81,476,1016,18,36,Flood,2.65,12226.0,38496.0,89787.0,0.26,0.67
Barley,Silty,Kharif,5.7,7.4,99,72,25,462,1424,17,33,Flood,3.23,12226.0,38496.0,112114.0,0.5,0.83
Barley,Silty,Rabi,5.2,7.9,72,84,95,469,771,17,28,Flood,2.18,12226.0,38496.0,71694.0,0.17,0.9
Barley,Silty,Summer,6.0,6.6,107,63,99,654,1261,20,31,Sprinkler,3.08,12226.0,38496.0,106340.0,0.53,0.73
Barley,Silty,All,5.3,7.6,164,89,24,616,886,13,27,Drip,2.97,12226.0,38496.0,102106.0,0.32,0.63
Barley,Peaty,Kharif,5.6,7.8,153,41,108,453,682,10,25,Rainfed,2.48,12226.0,38496.0,83243.0,0.29,0.65
Barley,Peaty,Rabi,5.5,7.3,86,41,42,340,1164,16,29,Flood,3.15,12226.0,38496.0,109035.0,0.17,0.76
Barley,Peaty,Summer,5.3,6.9,42,79,135,447,1340,18,30,Rainfed,2.64,12226.0,38496.0,89402.0,0.27,0.81
Barley,Peaty,All,5.6,7.1,104,78,128,454,857,16,33,Rainfed,2.42,12226.0,38496.0,80933.0,0.39,0.8
Sorghum,Sandy,Kharif,5.7,6.9,52,83,126,762,1255,22,35,Sprinkler,5.74,34405.0,26171.0,115817.0,0.2,0.69
Sorghum,Sandy,Rabi,5.8,7.7,75,32,135,621,1482,10,24,Flood,5.26,34405.0,26171.0,103255.0,0.28,0.65
Sorghum,Sandy,Summer,5.9,7.0,146,42,45,367,1119,15,33,Sprinkler,7.32,34405.0,26171.0,157168.0,0.23,0.89
Sorghum,Sandy,All,5.5,7.7,126,34,79,793,1070,12,25,Flood,7.67,34405.0,26171.0,166328.0,0.5,0.73
Sorghum,Loamy,Kharif,5.8,6.5,177,35,78,488,1376,21,35,Flood,7.3,34405.0,26171.0,156644.0,0.57,0.64
Sorghum,Loamy,Rabi,5.2,6.5,123,48,102,332,1182,17,31,Flood,5.47,34405.0,26171.0,108751.0,0.12,0.61
Sorghum,Loamy,Summer,6.0,6.7,100,88,37,498,1162,15,33,Flood,6.69,34405.0,26171.0,140680.0,0.46,0.91
Sorghum,Loamy,All,5.7,7.8,144,55,24,653,1232,13,30,Flood,7.63,34405.0,26171.0,165281.0,0.53,0.63
Sorghum,Clay,Kharif,5.7,7.3,131,27,70,441,835,11,28,Rainfed,6.88,34405.0,26171.0,145653.0,0.42,0.81
Sorghum,Clay,Rabi,5.0,7.7,102,36,120,589,999,11,29,Drip,6.69,34405.0,26171.0,140680.0,0.51,0.68
Sorghum,Clay,Summer,5.8,7.7,40,55,129,374,707,18,32,Drip,5.45,34405.0,26171.0,108228.0,0.53,0.65
Sorghum,Clay,All,5.4,7.7,122,22,42,435,688,12,28,Rainfed,7.1,34405.0,26171.0,151410.0,0.34,0.87
Sorghum,Silty,Kharif,5.5,6.7,168,48,98,322,1266,22,40,Sprinkler,6.35,34405.0,26171.0,131782.0,0.58,0.62
Sorghum,Silty,Rabi,5.5,7.1,67,82,111,765,1419,11,22,Sprinkler,6.74,34405.0,26171.0,141989.0,0.13,0.7
Sorghum,Silty,Summer,5.6,7.3,123,68,96,571,1072,17,35,Flood,5.43,34405.0,26171.0,107704.0,0.45,0.9
Sorghum,Silty,All,5.7,7.7,95,75,77,754,1187,16,31,Flood,6.2,34405.0,26171.0,127856.0,0.46,0.71
Sorghum,Peaty,Kharif,5.3,6.9,79,80,28,346,633,11,27,Rainfed,7.1,34405.0,26171.0,151410.0,0.29,0.65
Sorghum,Peaty,Rabi,5.1,7.9,124,35,72,481,1362,22,38,Rainfed,7.67,34405.0,26171.0,166328.0,0.4,0.72
Sorghum,Peaty,Summer,5.6,6.8,163,48,128,355,913,18,33,Rainfed,7.14,34405.0,26171.0,152457.0,0.39,0.88
Sorghum,Peaty,All,5.8,8.0,46,54,23,392,871,21,35,Sprinkler,6.08,34405.0,26171.0,124716.0,0.19,0.65
Millet,Sandy,Kharif,6.0,6.6,175,47,68,514,1178,15,27,Sprinkler,4.43,28006.0,15340.0,39950.0,0.26,0.93
Millet,Sandy,Rabi,5.6,7.8,79,40,116,616,866,20,31,Sprinkler,4.68,28006.0,15340.0,43786.0,0.31,0.81
Millet,Sandy,Summer,5.4,6.8,171,34,64,520,833,14,31,Sprinkler,3.92,28006.0,15340.0,32127.0,0.3,0.81
Millet,Sandy,All,5.0,7.0,94,37,117,430,926,15,26,Rainfed,4.78,28006.0,15340.0,45320.0,0.32,0.65
Millet,Loamy,Kharif,5.5,6.8,130,29,70,741,1700,10,26,Rainfed,4.71,28006.0,15340.0,44246.0,0.14,0.71
Millet,Loamy,Rabi,5.4,7.1,146,57,34,507,728,15,27,Flood,5.42,28006.0,15340.0,55137.0,0.56,0.63
Millet,Loamy,Summer,5.8,6.9,142,87,30,502,1019,21,36,Drip,4.47,28006.0,15340.0,40564.0,0.18,0.78
Millet,Loamy,All,5.1,7.3,129,64,113,790,1650,12,25,Rainfed,4.11,28006.0,15340.0,35042.0,0.2,0.81
Millet,Clay,Kharif,5.8,7.5,85,83,79,686,1463,22,39,Sprinkler,5.48,28006.0,15340.0,56058.0,0.41,0.65
Millet,Clay,Rabi,5.1,7.2,117,55,95,328,888,18,29,Sprinkler,4.71,28006.0,15340.0,44246.0,0.12,0.73
Millet,Clay,Summer,5.3,7.5,63,84,69,536,1330,18,28,Flood,5.57,28006.0,15340.0,57438.0,0.39,0.67
Millet,Clay,All,5.6,7.3,55,77,33,715,1266,21,32,Drip,3.9,28006.0,15340.0,31820.0,0.45,0.95
Millet,Silty,Kharif,5.5,7.4,133,67,137,444,1040,16,31,Rainfed,5.34,28006.0,15340.0,53910.0,0.42,0.62
Millet,Silty,Rabi,5.1,7.5,112,52,112,736,1608,19,31,Sprinkler,3.99,28006.0,15340.0,33201.0,0.43,0.92
Millet,Silty,Summer,5.3,7.5,140,36,96,662,948,14,32,Flood,5.06,28006.0,15340.0,49615.0,0.26,0.64
Millet,Silty,All,5.7,7.9,174,31,102,643,1276,18,33,Rainfed,4.52,28006.0,15340.0,41331.0,0.19,0.67
Millet,Peaty,Kharif,5.9,7.2,97,37,39,339,841,22,33,Rainfed,5.1,28006.0,15340.0,50228.0,0.54,0.82
Millet,Peaty,Rabi,5.6,6.7,86,41,112,524,768,16,31,Drip,5.69,28006.0,15340.0,59279.0,0.41,0.86
Millet,Peaty,Summer,5.8,6.9,101,59,123,701,1381,13,28,Flood,4.71,28006.0,15340.0,44246.0,0.24,0.73
Millet,Peaty,All,5.5,7.9,91,37,131,428,681,20,37,Sprinkler,4.89,28006.0,15340.0,47007.0,0.15,0.9
Oats,Sandy,Kharif,5.3,7.9,77,75,31,784,1211,17,32,Rainfed,5.56,28604.0,25683.0,114193.0,0.3,0.73
Oats,Sandy,Rabi,5.4,6.6,97,23,60,776,1077,21,36,Drip,4.92,28604.0,25683.0,97756.0,0.24,0.89
Oats,Sandy,Summer,5.7,6.7,160,77,98,302,583,10,24,Drip,6.53,28604.0,25683.0,139106.0,0.37,0.85
Oats,Sandy,All,5.5,6.7,113,50,58,362,610,13,29,Flood,4.75,28604.0,25683.0,93390.0,0.52,0.77
Oats,Loamy,Kharif,5.5,7.4,101,38,57,519,720,19,34,Drip,5.92,28604.0,25683.0,123439.0,0.19,0.83
Oats,Loamy,Rabi,5.5,7.0,174,89,84,702,1421,18,28,Flood,6.62,28604.0,25683.0,141417.0,0.12,0.74
Oats,Loamy,Summer,5.4,7.6,131,28,64,423,1373,20,31,Sprinkler,4.91,28604.0,25683.0,97499.0,0.28,0.72
Oats,Loamy,All,5.6,7.7,158,81,100,393,731,11,28,Rainfed,5.28,28604.0,25683.0,107002.0,0.12,0.67
Oats,Clay,Kharif,5.0,7.9,171,70,124,578,1262,14,24,Drip,5.26,28604.0,25683.0,106489.0,0.53,0.62
Oats,Clay,Rabi,5.7,6.9,134,75,133,504,1465,17,33,Sprinkler,6.85,28604.0,25683.0,147325.0,0.35,0.77
Oats,Clay,Summer,5.9,7.3,61,74,30,520,1336,12,30,Sprinkler,5.34,28604.0,25683.0,108543.0,0.14,0.83
Oats,Clay,All,5.3,7.4,149,41,108,527,1086,17,27,Sprinkler,6.02,28604.0,25683.0,126008.0,0.32,0.82
Oats,Silty,Kharif,5.8,6.6,143,66,85,710,1677,20,32,Rainfed,4.93,28604.0,25683.0,98013.0,0.4,0.87
Oats,Silty,Rabi,5.0,6.6,133,66,69,786,1566,10,22,Flood,6.79,28604.0,25683.0,145784.0,0.29,0.87
Oats,Silty,Summer,5.6,7.3,141,60,103,442,897,11,21,Drip,5.75,28604.0,25683.0,119073.0,0.29,0.8
Oats,Silty,All,5.3,6.9,154,47,98,446,1356,17,30,Rainfed,4.92,28604.0,25683.0,97756.0,0.14,0.66
Oats,Peaty,Kharif,5.7,8.0,121,64,110,333,1096,18,32,Sprinkler,6.56,28604.0,25683.0,139876.0,0.46,0.92
Oats,Peaty,Rabi,5.6,7.7,170,48,35,402,744,13,30,Rainfed,5.44,28604.0,25683.0,111111.0,0.39,0.76
Oats,Peaty,Summer,6.0,6.7,62,28,59,503,1437,21,38,Flood,6.38,28604.0,25683.0,135254.0,0.51,0.63
Oats,Peaty,All,6.0,7.5,155,79,107,564,1116,12,30,Drip,6.37,28604.0,25683.0,134997.0,0.16,0.78
Rye,Sandy,Kharif,5.3,6.7,97,64,140,565,1055,11,25,Drip,6.16,21989.0,51907.0,297757.0,0.38,0.64
Rye,Sandy,Rabi,5.3,7.3,168,41,95,782,1576,12,24,Sprinkler,6.64,21989.0,51907.0,322672.0,0.38,0.89
Rye,Sandy,Summer,5.0,6.6,107,46,118,592,1218,19,29,Flood,6.75,21989.0,51907.0,328382.0,0.37,0.82
Rye,Sandy,All,5.3,6.9,143,58,78,337,1242,10,22,Flood,5.64,21989.0,51907.0,270765.0,0.33,0.72
Rye,Loamy,Kharif,5.1,7.8,121,64,71,366,1344,15,33,Rainfed,5.42,21989.0,51907.0,259346.0,0.33,0.69
Rye,Loamy,Rabi,5.2,6.6,114,69,130,615,1243,13,25,Sprinkler,6.85,21989.0,51907.0,333573.0,0.46,0.67
Rye,Loamy,Summer,5.2,8.0,159,83,132,457,1166,10,21,Flood,5.85,21989.0,51907.0,281666.0,0.58,0.68
Rye,Loamy,All,5.4,6.6,166,80,56,574,782,11,27,Drip,6.73,21989.0,51907.0,327344.0,0.46,0.87
Rye,Clay,Kharif,5.4,7.1,89,66,90,447,722,16,34,Flood,6.46,21989.0,51907.0,313329.0,0.24,0.95
Rye,Clay,Rabi,5.7,6.7,64,70,67,706,1253,18,33,Drip,5.14,21989.0,51907.0,244812.0,0.35,0.78
Rye,Clay,Summer,5.0,6.7,125,80,86,533,885,19,37,Drip,5.44,21989.0,51907.0,260384.0,0.41,0.66
Rye,Clay,All,6.0,7.6,116,63,84,724,1445,18,35,Sprinkler,5.78,21989.0,51907.0,278032.0,0.11,0.72
Rye,Silty,Kharif,5.1,7.1,118,23,96,542,1013,20,33,Rainfed,6.04,21989.0,51907.0,291528.0,0.19,0.82
Rye,Silty,Rabi,5.6,7.8,77,51,24,593,1510,11,24,Rainfed,5.7,21989.0,51907.0,273880.0,0.31,0.74
Rye,Silty,Summer,5.2,7.3,160,27,110,370,1101,13,31,Sprinkler,7.0,21989.0,51907.0,341359.0,0.34,0.73
Rye,Silty,All,6.0,7.2,176,63,89,481,1373,22,36,Flood,5.12,21989.0,51907.0,243774.0,0.22,0.8
Rye,Peaty,Kharif,5.2,8.0,116,56,110,406,1312,21,38,Sprinkler,5.79,21989.0,51907.0,278551.0,0.38,0.93
Rye,Peaty,Rabi,5.7,6.9,179,68,134,502,1055,22,34,Sprinkler,4.77,21989.0,51907.0,225606.0,0.58,0.63
Rye,Peaty,Summer,5.9,7.5,162,47,45,723,1474,14,32,Sprinkler,4.99,21989.0,51907.0,237026.0,0.41,0.81
Rye,Peaty,All,5.2,7.5,175,48,101,419,672,11,27,Sprinkler,6.35,21989.0,51907.0,307619.0,0.15,0.87
Corn,Sandy,Kharif,5.4,7.9,161,81,103,402,1376,14,29,Sprinkler,1.61,33086.0,38417.0,28766.0,0.55,0.63
Corn,Sandy,Rabi,5.6,7.3,49,42,73,751,1131,10,26,Flood,1.33,33086.0,38417.0,18009.0,0.47,0.91
Corn,Sandy,Summer,5.3,6.6,116,33,138,471,962,17,35,Flood,1.76,33086.0,38417.0,34528.0,0.17,0.78
Corn,Sandy,All,5.3,7.7,124,40,113,534,1397,14,26,Rainfed,1.67,33086.0,38417.0,31071.0,0.5,0.8
Corn,Loamy,Kharif,5.8,6.8,143,74,85,467,755,16,27,Drip,1.82,33086.0,38417.0,36833.0,0.34,0.93
Corn,Loamy,Rabi,5.0,7.1,154,54,62,454,1250,21,31,Sprinkler,1.62,33086.0,38417.0,29150.0,0.45,0.62
Corn,Loamy,Summer,5.1,7.0,143,84,138,758,1678,22,36,Rainfed,1.61,33086.0,38417.0,28766.0,0.57,0.73
Corn,Loamy,All,5.2,7.9,162,39,78,682,1502,15,31,Flood,1.68,33086.0,38417.0,31455.0,0.5,0.89
Corn,Clay,Kharif,5.8,7.5,60,87,77,570,1490,15,26,Rainfed,1.26,33086.0,38417.0,15320.0,0.37,0.78
Corn,Clay,Rabi,5.6,6.7,123,86,76,359,1255,13,30,Rainfed,1.77,33086.0,38417.0,34912.0,0.32,0.62
Corn,Clay,Summer,5.1,7.1,54,79,106,713,1228,21,31,Flood,1.38,33086.0,38417.0,19930.0,0.1,0.68
Corn,Clay,All,5.1,7.1,56,89,27,778,1048,17,27,Sprinkler,1.47,33086.0,38417.0,23387.0,0.48,0.87
Corn,Silty,Kharif,6.0,7.5,147,67,134,495,1154,16,32,Rainfed,1.64,33086.0,38417.0,29918.0,0.43,0.79
Corn,Silty,Rabi,5.7,7.0,85,88,70,570,900,21,34,Rainfed,1.68,33086.0,38417.0,31455.0,0.59,0.76
Corn,Silty,Summer,5.7,7.1,137,49,51,535,1089,12,26,Drip,1.79,33086.0,38417.0,35681.0,0.46,0.64
Corn,Silty,All,5.8,7.1,44,50,46,334,637,19,29,Flood,1.59,33086.0,38417.0,27997.0,0.45,0.62
Corn,Peaty,Kharif,5.7,7.1,99,89,47,686,1680,10,22,Sprinkler,1.36,33086.0,38417.0,19161.0,0.56,0.8
Corn,Peaty,Rabi,5.6,7.7,122,50,58,748,1094,20,38,Drip,1.47,33086.0,38417.0,23387.0,0.24,0.79
Corn,Peaty,Summer,5.6,7.6,84,74,91,553,801,15,31,Sprinkler,1.65,33086.0,38417.0,30302.0,0.3,0.7
Corn,Peaty,All,5.2,7.3,101,48,58,739,1663,12,29,Rainfed,1.56,33086.0,38417.0,26845.0,0.58,0.8
Quinoa,Sandy,Kharif,5.6,7.9,134,31,88,670,1065,10,24,Flood,2.32,13490.0,23657.0,41395.0,0.4,0.91
Quinoa,Sandy,Rabi,5.2,7.6,95,81,46,745,1285,14,24,Drip,2.55,13490.0,23657.0,46836.0,0.58,0.64
Quinoa,Sandy,Summer,6.0,7.2,102,46,70,768,1213,18,33,Sprinkler,2.07,13490.0,23657.0,35480.0,0.37,0.73
Quinoa,Sandy,All,5.3,7.3,167,79,32,711,1650,17,32,Drip,2.06,13490.0,23657.0,35244.0,0.31,0.8
Quinoa,Loamy,Kharif,5.2,6.7,106,90,139,599,1392,21,37,Sprinkler,1.87,13490.0,23657.0,30749.0,0.26,0.73
Quinoa,Loamy,Rabi,5.8,7.2,126,52,117,720,1420,21,38,Flood,1.88,13490.0,23657.0,30985.0,0.5,0.66
Quinoa,Loamy,Summer,5.7,7.2,178,27,87,317,593,20,30,Rainfed,2.09,13490.0,23657.0,35953.0,0.52,0.68
Quinoa,Loamy,All,5.7,6.5,169,78,67,330,1162,20,37,Flood,1.75,13490.0,23657.0,27910.0,0.37,0.74
Quinoa,Clay,Kharif,5.0,7.6,177,56,22,557,1471,20,36,Drip,1.83,13490.0,23657.0,29803.0,0.15,0.65
Quinoa,Clay,Rabi,5.2,7.3,130,54,121,503,783,15,31,Flood,2.23,13490.0,23657.0,39265.0,0.6,0.68
Quinoa,Clay,Summer,5.7,7.8,48,31,71,494,1080,18,35,Rainfed,2.29,13490.0,23657.0,40685.0,0.45,0.63
Quinoa,Clay,All,5.8,7.5,124,32,134,570,813,13,26,Flood,1.97,13490.0,23657.0,33115.0,0.56,0.84
Quinoa,Silty,Kharif,5.3,7.3,48,42,138,735,1257,10,23,Drip,2.39,13490.0,23657.0,43051.0,0.46,0.74
Quinoa,Silty,Rabi,5.1,6.7,101,69,106,759,1512,15,31,Drip,2.42,13490.0,23657.0,43760.0,0.44,0.63
Quinoa,Silty,Summer,5.7,7.0,65,75,49,729,1006,15,31,Sprinkler,1.76,13490.0,23657.0,28147.0,0.24,0.95
Quinoa,Silty,All,5.5,7.0,136,75,43,648,1447,20,36,Rainfed,2.41,13490.0,23657.0,43524.0,0.25,0.69
Quinoa,Peaty,Kharif,5.1,6.9,137,39,114,499,1023,15,26,Rainfed,1.74,13490.0,23657.0,27673.0,0.25,0.73
Quinoa,Peaty,Rabi,5.3,6.7,87,75,77,585,1353,18,34,Rainfed,1.76,13490.0,23657.0,28147.0,0.28,0.63
Quinoa,Peaty,Summer,5.6,7.0,138,21,57,511,1108,22,33,Drip,2.23,13490.0,23657.0,39265.0,0.18,0.73
Quinoa,Peaty,All,5.1,7.0,166,38,28,385,1030,14,30,Sprinkler,2.16,13490.0,23657.0,37609.0,0.14,0.69
Soybean,Sandy,Kharif,5.2,6.7,117,20,70,470,1305,16,31,Flood,2.55,24033.0,42002.0,83071.0,0.51,0.9
Soybean,Sandy,Rabi,6.0,6.7,122,45,81,460,841,16,31,Sprinkler,2.99,24033.0,42002.0,101552.0,0.42,0.94
Soybean,Sandy,Summer,5.8,7.0,111,70,66,358,1135,13,31,Drip,2.93,24033.0,42002.0,99032.0,0.38,0.93
Soybean,Sandy,All,5.5,7.6,152,57,126,654,924,22,38,Flood,2.34,24033.0,42002.0,74251.0,0.25,0.69
Soybean,Loamy,Kharif,5.2,7.1,136,29,77,606,1296,19,35,Flood,2.78,24033.0,42002.0,92732.0,0.5,0.73
Soybean,Loamy,Rabi,5.9,7.3,61,33,118,427,1300,20,35,Drip,2.89,24033.0,42002.0,97352.0,0.12,0.94
Soybean,Loamy,Summer,5.7,7.1,124,75,33,305,605,14,27,Drip,2.67,24033.0,42002.0,88112.0,0.3,0.87
Soybean,Loamy,All,5.6,7.3,128,23,81,353,855,16,27,Rainfed,3.1,24033.0,42002.0,106172.0,0.47,0.72
Soybean,Clay,Kharif,5.3,7.7,173,81,64,543,842,17,34,Sprinkler,2.26,24033.0,42002.0,70891.0,0.12,0.85
Soybean,Clay,Rabi,5.0,7.0,67,41,139,679,1128,18,30,Drip,2.55,24033.0,42002.0,83071.0,0.31,0.76
Soybean,Clay,Summer,5.8,7.4,87,75,70,314,1269,19,32,Flood,2.83,24033.0,42002.0,94832.0,0.29,0.85
Soybean,Clay,All,5.2,7.6,56,33,122,746,1495,12,27,Sprinkler,2.4,24033.0,42002.0,76771.0,0.16,0.83
Soybean,Silty,Kharif,5.5,7.9,120,69,98,500,1301,11,26,Sprinkler,3.11,24033.0,42002.0,106592.0,0.41,0.88
Soybean,Silty,Rabi,5.7,6.9,61,37,60,360,804,14,25,Drip,2.59,24033.0,42002.0,84751.0,0.17,0.74
Soybean,Silty,Summer,5.6,7.4,148,43,82,625,1375,21,33,Drip,2.72,24033.0,42002.0,90212.0,0.17,0.71
Soybean,Silty,All,5.5,6.6,131,21,82,369,768,16,34,Flood,2.63,24033.0,42002.0,86431.0,0.35,0.85
Soybean,Peaty,Kharif,5.4,6.8,47,48,57,316,797,13,31,Sprinkler,2.37,24033.0,42002.0,75511.0,0.33,0.86
Soybean,Peaty,Rabi,5.8,7.3,68,34,54,696,1452,15,33,Rainfed,3.02,24033.0,42002.0,102812.0,0.32,0.68
Soybean,Peaty,Summer,5.4,7.6,103,58,131,316,976,14,29,Rainfed,2.67,24033.0,42002.0,88112.0,0.6,0.87
Soybean,Peaty,All,5.2,7.7,129,74,41,615,957,22,35,Drip,3.07,24033.0,42002.0,104912.0,0.39,0.79
Groundnut,Sandy,Kharif,5.3,7.4,171,32,37,792,1760,22,38,Rainfed,5.37,34433.0,20082.0,73408.0,0.53,0.64
Groundnut,Sandy,Rabi,5.9,6.9,122,51,117,731,1623,16,33,Drip,4.62,34433.0,20082.0,58346.0,0.23,0.74
Groundnut,Sandy,Summer,5.5,7.5,63,71,85,683,1167,21,36,Flood,5.29,34433.0,20082.0,71801.0,0.26,0.6
Groundnut,Sandy,All,5.8,7.6,157,65,128,332,1079,16,29,Flood,5.07,34433.0,20082.0,67383.0,0.35,0.71
Groundnut,Loamy,Kharif,5.3,7.3,73,82,120,475,1373,22,32,Rainfed,3.77,34433.0,20082.0,41277.0,0.49,0.76
Groundnut,Loamy,Rabi,5.1,7.8,152,78,20,790,1428,13,25,Sprinkler,3.87,34433.0,20082.0,43285.0,0.57,0.7
Groundnut,Loamy,Summer,5.7,6.9,135,41,26,502,1342,14,27,Flood,4.76,34433.0,20082.0,61158.0,0.45,0.6
Groundnut,Loamy,All,5.5,6.7,97,86,107,527,736,10,25,Rainfed,5.36,34433.0,20082.0,73207.0,0.31,0.65
Groundnut,Clay,Kharif,5.1,7.1,66,33,60,488,994,12,28,Drip,4.74,34433.0,20082.0,60756.0,0.44,0.62
Groundnut,Clay,Rabi,5.6,7.4,82,76,64,669,1087,20,32,Flood,4.69,34433.0,20082.0,59752.0,0.32,0.68
Groundnut,Clay,Summer,5.9,6.7,71,69,64,793,1432,15,27,Drip,4.08,34433.0,20082.0,47502.0,0.14,0.79
Groundnut,Clay,All,5.6,7.4,46,58,46,565,1386,18,31,Flood,4.12,34433.0,20082.0,48305.0,0.13,0.91
Groundnut,Silty,Kharif,6.0,7.2,68,50,83,626,1434,11,29,Rainfed,5.36,34433.0,20082.0,73207.0,0.57,0.65
Groundnut,Silty,Rabi,5.9,7.4,133,89,107,388,1369,17,28,Rainfed,4.64,34433.0,20082.0,58748.0,0.11,0.68
Groundnut,Silty,Summer,5.9,7.9,141,84,56,621,1550,18,34,Flood,4.85,34433.0,20082.0,62965.0,0.14,0.79
Groundnut,Silty,All,5.6,6.9,119,30,85,771,1179,22,34,Sprinkler,4.29,34433.0,20082.0,51719.0,0.42,0.89
Groundnut,Peaty,Kharif,5.7,6.6,151,50,27,425,713,16,27,Flood,4.69,34433.0,20082.0,59752.0,0.13,0.83
Groundnut,Peaty,Rabi,5.7,6.8,43,37,109,305,672,17,32,Sprinkler,3.89,34433.0,20082.0,43686.0,0.16,0.87
Groundnut,Peaty,Summer,5.3,7.8,47,62,123,519,997,18,29,Sprinkler,4.87,34433.0,20082.0,63367.0,0.39,0.63
Groundnut,Peaty,All,5.5,7.0,167,41,67,380,841,22,33,Rainfed,4.0,34433.0,20082.0,45895.0,0.35,0.62
Sunflower,Sandy,Kharif,5.4,6.7,49,90,122,767,1698,21,37,Drip,5.4,20738.0,23738.0,107450.0,0.31,0.85
Sunflower,Sandy,Rabi,5.3,6.6,135,35,84,644,897,12,25,Rainfed,6.87,20738.0,23738.0,142346.0,0.13,0.76
Sunflower,Sandy,Summer,5.3,7.8,123,31,90,533,741,15,28,Sprinkler,5.96,20738.0,23738.0,120744.0,0.25,0.82
Sunflower,Sandy,All,5.5,7.4,166,45,113,761,1520,22,35,Drip,4.67,20738.0,23738.0,90121.0,0.31,0.68
Sunflower,Loamy,Kharif,5.3,7.8,42,62,20,688,1561,16,30,Rainfed,5.13,20738.0,23738.0,101041.0,0.59,0.75
Sunflower,Loamy,Rabi,6.0,8.0,76,55,31,322,759,18,34,Sprinkler,5.72,20738.0,23738.0,115046.0,0.47,0.8
Sunflower,Loamy,Summer,5.5,7.5,140,29,95,590,853,16,28,Drip,5.33,20738.0,23738.0,105788.0,0.53,0.92
Sunflower,Loamy,All,5.4,7.7,123,60,77,439,878,11,24,Drip,6.47,20738.0,23738.0,132850.0,0.39,0.65
Sunflower,Clay,Kharif,5.2,7.2,144,35,88,483,1471,13,30,Sprinkler,5.73,20738.0,23738.0,115284.0,0.53,0.63
Sunflower,Clay,Rabi,5.8,7.0,50,47,126,738,1273,12,23,Drip,6.9,20738.0,23738.0,143058.0,0.3,0.62
Sunflower,Clay,Summer,5.3,7.7,84,23,71,737,1400,18,36,Drip,4.87,20738.0,23738.0,94869.0,0.15,0.88
Sunflower,Clay,All,5.1,6.6,96,36,45,721,1331,15,26,Sprinkler,6.79,20738.0,23738.0,140447.0,0.14,0.95
Sunflower,Silty,Kharif,5.2,7.5,72,31,135,733,1272,11,21,Flood,4.77,20738.0,23738.0,92495.0,0.56,0.75
Sunflower,Silty,Rabi,5.7,7.2,137,74,42,481,900,12,26,Sprinkler,5.69,20738.0,23738.0,114334.0,0.17,0.81
Sunflower,Silty,Summer,5.6,7.5,167,72,132,581,1271,10,21,Sprinkler,5.54,20738.0,23738.0,110773.0,0.31,0.82
Sunflower,Silty,All,5.8,6.9,179,22,68,700,1630,15,32,Flood,5.45,20738.0,23738.0,108637.0,0.38,0.71
Sunflower,Peaty,Kharif,5.3,6.5,96,23,134,715,1712,14,24,Flood,5.88,20738.0,23738.0,118845.0,0.48,0.95
Sunflower,Peaty,Rabi,6.0,6.7,101,54,88,717,1671,10,23,Flood,5.48,20738.0,23738.0,109349.0,0.52,0.9
Sunflower,Peaty,Summer,5.2,7.4,131,23,110,658,1218,19,31,Drip,6.6,20738.0,23738.0,135936.0,0.51,0.94
Sunflower,Peaty,All,5.5,6.8,49,31,27,419,1235,13,23,Flood,4.65,20738.0,23738.0,89646.0,0.56,0.67
Mustard,Sandy,Kharif,5.8,7.0,45,38,95,660,1005,22,33,Sprinkler,2.55,32807.0,46413.0,85546.0,0.29,0.93
Mustard,Sandy,Rabi,5.4,6.7,117,61,37,799,1160,21,37,Flood,2.28,32807.0,46413.0,73015.0,0.19,0.94
Mustard,Sandy,Summer,5.7,7.9,131,48,105,601,980,16,30,Sprinkler,1.83,32807.0,46413.0,52129.0,0.46,0.93
Mustard,Sandy,All,5.9,7.1,48,43,97,462,1288,13,24,Flood,1.84,32807.0,46413.0,52593.0,0.47,0.68
Mustard,Loamy,Kharif,6.0,6.8,62,62,77,305,776,13,26,Rainfed,2.02,32807.0,46413.0,60947.0,0.49,0.85
Mustard,Loamy,Rabi,5.0,7.2,147,41,133,511,1215,16,31,Flood,1.81,32807.0,46413.0,51200.0,0.34,0.9
Mustard,Loamy,Summer,5.7,7.5,81,77,29,709,943,14,24,Sprinkler,1.95,32807.0,46413.0,57698.0,0.15,0.72
Mustard,Loamy,All,5.9,6.7,59,90,140,759,1054,15,32,Rainfed,2.09,32807.0,46413.0,64196.0,0.43,0.81
Mustard,Clay,Kharif,5.4,6.6,124,46,44,509,1422,18,36,Sprinkler,2.29,32807.0,46413.0,73479.0,0.25,0.63
Mustard,Clay,Rabi,5.4,7.3,165,39,26,484,687,16,27,Sprinkler,2.43,32807.0,46413.0,79977.0,0.41,0.77
Mustard,Clay,Summer,5.1,6.8,114,30,80,732,1050,14,30,Flood,2.14,32807.0,46413.0,66517.0,0.43,0.63
Mustard,Clay,All,5.5,6.8,137,67,43,528,773,14,31,Flood,1.95,32807.0,46413.0,57698.0,0.52,0.8
Mustard,Silty,Kharif,5.2,7.5,64,30,105,476,1230,16,29,Rainfed,2.45,32807.0,46413.0,80905.0,0.51,0.75
Mustard,Silty,Rabi,5.5,7.8,161,50,80,453,733,16,26,Drip,1.83,32807.0,46413.0,52129.0,0.48,0.66
Mustard,Silty,Summer,6.0,8.0,89,36,25,516,796,20,36,Drip,2.58,32807.0,46413.0,86938.0,0.41,0.89
Mustard,Silty,All,5.3,7.9,57,31,69,584,1190,18,33,Sprinkler,2.17,32807.0,46413.0,67909.0,0.56,0.6
Mustard,Peaty,Kharif,5.7,7.4,147,34,73,376,727,19,30,Rainfed,2.21,32807.0,46413.0,69766.0,0.15,0.7
Mustard,Peaty,Rabi,5.5,7.0,145,53,69,635,1332,19,36,Rainfed,1.87,32807.0,46413.0,53985.0,0.3,0.82
Mustard,Peaty,Summer,5.7,7.1,141,62,108,421,671,21,38,Sprinkler,2.49,32807.0,46413.0,82761.0,0.11,0.89
Mustard,Peaty,All,5.3,6.9,165,32,131,416,753,14,31,Sprinkler,1.95,32807.0,46413.0,57698.0,0.31,0.83
Sesame,Sandy,Kharif,5.7,7.6,135,27,85,705,1067,11,25,Flood,2.08,30247.0,22147.0,15818.0,0.53,0.91
Sesame,Sandy,Rabi,5.0,6.8,91,27,51,316,983,10,25,Drip,2.22,30247.0,22147.0,18919.0,0.51,0.78
Sesame,Sandy,Summer,5.6,6.7,47,50,67,550,1358,17,29,Flood,2.52,30247.0,22147.0,25563.0,0.27,0.66
Sesame,Sandy,All,5.9,7.6,63,56,23,497,747,12,25,Drip,2.58,30247.0,22147.0,26891.0,0.44,0.69
Sesame,Loamy,Kharif,5.4,6.5,42,80,136,367,1229,12,22,Drip,2.2,30247.0,22147.0,18476.0,0.5,0.71
Sesame,Loamy,Rabi,6.0,7.5,148,68,129,478,1148,14,27,Flood,2.25,30247.0,22147.0,19583.0,0.36,0.82
Sesame,Loamy,Summer,5.6,6.5,135,56,58,650,960,17,28,Sprinkler,2.92,30247.0,22147.0,34421.0,0.42,0.9
Sesame,Loamy,All,5.3,7.6,116,44,39,564,1547,13,23,Flood,2.6,30247.0,22147.0,27334.0,0.44,0.85
Sesame,Clay,Kharif,5.7,8.0,106,73,71,498,1452,10,23,Sprinkler,2.66,30247.0,22147.0,28663.0,0.21,0.79
Sesame,Clay,Rabi,5.8,7.9,131,84,58,732,1106,20,38,Drip,2.24,30247.0,22147.0,19362.0,0.34,0.86
Sesame,Clay,Summer,5.7,7.3,86,62,103,345,772,15,28,Sprinkler,2.36,30247.0,22147.0,22019.0,0.54,0.73
Sesame,Clay,All,5.6,7.2,70,80,26,743,1592,19,30,Flood,2.82,30247.0,22147.0,32207.0,0.35,0.9
Sesame,Silty,Kharif,5.4,6.9,53,39,37,402,952,16,33,Drip,2.26,30247.0,22147.0,19804.0,0.46,0.87
Sesame,Silty,Rabi,5.5,7.4,85,60,101,329,533,17,31,Drip,2.69,30247.0,22147.0,29328.0,0.18,0.87
Sesame,Silty,Summer,5.5,7.6,62,36,98,522,1370,16,32,Flood,2.89,30247.0,22147.0,33757.0,0.29,0.61
Sesame,Silty,All,5.2,7.1,43,61,116,726,1469,13,23,Rainfed,2.56,30247.0,22147.0,26448.0,0.22,0.84
Sesame,Peaty,Kharif,5.3,6.7,138,84,95,456,827,11,21,Sprinkler,2.88,30247.0,22147.0,33535.0,0.33,0.78
Sesame,Peaty,Rabi,5.5,7.2,74,63,135,550,1117,22,35,Drip,2.88,30247.0,22147.0,33535.0,0.56,0.74
Sesame,Peaty,Summer,5.2,7.6,73,47,113,311,1114,18,30,Rainfed,2.31,30247.0,22147.0,20912.0,0.43,0.61
Sesame,Peaty,All,5.9,6.9,176,26,96,324,1201,11,21,Rainfed,2.62,30247.0,22147.0,27777.0,0.31,0.73
Rapeseed,Sandy,Kharif,5.7,7.4,117,73,104,351,1229,18,32,Drip,4.1,12134.0,34771.0,130427.0,0.55,0.78
Rapeseed,Sandy,Rabi,5.6,6.9,67,83,45,611,1015,22,36,Drip,4.0,12134.0,34771.0,126950.0,0.3,0.66
Rapeseed,Sandy,Summer,5.5,7.9,163,62,50,301,514,20,31,Rainfed,4.8,12134.0,34771.0,154766.0,0.43,0.65
Rapeseed,Sandy,All,5.1,7.3,65,52,102,418,1085,14,28,Flood,3.47,12134.0,34771.0,108521.0,0.51,0.91
Rapeseed,Loamy,Kharif,5.9,7.0,120,74,114,359,656,22,32,Rainfed,4.83,12134.0,34771.0,155810.0,0.43,0.66
Rapeseed,Loamy,Rabi,5.4,7.2,108,31,67,717,1267,12,23,Flood,4.07,12134.0,34771.0,129384.0,0.33,0.89
Rapeseed,Loamy,Summer,5.7,7.2,147,41,34,367,1279,21,31,Drip,3.56,12134.0,34771.0,111650.0,0.56,0.77
Rapeseed,Loamy,All,5.6,7.2,137,65,98,314,1214,21,33,Flood,4.95,12134.0,34771.0,159982.0,0.16,0.74
Rapeseed,Clay,Kharif,5.0,6.9,120,21,110,744,1638,18,31,Sprinkler,4.27,12134.0,34771.0,136338.0,0.44,0.82
Rapeseed,Clay,Rabi,5.4,7.6,163,64,104,646,1502,16,28,Rainfed,3.41,12134.0,34771.0,106435.0,0.57,0.78
Rapeseed,Clay,Summer,5.5,7.2,82,29,116,551,1079,13,28,Sprinkler,3.47,12134.0,34771.0,108521.0,0.21,0.83
Rapeseed,Clay,All,5.4,6.9,157,76,122,593,1251,11,28,Flood,3.92,12134.0,34771.0,124168.0,0.59,0.86
Rapeseed,Silty,Kharif,5.0,7.1,49,90,20,722,1015,22,36,Drip,4.5,12134.0,34771.0,144335.0,0.33,0.72
Rapeseed,Silty,Rabi,5.8,7.7,156,62,91,692,1526,19,36,Sprinkler,4.6,12134.0,34771.0,147812.0,0.16,0.87
Rapeseed,Silty,Summer,5.2,7.0,114,90,86,491,1409,11,21,Drip,4.22,12134.0,34771.0,134599.0,0.51,0.86
Rapeseed,Silty,All,5.4,6.9,90,44,35,776,1378,13,30,Drip,4.6,12134.0,34771.0,147812.0,0.15,0.75
Rapeseed,Peaty,Kharif,5.9,7.8,71,77,78,637,1440,18,30,Flood,3.4,12134.0,34771.0,106087.0,0.47,0.79
Rapeseed,Peaty,Rabi,5.4,7.4,170,42,108,596,973,21,33,Rainfed,4.05,12134.0,34771.0,128688.0,0.4,0.91
Rapeseed,Peaty,Summer,5.5,7.1,103,55,70,793,1344,14,31,Drip,3.62,12134.0,34771.0,113737.0,0.4,0.91
Rapeseed,Peaty,All,5.5,7.8,180,60,111,677,1443,20,33,Drip,3.74,12134.0,34771.0,117909.0,0.46,0.84
Flax,Sandy,Kharif,6.0,6.8,178,61,110,359,1338,15,33,Flood,6.31,27181.0,18368.0,88723.0,0.57,0.85
Flax,Sandy,Rabi,5.7,7.8,176,56,132,733,1365,22,32,Rainfed,4.95,27181.0,18368.0,63742.0,0.17,0.83
Flax,Sandy,Summer,5.2,7.6,81,56,107,428,777,10,24,Drip,6.73,27181.0,18368.0,96438.0,0.12,0.88
Flax,Sandy,All,5.1,7.8,97,69,50,561,1473,14,24,Flood,5.83,27181.0,18368.0,79906.0,0.58,0.94
Flax,Loamy,Kharif,5.3,7.3,43,52,45,617,1616,17,30,Sprinkler,6.73,27181.0,18368.0,96438.0,0.37,0.81
Flax,Loamy,Rabi,5.8,7.9,115,77,42,649,925,12,24,Rainfed,5.81,27181.0,18368.0,79539.0,0.31,0.79
Flax,Loamy,Summer,5.1,7.4,105,20,62,538,1464,12,22,Drip,7.15,27181.0,18368.0,104152.0,0.4,0.87
Flax,Loamy,All,5.6,7.8,117,82,121,593,1356,15,26,Sprinkler,6.17,27181.0,18368.0,86151.0,0.58,0.78
Flax,Clay,Kharif,5.8,6.7,179,88,71,347,904,13,26,Sprinkler,5.69,27181.0,18368.0,77335.0,0.25,0.93
Flax,Clay,Rabi,5.6,7.2,42,34,105,477,1133,13,26,Rainfed,6.55,27181.0,18368.0,93131.0,0.26,0.92
Flax,Clay,Summer,5.9,7.1,178,56,23,766,1495,22,37,Flood,6.07,27181.0,18368.0,84315.0,0.25,0.83
Flax,Clay,All,5.3,6.6,64,41,118,575,1321,10,21,Drip,6.52,27181.0,18368.0,92580.0,0.49,0.9
Flax,Silty,Kharif,5.4,6.7,177,75,102,718,991,21,33,Rainfed,6.01,27181.0,18368.0,83212.0,0.27,0.63
Flax,Silty,Rabi,5.1,7.7,58,49,136,432,1049,16,33,Flood,5.94,27181.0,18368.0,81927.0,0.11,0.84
Flax,Silty,Summer,5.5,7.5,56,25,109,734,1008,15,33,Rainfed,5.59,27181.0,18368.0,75498.0,0.44,0.81
Flax,Silty,All,5.3,7.9,137,70,125,638,869,17,29,Drip,5.22,27181.0,18368.0,68702.0,0.3,0.88
Flax,Peaty,Kharif,5.5,7.9,76,58,106,754,1700,20,35,Rainfed,6.24,27181.0,18368.0,87437.0,0.38,0.64
Flax,Peaty,Rabi,5.0,7.4,177,90,30,456,871,21,36,Drip,5.89,27181.0,18368.0,81008.0,0.42,0.78
Flax,Peaty,Summer,5.2,6.8,104,44,34,392,1279,22,32,Flood,6.46,27181.0,18368.0,91478.0,0.14,0.84
Flax,Peaty,All,5.3,6.8,164,62,65,365,1252,20,33,Rainfed,5.58,27181.0,18368.0,75314.0,0.13,0.67
Castor,Sandy,Kharif,5.7,6.7,133,60,74,386,590,15,28,Drip,4.26,25804.0,27761.0,92456.0,0.42,0.7
Castor,Sandy,Rabi,5.4,7.5,124,81,79,528,1095,22,36,Flood,4.01,25804.0,27761.0,85516.0,0.19,0.81
Castor,Sandy,Summer,5.8,7.8,75,88,45,434,1385,20,31,Rainfed,4.55,25804.0,27761.0,100506.0,0.52,0.82
Castor,Sandy,All,5.8,7.4,94,24,90,433,1189,18,35,Drip,3.72,25804.0,27761.0,77465.0,0.21,0.87
Castor,Loamy,Kharif,5.7,6.9,158,84,85,346,952,15,33,Rainfed,4.18,25804.0,27761.0,90235.0,0.52,0.88
Castor,Loamy,Rabi,5.6,6.7,171,37,77,381,764,19,31,Flood,4.62,25804.0,27761.0,102450.0,0.12,0.87
Castor,Loamy,Summer,5.2,6.9,99,25,105,405,1135,22,37,Flood,3.88,25804.0,27761.0,81907.0,0.33,0.62
Castor,Loamy,All,6.0,7.0,173,55,126,679,1148,19,37,Drip,3.74,25804.0,27761.0,78020.0,0.29,0.81
Castor,Clay,Kharif,5.9,6.6,104,68,136,414,1142,16,31,Sprinkler,3.91,25804.0,27761.0,82740.0,0.34,0.81
Castor,Clay,Rabi,5.5,6.7,82,49,29,563,1421,14,27,Drip,3.44,25804.0,27761.0,69692.0,0.28,0.85
Castor,Clay,Summer,5.1,6.8,124,34,81,645,1335,17,30,Drip,4.16,25804.0,27761.0,89680.0,0.31,0.69
Castor,Clay,All,5.1,7.4,74,85,25,756,1542,12,22,Drip,3.55,25804.0,27761.0,72746.0,0.19,0.94
Castor,Silty,Kharif,5.6,7.3,44,56,30,410,1069,19,36,Flood,3.41,25804.0,27761.0,68859.0,0.52,0.81
Castor,Silty,Rabi,5.8,7.7,86,85,53,385,1326,20,35,Flood,4.08,25804.0,27761.0,87459.0,0.13,0.73
Castor,Silty,Summer,5.1,6.5,173,84,107,514,867,19,30,Drip,3.89,25804.0,27761.0,82184.0,0.41,0.61
Castor,Silty,All,5.8,7.3,70,31,81,637,970,19,37,Rainfed,4.55,25804.0,27761.0,100506.0,0.49,0.83
Castor,Peaty,Kharif,5.5,7.1,51,87,74,417,1110,22,38,Sprinkler,4.07,25804.0,27761.0,87181.0,0.47,0.87
Castor,Peaty,Rabi,5.7,6.6,74,52,81,692,1130,11,25,Flood,3.55,25804.0,27761.0,72746.0,0.1,0.86
Castor,Peaty,Summer,5.0,7.3,173,20,68,635,1045,21,36,Flood,3.71,25804.0,27761.0,77187.0,0.18,0.83
Castor,Peaty,All,5.3,7.8,148,66,98,441,1337,16,29,Flood,4.01,25804.0,27761.0,85516.0,0.38,0.66
Cotton,Sandy,Kharif,5.6,7.7,141,37,129,742,1617,11,24,Flood,4.78,34690.0,35220.0,133664.0,0.57,0.64
Cotton,Sandy,Rabi,5.5,7.7,180,26,40,499,1350,10,21,Drip,4.25,34690.0,35220.0,114997.0,0.4,0.63
Cotton,Sandy,Summer,5.3,7.1,49,69,139,505,1333,20,38,Sprinkler,4.66,34690.0,35220.0,129438.0,0.4,0.93
Cotton,Sandy,All,5.8,7.5,152,21,45,735,1607,22,40,Sprinkler,3.77,34690.0,35220.0,98092.0,0.49,0.78
Cotton,Loamy,Kharif,5.7,7.4,49,66,50,635,835,12,23,Sprinkler,4.78,34690.0,35220.0,133664.0,0.28,0.74
Cotton,Loamy,Rabi,5.6,7.3,57,31,90,445,1388,18,33,Sprinkler,5.09,34690.0,35220.0,144583.0,0.24,0.81
Cotton,Loamy,Summer,5.2,7.9,41,53,42,508,1226,11,29,Rainfed,4.3,34690.0,35220.0,116758.0,0.27,0.64
Cotton,Loamy,All,5.5,6.9,177,52,108,526,1112,19,36,Drip,4.74,34690.0,35220.0,132255.0,0.58,0.76
Cotton,Clay,Kharif,5.5,7.4,47,81,34,432,701,16,29,Drip,4.81,34690.0,35220.0,134721.0,0.31,0.72
Cotton,Clay,Rabi,5.5,7.6,107,51,56,347,955,20,35,Rainfed,4.39,34690.0,35220.0,119928.0,0.19,0.71
Cotton,Clay,Summer,5.2,7.4,86,44,83,677,1081,13,26,Sprinkler,3.79,34690.0,35220.0,98796.0,0.2,0.69
Cotton,Clay,All,5.6,6.7,67,35,137,340,1232,20,37,Rainfed,4.75,34690.0,35220.0,132608.0,0.37,0.61
Cotton,Silty,Kharif,5.5,7.4,166,55,82,393,1375,18,32,Flood,3.82,34690.0,35220.0,99853.0,0.39,0.62
Cotton,Silty,Rabi,5.8,7.2,178,24,84,477,1080,20,32,Flood,5.11,34690.0,35220.0,145287.0,0.45,0.76
Cotton,Silty,Summer,5.7,6.5,93,68,94,351,884,15,29,Drip,4.38,34690.0,35220.0,119576.0,0.22,0.76
Cotton,Silty,All,5.6,7.0,167,74,46,514,1431,22,37,Sprinkler,4.9,34690.0,35220.0,137891.0,0.24,0.66
Cotton,Peaty,Kharif,5.1,7.4,98,32,112,438,879,18,34,Flood,3.77,34690.0,35220.0,98092.0,0.5,0.86
Cotton,Peaty,Rabi,5.5,6.5,147,83,37,757,1602,18,36,Sprinkler,4.79,34690.0,35220.0,134016.0,0.25,0.8
Cotton,Peaty,Summer,5.6,7.1,81,27,47,716,1176,17,28,Flood,4.72,34690.0,35220.0,131551.0,0.23,0.73
Cotton,Peaty,All,5.6,7.7,128,22,72,362,921,20,33,Drip,5.12,34690.0,35220.0,145639.0,0.24,0.71
Jute,Sandy,Kharif,5.1,7.4,158,38,131,385,1240,22,37,Flood,4.27,20067.0,49188.0,189964.0,0.39,0.9
Jute,Sandy,Rabi,5.1,6.7,98,60,60,634,1132,21,35,Flood,3.68,20067.0,49188.0,160944.0,0.32,0.9
Jute,Sandy,Summer,5.4,7.4,155,72,41,394,617,12,25,Sprinkler,4.77,20067.0,49188.0,214558.0,0.45,0.63
Jute,Sandy,All,5.2,6.7,56,80,90,327,553,22,38,Rainfed,3.41,20067.0,49188.0,147663.0,0.41,0.63
Jute,Loamy,Kharif,5.9,7.1,98,51,114,445,1098,20,32,Drip,4.1,20067.0,49188.0,181603.0,0.19,0.61
Jute,Loamy,Rabi,5.4,7.9,161,79,131,576,1054,18,35,Drip,4.81,20067.0,49188.0,216526.0,0.45,0.66
Jute,Loamy,Summer,5.6,7.4,151,87,101,627,1373,14,29,Flood,4.12,20067.0,49188.0,182586.0,0.5,0.75
Jute,Loamy,All,5.4,6.9,117,21,20,567,1543,12,27,Sprinkler,4.0,20067.0,49188.0,176684.0,0.1,0.92
Jute,Clay,Kharif,5.9,7.2,42,75,122,449,1260,13,23,Sprinkler,3.55,20067.0,49188.0,154549.0,0.54,0.75
Jute,Clay,Rabi,5.2,7.6,139,68,48,434,715,16,29,Sprinkler,3.7,20067.0,49188.0,161927.0,0.47,0.88
Jute,Clay,Summer,5.4,7.8,86,37,57,356,1208,17,34,Sprinkler,4.38,20067.0,49188.0,195375.0,0.35,0.71
Jute,Clay,All,5.2,8.0,45,43,33,444,919,12,29,Rainfed,3.62,20067.0,49188.0,157992.0,0.18,0.77
Jute,Silty,Kharif,5.3,7.0,167,67,79,656,888,15,26,Drip,3.33,20067.0,49188.0,143728.0,0.49,0.62
Jute,Silty,Rabi,5.5,6.8,104,68,126,306,630,22,35,Flood,4.49,20067.0,49188.0,200786.0,0.32,0.86
Jute,Silty,Summer,5.0,7.2,64,86,105,406,1090,16,30,Sprinkler,3.5,20067.0,49188.0,152090.0,0.46,0.86
Jute,Silty,All,5.5,6.7,163,58,45,484,737,20,33,Rainfed,3.62,20067.0,49188.0,157992.0,0.32,0.61
Jute,Peaty,Kharif,5.8,7.4,141,51,21,796,1039,19,36,Drip,3.84,20067.0,49188.0,168814.0,0.14,0.66
Jute,Peaty,Rabi,5.1,7.4,55,27,65,630,987,21,39,Rainfed,3.45,20067.0,49188.0,149631.0,0.22,0.94
Jute,Peaty,Summer,5.8,7.6,152,44,22,652,1238,15,27,Sprinkler,4.7,20067.0,49188.0,211115.0,0.34,0.75
Jute,Peaty,All,5.3,7.5,88,43,89,478,1009,21,38,Sprinkler,4.65,20067.0,49188.0,208656.0,0.4,0.9
Sugarcane,Sandy,Kharif,5.8,7.3,156,20,119,626,1344,16,28,Rainfed,2.41,20133.0,37495.0,70229.0,0.28,0.82
Sugarcane,Sandy,Rabi,5.3,6.6,177,69,44,568,1467,17,35,Drip,2.41,20133.0,37495.0,70229.0,0.26,0.82
Sugarcane,Sandy,Summer,5.1,7.3,57,25,126,780,1112,12,22,Drip,1.94,20133.0,37495.0,52606.0,0.2,0.61
Sugarcane,Sandy,All,5.6,7.1,165,87,99,659,1463,14,24,Sprinkler,2.04,20133.0,37495.0,56356.0,0.46,0.6
Sugarcane,Loamy,Kharif,5.9,7.5,60,79,122,627,889,15,33,Flood,2.6,20133.0,37495.0,77353.0,0.5,0.62
Sugarcane,Loamy,Rabi,5.6,7.3,58,58,29,783,1204,18,29,Rainfed,2.51,20133.0,37495.0,73978.0,0.37,0.67
Sugarcane,Loamy,Summer,5.5,6.9,85,73,115,354,1338,20,35,Flood,2.49,20133.0,37495.0,73228.0,0.31,0.64
Sugarcane,Loamy,All,5.8,7.3,169,63,104,380,1126,19,36,Sprinkler,2.67,20133.0,37495.0,79977.0,0.38,0.95
Sugarcane,Clay,Kharif,5.8,7.1,150,61,97,423,1199,18,31,Flood,2.55,20133.0,37495.0,75478.0,0.56,0.69
Sugarcane,Clay,Rabi,6.0,7.2,141,20,112,317,808,19,29,Drip,2.76,20133.0,37495.0,83352.0,0.25,0.71
Sugarcane,Clay,Summer,5.2,7.8,45,55,137,583,1306,18,30,Rainfed,1.88,20133.0,37495.0,50356.0,0.28,0.65
Sugarcane,Clay,All,5.4,7.4,99,52,123,453,747,19,35,Drip,2.52,20133.0,37495.0,74353.0,0.46,0.88
Sugarcane,Silty,Kharif,5.2,7.7,64,58,24,674,1464,16,27,Rainfed,2.69,20133.0,37495.0,80727.0,0.27,0.91
Sugarcane,Silty,Rabi,5.4,7.9,70,49,115,634,1450,10,26,Rainfed,2.12,20133.0,37495.0,59355.0,0.12,0.79
Sugarcane,Silty,Summer,5.1,7.3,96,39,26,644,1593,16,33,Rainfed,2.05,20133.0,37495.0,56731.0,0.24,0.74
Sugarcane,Silty,All,5.1,6.6,52,90,71,434,721,16,34,Flood,2.55,20133.0,37495.0,75478.0,0.17,0.65
Sugarcane,Peaty,Kharif,5.6,7.2,90,87,51,424,697,14,30,Sprinkler,2.47,20133.0,37495.0,72478.0,0.39,0.64
Sugarcane,Peaty,Rabi,5.4,7.0,88,61,64,604,1475,10,24,Drip,2.75,20133.0,37495.0,82977.0,0.41,0.95
Sugarcane,Peaty,Summer,5.4,6.7,51,49,45,650,1232,12,23,Rainfed,2.52,20133.0,37495.0,74353.0,0.22,0.82
Sugarcane,Peaty,All,5.1,7.7,113,21,63,655,968,14,31,Flood,1.86,20133.0,37495.0,49607.0,0.2,0.79
Sugarbeet,Sandy,Kharif,5.5,7.6,76,22,68,598,1477,18,28,Sprinkler,2.19,14984.0,37117.0,66302.0,0.24,0.88
Sugarbeet,Sandy,Rabi,5.6,6.6,42,28,69,638,1115,20,35,Rainfed,2.03,14984.0,37117.0,60363.0,0.53,0.83
Sugarbeet,Sandy,Summer,5.2,7.1,65,60,82,743,1554,18,29,Drip,2.22,14984.0,37117.0,67415.0,0.58,0.8
Sugarbeet,Sandy,All,5.7,6.6,175,59,62,550,1152,21,33,Rainfed,2.36,14984.0,37117.0,72612.0,0.28,0.82
Sugarbeet,Loamy,Kharif,5.2,8.0,168,55,123,331,1171,14,30,Rainfed,2.97,14984.0,37117.0,95253.0,0.57,0.68
Sugarbeet,Loamy,Rabi,5.3,7.1,75,31,113,495,1228,20,33,Flood,2.26,14984.0,37117.0,68900.0,0.18,0.94
Sugarbeet,Loamy,Summer,5.9,7.0,178,36,46,634,975,19,37,Drip,2.88,14984.0,37117.0,91913.0,0.25,0.85
Sugarbeet,Loamy,All,5.5,6.7,77,40,60,334,1104,18,29,Drip,2.34,14984.0,37117.0,71869.0,0.54,0.85
Sugarbeet,Clay,Kharif,5.8,7.8,145,72,58,526,1489,20,34,Drip,2.8,14984.0,37117.0,88943.0,0.15,0.66
Sugarbeet,Clay,Rabi,5.8,7.4,108,49,96,418,854,20,30,Sprinkler,2.1,14984.0,37117.0,62961.0,0.49,0.65
Sugarbeet,Clay,Summer,5.8,7.2,135,43,129,498,1201,17,29,Drip,2.21,14984.0,37117.0,67044.0,0.12,0.87
Sugarbeet,Clay,All,5.0,6.9,145,48,115,643,1050,22,35,Rainfed,2.19,14984.0,37117.0,66302.0,0.58,0.75
Sugarbeet,Silty,Kharif,5.6,7.5,157,51,74,507,1501,10,26,Sprinkler,2.41,14984.0,37117.0,74468.0,0.57,0.8
Sugarbeet,Silty,Rabi,5.5,7.5,49,86,33,531,1198,10,23,Flood,3.01,14984.0,37117.0,96738.0,0.12,0.74
Sugarbeet,Silty,Summer,5.8,7.9,88,57,76,503,1014,22,36,Flood,2.18,14984.0,37117.0,65931.0,0.25,0.92
Sugarbeet,Silty,All,5.7,7.9,158,77,31,669,1381,11,23,Drip,2.41,14984.0,37117.0,74468.0,0.26,0.61
Sugarbeet,Peaty,Kharif,5.5,7.8,91,78,31,428,959,21,33,Rainfed,2.11,14984.0,37117.0,63333.0,0.45,0.82
Sugarbeet,Peaty,Rabi,5.1,7.6,170,40,68,581,1170,10,22,Sprinkler,2.58,14984.0,37117.0,80777.0,0.43,0.65
Sugarbeet,Peaty,Summer,5.9,6.8,53,73,59,458,1405,22,39,Sprinkler,2.65,14984.0,37117.0,83376.0,0.16,0.65
Sugarbeet,Peaty,All,5.2,7.4,104,21,78,554,1264,18,28,Flood,2.25,14984.0,37117.0,68529.0,0.39,0.77
Potato,Sandy,Kharif,5.2,7.3,93,26,43,375,631,20,35,Rainfed,3.05,24203.0,15811.0,24022.0,0.12,0.8
Potato,Sandy,Rabi,5.6,7.0,62,26,33,513,895,12,26,Drip,4.21,24203.0,15811.0,42363.0,0.47,0.73
Potato,Sandy,Summer,5.0,7.7,122,67,134,494,763,22,38,Rainfed,3.26,24203.0,15811.0,27343.0,0.17,0.84
Potato,Sandy,All,5.3,7.3,174,46,109,407,1233,10,21,Rainfed,3.53,24203.0,15811.0,31612.0,0.44,0.93
Potato,Loamy,Kharif,6.0,6.9,121,53,87,594,1432,15,27,Flood,3.58,24203.0,15811.0,32402.0,0.42,0.77
Potato,Loamy,Rabi,5.2,7.4,114,44,20,360,584,17,28,Drip,3.98,24203.0,15811.0,38727.0,0.6,0.74
Potato,Loamy,Summer,5.3,7.3,94,21,101,403,1309,14,28,Rainfed,3.28,24203.0,15811.0,27659.0,0.35,0.71
Potato,Loamy,All,5.0,7.5,127,70,112,591,1421,10,22,Drip,3.31,24203.0,15811.0,28133.0,0.27,0.84
Potato,Clay,Kharif,5.9,7.7,74,81,39,621,1292,18,33,Flood,3.95,24203.0,15811.0,38252.0,0.31,0.86
Potato,Clay,Rabi,5.8,6.9,120,88,22,406,1197,20,35,Sprinkler,2.93,24203.0,15811.0,22125.0,0.17,0.89
Potato,Clay,Summer,5.3,7.1,176,41,93,610,1208,12,23,Sprinkler,3.84,24203.0,15811.0,36513.0,0.26,0.61
Potato,Clay,All,5.4,7.2,100,67,77,724,1233,13,31,Sprinkler,3.09,24203.0,15811.0,24655.0,0.29,0.61
Potato,Silty,Kharif,5.2,6.6,169,23,122,547,1259,12,25,Sprinkler,4.15,24203.0,15811.0,41415.0,0.47,0.78
Potato,Silty,Rabi,5.8,6.7,65,86,106,367,777,21,31,Flood,3.39,24203.0,15811.0,29398.0,0.53,0.64
Potato,Silty,Summer,5.3,6.6,62,62,79,755,1002,11,29,Sprinkler,2.87,24203.0,15811.0,21176.0,0.48,0.82
Potato,Silty,All,5.2,6.8,113,55,88,463,1454,17,28,Sprinkler,3.05,24203.0,15811.0,24022.0,0.24,0.61
Potato,Peaty,Kharif,5.6,7.3,92,89,64,581,1107,14,26,Sprinkler,3.66,24203.0,15811.0,33667.0,0.19,0.71
Potato,Peaty,Rabi,5.9,7.3,52,36,23,541,1432,10,21,Flood,2.92,24203.0,15811.0,21967.0,0.31,0.66
Potato,Peaty,Summer,5.6,7.4,154,65,59,470,872,21,39,Rainfed,4.22,24203.0,15811.0,42522.0,0.48,0.76
Potato,Peaty,All,5.1,7.7,159,32,78,458,1358,20,37,Flood,3.17,24203.0,15811.0,25919.0,0.21,0.9
Sweet Potato,Sandy,Kharif,5.7,7.5,123,78,82,315,581,17,28,Sprinkler,4.55,18586.0,55817.0,235383.0,0.52,0.7
Sweet Potato,Sandy,Rabi,5.3,7.4,170,33,71,718,1649,22,33,Sprinkler,4.69,18586.0,55817.0,243197.0,0.14,0.71
Sweet Potato,Sandy,Summer,5.5,7.4,101,51,90,381,1074,16,27,Sprinkler,4.05,18586.0,55817.0,207474.0,0.45,0.75
Sweet Potato,Sandy,All,6.0,7.4,127,89,108,420,797,20,31,Flood,3.88,18586.0,55817.0,197985.0,0.4,0.71
Sweet Potato,Loamy,Kharif,5.1,7.2,118,71,28,606,917,20,36,Sprinkler,4.57,18586.0,55817.0,236499.0,0.43,0.63
Sweet Potato,Loamy,Rabi,5.8,7.8,40,38,104,376,1039,18,32,Flood,4.8,18586.0,55817.0,249337.0,0.32,0.67
Sweet Potato,Loamy,Summer,5.9,6.9,117,75,111,768,1320,11,21,Flood,5.22,18586.0,55817.0,272781.0,0.53,0.62
Sweet Potato,Loamy,All,5.9,8.0,40,65,34,740,1228,10,23,Flood,4.96,18586.0,55817.0,258268.0,0.3,0.71
Sweet Potato,Clay,Kharif,5.4,7.1,179,47,104,388,1074,12,25,Flood,5.21,18586.0,55817.0,272222.0,0.28,0.75
Sweet Potato,Clay,Rabi,5.3,7.8,72,37,21,336,1199,10,22,Flood,4.87,18586.0,55817.0,253244.0,0.59,0.65
Sweet Potato,Clay,Summer,5.1,7.7,156,74,99,392,1057,18,34,Flood,4.37,18586.0,55817.0,225336.0,0.21,0.75
Sweet Potato,Clay,All,5.0,7.2,100,84,54,510,1269,19,34,Rainfed,5.46,18586.0,55817.0,286177.0,0.38,0.85
Sweet Potato,Silty,Kharif,5.1,7.2,60,38,113,674,1413,22,36,Flood,4.62,18586.0,55817.0,239290.0,0.36,0.81
Sweet Potato,Silty,Rabi,5.2,7.4,59,89,122,596,1115,19,29,Sprinkler,4.65,18586.0,55817.0,240965.0,0.11,0.76
Sweet Potato,Silty,Summer,5.9,7.4,124,73,65,791,1292,14,26,Rainfed,4.94,18586.0,55817.0,257152.0,0.4,0.71
Sweet Potato,Silty,All,5.8,6.9,161,41,93,326,1198,14,24,Sprinkler,4.56,18586.0,55817.0,235941.0,0.16,0.63
Sweet Potato,Peaty,Kharif,5.8,6.9,111,55,129,431,645,21,32,Drip,5.34,18586.0,55817.0,279479.0,0.47,0.83
Sweet Potato,Peaty,Rabi,5.4,6.8,100,82,43,709,1449,10,25,Rainfed,5.44,18586.0,55817.0,285060.0,0.4,0.89
Sweet Potato,Peaty,Summer,5.8,7.6,145,69,50,638,1288,21,33,Drip,4.73,18586.0,55817.0,245430.0,0.52,0.62
Sweet Potato,Peaty,All,5.3,7.7,53,41,79,504,1191,14,31,Drip,4.36,18586.0,55817.0,224778.0,0.45,0.77
Cassava,Sandy,Kharif,5.9,7.2,120,87,107,789,1031,11,29,Sprinkler,2.63,8320.0,53773.0,133104.0,0.32,0.92
Cassava,Sandy,Rabi,5.9,7.0,108,32,52,635,1433,16,33,Drip,2.43,8320.0,53773.0,122349.0,0.39,0.67
Cassava,Sandy,Summer,5.3,7.5,86,60,90,305,1193,10,21,Rainfed,2.15,8320.0,53773.0,107292.0,0.36,0.84
Cassava,Sandy,All,5.4,7.6,104,44,24,312,1146,11,21,Drip,2.63,8320.0,53773.0,133104.0,0.42,0.85
Cassava,Loamy,Kharif,5.1,7.8,73,68,104,691,1554,19,31,Rainfed,2.4,8320.0,53773.0,120736.0,0.23,0.76
Cassava,Loamy,Rabi,5.9,7.5,110,74,108,762,1645,22,37,Sprinkler,1.92,8320.0,53773.0,94924.0,0.14,0.87
Cassava,Loamy,Summer,5.4,7.0,55,53,124,435,817,17,28,Flood,2.65,8320.0,53773.0,134179.0,0.2,0.74
Cassava,Loamy,All,5.6,6.7,178,75,47,614,1472,11,28,Sprinkler,1.87,8320.0,53773.0,92236.0,0.14,0.8
Cassava,Clay,Kharif,5.3,7.2,167,39,103,627,827,10,26,Sprinkler,1.92,8320.0,53773.0,94924.0,0.26,0.74
Cassava,Clay,Rabi,5.0,7.6,165,81,75,506,1451,22,33,Drip,1.78,8320.0,53773.0,87396.0,0.58,0.89
Cassava,Clay,Summer,5.5,7.4,131,62,107,455,1065,10,21,Sprinkler,2.26,8320.0,53773.0,113207.0,0.58,0.63
Cassava,Clay,All,5.5,7.6,91,42,90,320,913,20,33,Sprinkler,2.4,8320.0,53773.0,120736.0,0.55,0.82
Cassava,Silty,Kharif,5.4,6.6,152,44,37,318,715,10,23,Flood,2.13,8320.0,53773.0,106217.0,0.5,0.83
Cassava,Silty,Rabi,5.5,7.9,155,22,24,473,730,15,25,Flood,1.89,8320.0,53773.0,93311.0,0.5,0.83
Cassava,Silty,Summer,5.5,7.5,177,39,114,596,1034,11,21,Drip,2.22,8320.0,53773.0,111056.0,0.11,0.92
Cassava,Silty,All,5.6,6.9,73,21,42,623,874,14,25,Flood,2.32,8320.0,53773.0,116434.0,0.52,0.62
Cassava,Peaty,Kharif,5.8,6.7,96,28,122,403,1039,15,31,Sprinkler,1.89,8320.0,53773.0,93311.0,0.44,0.79
Cassava,Peaty,Rabi,5.3,7.9,94,25,95,388,931,11,22,Sprinkler,1.91,8320.0,53773.0,94387.0,0.31,0.84
Cassava,Peaty,Summer,5.6,7.2,50,37,32,705,1552,19,35,Drip,1.79,8320.0,53773.0,87934.0,0.34,0.6
Cassava,Peaty,All,5.2,6.6,112,73,108,713,1704,17,29,Drip,1.91,8320.0,53773.0,94387.0,0.24,0.76
Yam,Sandy,Kharif,5.6,7.6,62,58,64,514,718,18,31,Drip,2.28,26675.0,20378.0,19787.0,0.37,0.63
Yam,Sandy,Rabi,5.4,7.6,178,84,48,537,1525,20,33,Sprinkler,2.21,26675.0,20378.0,18361.0,0.16,0.65
Yam,Sandy,Summer,5.8,7.9,167,42,40,643,887,10,25,Sprinkler,2.38,26675.0,20378.0,21825.0,0.23,0.82
Yam,Sandy,All,5.9,7.2,66,26,138,575,955,12,22,Flood,2.71,26675.0,20378.0,28550.0,0.14,0.68
Yam,Loamy,Kharif,5.4,7.4,147,45,115,646,1179,13,24,Sprinkler,2.4,26675.0,20378.0,22233.0,0.22,0.74
Yam,Loamy,Rabi,5.2,7.8,58,80,94,548,803,16,28,Drip,3.16,26675.0,20378.0,37720.0,0.33,0.74
Yam,Loamy,Summer,5.1,7.6,131,54,45,471,801,10,20,Sprinkler,2.3,26675.0,20378.0,20195.0,0.53,0.76
Yam,Loamy,All,5.2,7.0,115,40,121,706,1559,19,31,Drip,2.25,26675.0,20378.0,19176.0,0.53,0.77
Yam,Clay,Kharif,6.0,7.4,158,55,21,673,1311,21,34,Drip,2.51,26675.0,20378.0,24474.0,0.39,0.91
Yam,Clay,Rabi,5.6,6.7,41,73,25,320,1001,21,39,Rainfed,2.62,26675.0,20378.0,26716.0,0.3,0.88
Yam,Clay,Summer,5.7,6.6,166,50,30,585,1556,10,26,Drip,2.3,26675.0,20378.0,20195.0,0.25,0.83
Yam,Clay,All,5.1,7.2,118,40,110,535,1319,21,31,Flood,2.66,26675.0,20378.0,27531.0,0.17,0.85
Yam,Silty,Kharif,5.2,7.8,158,20,130,621,893,16,31,Rainfed,2.48,26675.0,20378.0,23863.0,0.48,0.84
Yam,Silty,Rabi,5.6,7.4,93,30,99,750,1293,21,31,Sprinkler,3.11,26675.0,20378.0,36701.0,0.16,0.73
Yam,Silty,Summer,5.6,7.0,84,28,91,663,1655,13,25,Sprinkler,2.41,26675.0,20378.0,22437.0,0.16,0.77
Yam,Silty,All,5.9,7.4,93,48,61,480,953,18,34,Sprinkler,2.22,26675.0,20378.0,18565.0,0.29,0.76
Yam,Peaty,Kharif,5.5,7.7,160,88,106,722,1467,14,31,Sprinkler,3.02,26675.0,20378.0,34867.0,0.57,0.88
Yam,Peaty,Rabi,5.9,6.6,157,31,30,500,883,14,25,Rainfed,2.33,26675.0,20378.0,20806.0,0.16,0.65
Yam,Peaty,Summer,5.2,6.8,45,57,73,796,1694,18,30,Flood,2.53,26675.0,20378.0,24882.0,0.32,0.83
Yam,Peaty,All,5.3,6.6,99,86,102,471,1092,19,34,Sprinkler,2.68,26675.0,20378.0,27939.0,0.43,0.79
Onion,Sandy,Kharif,5.9,7.0,106,49,81,490,985,22,32,Drip,3.99,23316.0,33984.0,112282.0,0.33,0.66
Onion,Sandy,Rabi,5.9,7.6,113,43,42,729,1654,21,33,Drip,3.8,23316.0,33984.0,105825.0,0.12,0.71
Onion,Sandy,Summer,5.1,6.9,87,46,91,662,897,20,35,Sprinkler,3.64,23316.0,33984.0,100387.0,0.32,0.94
Onion,Sandy,All,5.5,6.7,46,71,139,555,1541,12,29,Sprinkler,3.66,23316.0,33984.0,101067.0,0.59,0.79
Onion,Loamy,Kharif,5.5,7.5,115,80,134,448,1420,19,31,Flood,3.97,23316.0,33984.0,111602.0,0.16,0.77
Onion,Loamy,Rabi,5.0,7.5,69,59,23,505,1337,13,30,Sprinkler,3.55,23316.0,33984.0,97329.0,0.13,0.82
Onion,Loamy,Summer,5.6,6.8,111,45,22,342,1093,17,28,Flood,3.72,23316.0,33984.0,103106.0,0.26,0.81
Onion,Loamy,All,5.9,7.9,132,70,38,666,1303,15,31,Sprinkler,3.41,23316.0,33984.0,92571.0,0.27,0.71
Onion,Clay,Kharif,5.4,7.3,95,76,114,512,1165,14,26,Flood,4.63,23316.0,33984.0,134032.0,0.31,0.89
Onion,Clay,Rabi,5.6,6.7,117,80,131,568,1111,11,27,Rainfed,3.41,23316.0,33984.0,92571.0,0.42,0.7
Onion,Clay,Summer,5.2,7.2,75,45,43,726,1316,14,32,Flood,3.47,23316.0,33984.0,94610.0,0.51,0.89
Onion,Clay,All,5.3,7.3,158,48,23,705,907,12,26,Sprinkler,5.02,23316.0,33984.0,147286.0,0.52,0.77
Onion,Silty,Kharif,5.7,7.8,146,42,82,764,1668,20,33,Rainfed,3.6,23316.0,33984.0,99028.0,0.24,0.95
Onion,Silty,Rabi,5.1,7.6,163,75,131,432,1275,20,37,Rainfed,4.03,23316.0,33984.0,113641.0,0.47,0.61
Onion,Silty,Summer,5.3,7.4,77,60,79,749,1658,12,27,Drip,3.48,23316.0,33984.0,94950.0,0.28,0.82
Onion,Silty,All,6.0,6.6,114,87,101,779,1057,18,31,Drip,4.69,23316.0,33984.0,136071.0,0.4,0.66
Onion,Peaty,Kharif,5.3,7.0,117,54,107,657,1561,15,26,Sprinkler,4.79,23316.0,33984.0,139469.0,0.11,0.78
Onion,Peaty,Rabi,5.4,7.2,127,40,33,411,769,18,31,Drip,4.74,23316.0,33984.0,137770.0,0.38,0.84
Onion,Peaty,Summer,6.0,7.8,69,73,78,769,1047,11,23,Rainfed,4.21,23316.0,33984.0,119758.0,0.26,0.73
Onion,Peaty,All,5.8,7.8,173,63,42,663,1174,10,21,Drip,3.61,23316.0,33984.0,99368.0,0.45,0.84
Garlic,Sandy,Kharif,5.4,7.6,68,29,22,696,1391,22,38,Rainfed,2.67,34490.0,22072.0,24443.0,0.12,0.83
Garlic,Sandy,Rabi,5.6,7.2,104,25,28,454,1337,10,21,Rainfed,3.55,34490.0,22072.0,43867.0,0.2,0.92
Garlic,Sandy,Summer,5.2,7.0,63,38,128,682,1166,19,34,Sprinkler,2.62,34490.0,22072.0,23340.0,0.35,0.85
Garlic,Sandy,All,5.2,7.4,65,21,87,411,1343,13,27,Drip,3.53,34490.0,22072.0,43426.0,0.37,0.94
Garlic,Loamy,Kharif,5.1,6.8,169,80,66,657,1460,12,29,Rainfed,2.65,34490.0,22072.0,24002.0,0.28,0.73
Garlic,Loamy,Rabi,5.2,6.8,68,60,35,538,850,18,30,Flood,3.36,34490.0,22072.0,39673.0,0.45,0.79
Garlic,Loamy,Summer,5.0,7.0,69,69,56,533,1347,21,35,Flood,2.7,34490.0,22072.0,25105.0,0.3,0.94
Garlic,Loamy,All,5.4,7.8,161,67,42,306,1196,17,28,Flood,2.96,34490.0,22072.0,30844.0,0.43,0.63
Garlic,Clay,Kharif,5.1,7.1,66,41,28,486,889,15,28,Flood,2.58,34490.0,22072.0,22457.0,0.52,0.85
Garlic,Clay,Rabi,5.3,7.6,109,71,65,543,1425,19,35,Flood,3.05,34490.0,22072.0,32831.0,0.17,0.76
Garlic,Clay,Summer,5.1,7.2,99,37,23,350,1305,10,21,Flood,3.25,34490.0,22072.0,37245.0,0.59,0.73
Garlic,Clay,All,5.7,6.7,64,29,104,684,1416,22,39,Flood,2.68,34490.0,22072.0,24664.0,0.43,0.77
Garlic,Silty,Kharif,5.3,7.0,178,89,22,787,1769,10,26,Rainfed,2.9,34490.0,22072.0,29520.0,0.26,0.73
Garlic,Silty,Rabi,5.5,6.5,117,41,82,520,857,14,30,Flood,3.36,34490.0,22072.0,39673.0,0.38,0.77
Garlic,Silty,Summer,5.6,7.3,160,80,91,737,1097,18,28,Flood,2.75,34490.0,22072.0,26209.0,0.4,0.73
Garlic,Silty,All,5.7,7.6,112,61,27,314,1118,10,22,Sprinkler,2.85,34490.0,22072.0,28416.0,0.47,0.61
Garlic,Peaty,Kharif,5.9,7.0,64,74,64,482,1103,15,25,Drip,2.73,34490.0,22072.0,25768.0,0.42,0.81
Garlic,Peaty,Rabi,5.9,6.6,118,34,63,386,606,18,33,Rainfed,2.99,34490.0,22072.0,31506.0,0.53,0.8
Garlic,Peaty,Summer,5.9,6.9,160,22,60,493,1277,16,31,Rainfed,3.41,34490.0,22072.0,40777.0,0.15,0.84
Garlic,Peaty,All,5.3,7.3,126,41,98,453,1025,16,29,Flood,3.2,34490.0,22072.0,36142.0,0.59,0.63
Ginger,Sandy,Kharif,5.3,7.4,97,31,111,732,1524,11,26,Sprinkler,4.76,15159.0,22276.0,90874.0,0.5,0.77
Ginger,Sandy,Rabi,5.2,7.7,117,84,122,453,1096,20,38,Sprinkler,5.06,15159.0,22276.0,97557.0,0.3,0.82
Ginger,Sandy,Summer,5.5,7.6,86,22,100,660,1388,12,29,Drip,6.12,15159.0,22276.0,121169.0,0.51,0.93
Ginger,Sandy,All,5.3,7.5,151,27,86,402,975,17,29,Drip,4.95,15159.0,22276.0,95106.0,0.44,0.71
Ginger,Loamy,Kharif,5.4,7.0,56,46,128,511,984,14,26,Sprinkler,6.18,15159.0,22276.0,122506.0,0.22,0.68
Ginger,Loamy,Rabi,5.1,6.5,119,79,82,586,1232,16,26,Drip,4.97,15159.0,22276.0,95552.0,0.17,0.69
Ginger,Loamy,Summer,5.8,7.5,85,25,112,548,768,10,21,Sprinkler,5.99,15159.0,22276.0,118273.0,0.53,0.92
Ginger,Loamy,All,5.4,7.0,63,70,140,729,1670,12,25,Rainfed,5.91,15159.0,22276.0,116491.0,0.35,0.64
Ginger,Clay,Kharif,5.7,7.4,174,52,83,752,1044,13,24,Sprinkler,5.36,15159.0,22276.0,104239.0,0.39,0.74
Ginger,Clay,Rabi,5.7,6.9,148,47,38,354,733,13,27,Flood,5.54,15159.0,22276.0,108249.0,0.53,0.62
Ginger,Clay,Summer,5.5,7.5,68,60,89,516,1202,20,33,Sprinkler,6.62,15159.0,22276.0,132307.0,0.57,0.73
Ginger,Clay,All,5.7,7.7,45,24,127,678,1556,22,32,Drip,5.18,15159.0,22276.0,100230.0,0.29,0.82
Ginger,Silty,Kharif,5.7,7.9,71,88,130,421,1074,16,26,Flood,6.74,15159.0,22276.0,134980.0,0.56,0.71
Ginger,Silty,Rabi,5.9,7.6,116,46,130,755,1119,17,32,Flood,6.42,15159.0,22276.0,127852.0,0.24,0.63
Ginger,Silty,Summer,5.8,7.2,145,62,111,516,818,12,26,Rainfed,5.41,15159.0,22276.0,105353.0,0.4,0.88
Ginger,Silty,All,5.7,7.2,47,26,102,628,1016,20,37,Drip,4.61,15159.0,22276.0,87532.0,0.2,0.71
Ginger,Peaty,Kharif,5.6,6.7,103,86,111,796,1782,20,32,Flood,6.42,15159.0,22276.0,127852.0,0.26,0.77
Ginger,Peaty,Rabi,5.7,6.9,123,56,45,343,967,15,27,Flood,6.62,15159.0,22276.0,132307.0,0.57,0.91
Ginger,Peaty,Summer,5.2,7.9,98,31,79,401,869,21,33,Rainfed,5.52,15159.0,22276.0,107803.0,0.31,0.69
Ginger,Peaty,All,5.1,7.1,70,21,111,569,1214,22,39,Flood,4.87,15159.0,22276.0,93324.0,0.46,0.67
Turmeric,Sandy,Kharif,5.5,6.7,92,47,125,444,1388,20,33,Flood,5.07,15775.0,49542.0,235402.0,0.5,0.61
Turmeric,Sandy,Rabi,6.0,6.9,155,51,67,598,1498,20,37,Rainfed,4.67,15775.0,49542.0,215585.0,0.17,0.71
Turmeric,Sandy,Summer,5.7,7.5,138,74,114,605,1067,11,22,Rainfed,4.77,15775.0,49542.0,220540.0,0.57,0.76
Turmeric,Sandy,All,5.4,7.4,51,20,52,558,1392,16,30,Flood,6.21,15775.0,49542.0,291880.0,0.17,0.91
Turmeric,Loamy,Kharif,5.0,6.8,83,84,83,776,1323,17,29,Rainfed,5.39,15775.0,49542.0,251256.0,0.37,0.65
Turmeric,Loamy,Rabi,5.1,6.6,72,83,131,798,1285,21,36,Flood,5.31,15775.0,49542.0,247292.0,0.54,0.81
Turmeric,Loamy,Summer,5.8,6.9,120,75,134,384,907,21,38,Drip,5.94,15775.0,49542.0,278504.0,0.56,0.82
Turmeric,Loamy,All,5.4,6.8,53,49,43,318,999,14,26,Flood,5.66,15775.0,49542.0,264632.0,0.6,0.92
Turmeric,Clay,Kharif,5.0,7.0,164,78,83,357,1294,12,23,Sprinkler,4.87,15775.0,49542.0,225494.0,0.53,0.66
Turmeric,Clay,Rabi,5.2,7.3,109,47,94,797,1001,18,30,Flood,6.79,15775.0,49542.0,320614.0,0.22,0.77
Turmeric,Clay,Summer,5.1,7.0,112,35,70,491,1295,11,26,Drip,4.71,15775.0,49542.0,217567.0,0.33,0.85
Turmeric,Clay,All,5.5,7.4,108,20,62,796,1040,20,37,Sprinkler,6.85,15775.0,49542.0,323587.0,0.6,0.92
Turmeric,Silty,Kharif,5.8,6.7,52,56,61,708,964,21,32,Flood,4.86,15775.0,49542.0,224998.0,0.23,0.68
Turmeric,Silty,Rabi,5.8,7.1,45,46,40,498,1496,16,30,Drip,4.93,15775.0,49542.0,228466.0,0.35,0.75
Turmeric,Silty,Summer,5.8,7.0,73,65,105,349,925,18,31,Flood,5.68,15775.0,49542.0,265623.0,0.29,0.69
Turmeric,Silty,All,5.6,6.6,148,67,98,395,1039,20,36,Rainfed,4.74,15775.0,49542.0,219053.0,0.27,0.76
Turmeric,Peaty,Kharif,5.2,7.5,79,83,87,622,1484,18,29,Sprinkler,5.74,15775.0,49542.0,268595.0,0.14,0.88
Turmeric,Peaty,Rabi,5.3,8.0,116,51,86,518,1020,19,29,Rainfed,6.78,15775.0,49542.0,320119.0,0.36,0.78
Turmeric,Peaty,Summer,5.4,7.2,104,65,52,599,882,22,40,Rainfed,4.91,15775.0,49542.0,227476.0,0.43,0.66
Turmeric,Peaty,All,5.2,7.1,61,73,132,660,1164,15,32,Flood,6.1,15775.0,49542.0,286430.0,0.23,0.94
Tomato,Sandy,Kharif,5.7,7.4,67,75,88,309,514,16,27,Rainfed,5.09,12997.0,20985.0,93817.0,0.34,0.84
Tomato,Sandy,Rabi,5.9,7.9,164,58,99,716,1547,15,31,Sprinkler,4.89,12997.0,20985.0,89620.0,0.17,0.67
Tomato,Sandy,Summer,5.8,7.5,88,23,46,546,1410,12,25,Flood,6.66,12997.0,20985.0,126764.0,0.53,0.79
Tomato,Sandy,All,5.1,7.7,77,80,74,311,630,12,24,Flood,6.94,12997.0,20985.0,132640.0,0.34,0.9
Tomato,Loamy,Kharif,5.6,6.8,140,26,62,304,609,20,36,Flood,6.67,12997.0,20985.0,126974.0,0.47,0.81
Tomato,Loamy,Rabi,5.6,6.9,164,71,82,562,1367,21,38,Drip,6.36,12997.0,20985.0,120469.0,0.36,0.75
Tomato,Loamy,Summer,5.3,6.6,146,80,34,553,1390,20,35,Flood,6.32,12997.0,20985.0,119629.0,0.11,0.7
Tomato,Loamy,All,5.2,7.0,99,84,48,600,1501,15,32,Drip,6.75,12997.0,20985.0,128653.0,0.46,0.74
Tomato,Clay,Kharif,5.4,7.9,132,80,122,797,1162,19,32,Sprinkler,6.3,12997.0,20985.0,119209.0,0.14,0.77
Tomato,Clay,Rabi,5.2,6.7,165,32,121,512,1217,14,27,Drip,5.99,12997.0,20985.0,112704.0,0.6,0.73
Tomato,Clay,Summer,5.3,7.5,84,84,24,713,978,15,31,Rainfed,6.13,12997.0,20985.0,115642.0,0.16,0.68
Tomato,Clay,All,5.3,7.0,130,25,118,749,1519,14,26,Rainfed,6.34,12997.0,20985.0,120049.0,0.56,0.75
Tomato,Silty,Kharif,5.5,7.8,68,33,120,612,1436,22,33,Rainfed,5.87,12997.0,20985.0,110186.0,0.18,0.64
Tomato,Silty,Rabi,5.2,7.0,114,76,117,559,1269,21,32,Drip,6.2,12997.0,20985.0,117111.0,0.27,0.65
Tomato,Silty,Summer,5.8,7.2,146,20,51,727,1412,15,29,Drip,4.89,12997.0,20985.0,89620.0,0.29,0.86
Tomato,Silty,All,5.4,7.5,78,87,73,703,1136,12,28,Flood,6.84,12997.0,20985.0,130541.0,0.55,0.93
Tomato,Peaty,Kharif,5.5,7.5,47,76,38,694,904,21,39,Rainfed,4.88,12997.0,20985.0,89410.0,0.26,0.94
Tomato,Peaty,Rabi,5.2,6.6,49,39,135,594,853,20,38,Sprinkler,5.67,12997.0,20985.0,105989.0,0.54,0.85
Tomato,Peaty,Summer,5.9,7.6,120,64,21,723,1209,18,30,Flood,5.73,12997.0,20985.0,107248.0,0.2,0.79
Tomato,Peaty,All,5.8,7.5,128,71,119,401,909,11,21,Sprinkler,5.6,12997.0,20985.0,104520.0,0.46,0.91
Brinjal,Sandy,Kharif,5.5,7.0,127,40,22,314,1066,19,33,Drip,4.65,13771.0,37958.0,162734.0,0.25,0.75
Brinjal,Sandy,Rabi,5.5,7.6,135,53,100,559,1121,11,21,Rainfed,4.02,13771.0,37958.0,138820.0,0.39,0.6
Brinjal,Sandy,Summer,5.3,6.9,176,49,64,453,944,20,32,Flood,4.13,13771.0,37958.0,142995.0,0.22,0.71
Brinjal,Sandy,All,5.6,7.7,132,78,32,375,1303,16,32,Rainfed,3.43,13771.0,37958.0,116425.0,0.31,0.65
Brinjal,Loamy,Kharif,5.2,6.6,174,71,95,586,1317,22,38,Sprinkler,4.24,13771.0,37958.0,147171.0,0.42,0.95
Brinjal,Loamy,Rabi,5.7,7.9,146,40,38,558,888,17,34,Drip,4.87,13771.0,37958.0,171084.0,0.36,0.79
Brinjal,Loamy,Summer,5.7,7.2,48,40,140,586,1164,11,27,Rainfed,3.48,13771.0,37958.0,118323.0,0.39,0.61
Brinjal,Loamy,All,5.2,7.1,135,58,57,548,776,22,34,Drip,4.57,13771.0,37958.0,159697.0,0.31,0.93
Brinjal,Clay,Kharif,5.3,6.9,86,82,20,362,1122,15,26,Rainfed,3.97,13771.0,37958.0,136922.0,0.39,0.8
Brinjal,Clay,Rabi,5.9,7.7,161,36,117,370,1086,20,37,Flood,4.38,13771.0,37958.0,152485.0,0.17,0.85
Brinjal,Clay,Summer,5.1,7.4,144,69,49,760,1364,15,33,Rainfed,4.85,13771.0,37958.0,170325.0,0.55,0.86
Brinjal,Clay,All,5.6,7.8,46,59,91,630,956,20,38,Rainfed,3.6,13771.0,37958.0,122878.0,0.41,0.8
Brinjal,Silty,Kharif,5.1,7.4,88,80,84,759,978,11,29,Drip,4.86,13771.0,37958.0,170705.0,0.24,0.67
Brinjal,Silty,Rabi,5.8,7.8,153,30,123,573,1394,15,31,Rainfed,4.09,13771.0,37958.0,141477.0,0.57,0.72
Brinjal,Silty,Summer,5.2,6.5,175,60,68,431,724,11,22,Drip,3.75,13771.0,37958.0,128571.0,0.19,0.87
Brinjal,Silty,All,5.2,7.9,83,27,98,792,1325,12,22,Rainfed,3.77,13771.0,37958.0,129331.0,0.15,0.65
Brinjal,Peaty,Kharif,5.9,6.9,70,26,45,422,1392,19,32,Flood,4.12,13771.0,37958.0,142616.0,0.35,0.93
Brinjal,Peaty,Rabi,5.3,7.0,144,28,81,314,931,20,33,Rainfed,3.72,13771.0,37958.0,127433.0,0.58,0.84
Brinjal,Peaty,Summer,5.2,7.3,72,58,92,508,1164,11,29,Drip,4.57,13771.0,37958.0,159697.0,0.17,0.79
Brinjal,Peaty,All,5.2,6.9,148,77,25,300,975,19,33,Drip,3.28,13771.0,37958.0,110731.0,0.57,0.77
Capsicum,Sandy,Kharif,5.4,7.4,170,56,25,382,1338,18,29,Sprinkler,3.75,18264.0,52295.0,177844.0,0.45,0.89
Capsicum,Sandy,Rabi,5.7,8.0,150,46,98,558,1083,20,35,Sprinkler,5.35,18264.0,52295.0,261516.0,0.45,0.7
Capsicum,Sandy,Summer,5.7,7.0,93,78,96,468,684,21,33,Rainfed,4.68,18264.0,52295.0,226478.0,0.1,0.6
Capsicum,Sandy,All,5.2,7.3,165,70,88,341,1205,20,31,Rainfed,5.19,18264.0,52295.0,253149.0,0.51,0.76
Capsicum,Loamy,Kharif,5.1,8.0,136,65,69,390,1376,22,32,Rainfed,4.42,18264.0,52295.0,212882.0,0.57,0.76
Capsicum,Loamy,Rabi,5.2,6.5,111,65,44,346,1174,20,34,Drip,4.01,18264.0,52295.0,191440.0,0.35,0.73
Capsicum,Loamy,Summer,5.3,7.9,93,20,45,720,1573,16,27,Sprinkler,4.61,18264.0,52295.0,222818.0,0.35,0.79
Capsicum,Loamy,All,5.7,7.3,84,28,95,365,1328,11,23,Sprinkler,5.27,18264.0,52295.0,257333.0,0.53,0.91
Capsicum,Clay,Kharif,5.7,6.9,45,88,98,429,1326,18,35,Rainfed,5.28,18264.0,52295.0,257856.0,0.42,0.93
Capsicum,Clay,Rabi,5.1,7.9,150,72,55,362,1258,18,35,Flood,4.24,18264.0,52295.0,203468.0,0.48,0.91
Capsicum,Clay,Summer,5.2,6.9,147,88,77,461,666,16,29,Sprinkler,3.74,18264.0,52295.0,177321.0,0.39,0.61
Capsicum,Clay,All,5.7,8.0,148,29,137,427,828,12,27,Sprinkler,3.7,18264.0,52295.0,175229.0,0.41,0.61
Capsicum,Silty,Kharif,5.4,6.5,125,52,51,355,1039,13,28,Rainfed,5.07,18264.0,52295.0,246874.0,0.36,0.68
Capsicum,Silty,Rabi,5.1,7.4,152,32,100,528,1320,11,22,Rainfed,5.24,18264.0,52295.0,255764.0,0.29,0.91
Capsicum,Silty,Summer,5.7,7.7,55,76,27,454,1279,20,36,Rainfed,3.77,18264.0,52295.0,178890.0,0.13,0.62
Capsicum,Silty,All,5.8,7.1,145,49,130,606,1481,19,29,Flood,4.28,18264.0,52295.0,205560.0,0.5,0.91
Capsicum,Peaty,Kharif,5.6,7.0,46,78,86,468,1269,13,24,Rainfed,3.61,18264.0,52295.0,170522.0,0.46,0.81
Capsicum,Peaty,Rabi,5.8,7.9,72,85,52,481,1112,17,34,Drip,4.03,18264.0,52295.0,192486.0,0.5,0.62
Capsicum,Peaty,Summer,5.3,7.2,131,59,94,753,1507,22,34,Drip,4.43,18264.0,52295.0,213405.0,0.4,0.7
Capsicum,Peaty,All,6.0,7.3,77,27,50,559,1331,10,26,Sprinkler,3.94,18264.0,52295.0,187780.0,0.2,0.92
Chili,Sandy,Kharif,5.7,8.0,124,62,98,453,1081,15,27,Rainfed,5.33,26032.0,28394.0,125310.0,0.49,0.61
Chili,Sandy,Rabi,5.2,6.5,97,49,79,619,1037,13,30,Sprinkler,6.09,26032.0,28394.0,146890.0,0.29,0.74
Chili,Sandy,Summer,5.8,6.5,42,29,65,315,1083,11,23,Sprinkler,5.3,26032.0,28394.0,124459.0,0.42,0.92
Chili,Sandy,All,5.4,8.0,90,45,56,389,813,14,26,Sprinkler,6.18,26032.0,28394.0,149446.0,0.22,0.67
Chili,Loamy,Kharif,5.2,6.9,65,22,126,646,986,16,27,Sprinkler,6.37,26032.0,28394.0,154841.0,0.25,0.68
Chili,Loamy,Rabi,5.8,7.5,174,75,132,664,930,11,23,Drip,6.07,26032.0,28394.0,146322.0,0.2,0.73
Chili,Loamy,Summer,5.4,7.4,102,25,117,615,1416,13,31,Sprinkler,6.05,26032.0,28394.0,145754.0,0.26,0.62
Chili,Loamy,All,5.8,7.8,170,82,46,672,955,22,39,Rainfed,4.7,26032.0,28394.0,107422.0,0.29,0.91
Chili,Clay,Kharif,5.8,7.1,172,79,42,464,1393,15,33,Flood,5.89,26032.0,28394.0,141211.0,0.35,0.69
Chili,Clay,Rabi,5.4,7.9,49,46,48,758,1165,17,30,Flood,4.82,26032.0,28394.0,110829.0,0.31,0.73
Chili,Clay,Summer,5.2,7.8,105,90,30,368,1337,11,25,Flood,5.47,26032.0,28394.0,129286.0,0.22,0.61
Chili,Clay,All,5.5,7.0,155,79,75,509,1085,22,39,Sprinkler,4.93,26032.0,28394.0,113953.0,0.11,0.75
Chili,Silty,Kharif,5.3,6.6,61,57,127,556,1281,18,29,Sprinkler,6.35,26032.0,28394.0,154273.0,0.15,0.62
Chili,Silty,Rabi,5.0,6.8,90,62,52,454,1417,22,36,Drip,5.87,26032.0,28394.0,140643.0,0.6,0.95
Chili,Silty,Summer,5.8,7.6,106,21,118,453,941,15,31,Flood,6.12,26032.0,28394.0,147742.0,0.48,0.6
Chili,Silty,All,5.7,8.0,78,70,49,416,1356,21,34,Flood,4.85,26032.0,28394.0,111681.0,0.39,0.79
Chili,Peaty,Kharif,5.5,7.7,127,30,60,733,1125,16,32,Drip,5.29,26032.0,28394.0,124175.0,0.53,0.61
Chili,Peaty,Rabi,5.1,7.8,118,21,83,714,1588,15,30,Drip,5.25,26032.0,28394.0,123039.0,0.44,0.74
Chili,Peaty,Summer,5.8,7.3,123,22,92,702,934,12,24,Sprinkler,5.57,26032.0,28394.0,132125.0,0.5,0.92
Chili,Peaty,All,5.6,7.1,137,46,70,332,1079,16,29,Flood,4.58,26032.0,28394.0,104015.0,0.38,0.76
Cabbage,Sandy,Kharif,5.6,6.5,165,23,43,401,672,16,30,Drip,5.34,10816.0,16476.0,77163.0,0.43,0.62
Cabbage,Sandy,Rabi,5.1,7.3,83,61,130,765,1385,16,28,Rainfed,5.09,10816.0,16476.0,73044.0,0.31,0.86
Cabbage,Sandy,Summer,5.4,7.9,92,36,131,405,922,16,33,Drip,6.22,10816.0,16476.0,91662.0,0.57,0.81
Cabbage,Sandy,All,5.5,7.5,110,45,20,373,1029,11,27,Drip,6.04,10816.0,16476.0,88696.0,0.56,0.91
Cabbage,Loamy,Kharif,5.5,7.4,63,56,102,751,1418,15,29,Flood,6.24,10816.0,16476.0,91991.0,0.5,0.66
Cabbage,Loamy,Rabi,5.2,7.8,150,78,69,766,1640,12,23,Flood,6.45,10816.0,16476.0,95451.0,0.12,0.91
Cabbage,Loamy,Summer,5.2,7.8,177,57,105,769,1037,21,34,Flood,5.76,10816.0,16476.0,84083.0,0.48,0.64
Cabbage,Loamy,All,5.4,7.6,169,61,72,530,898,14,27,Rainfed,5.88,10816.0,16476.0,86060.0,0.14,0.84
Cabbage,Clay,Kharif,5.7,7.1,142,44,70,319,529,14,25,Drip,5.56,10816.0,16476.0,80788.0,0.47,0.77
Cabbage,Clay,Rabi,5.1,7.3,102,76,37,541,1026,12,24,Rainfed,6.23,10816.0,16476.0,91826.0,0.19,0.64
Cabbage,Clay,Summer,5.7,6.8,42,54,39,525,1091,12,25,Rainfed,6.91,10816.0,16476.0,103030.0,0.37,0.75
Cabbage,Clay,All,5.0,7.5,173,33,69,653,1168,17,27,Rainfed,4.9,10816.0,16476.0,69914.0,0.29,0.67
Cabbage,Silty,Kharif,5.2,7.9,91,31,22,515,743,10,25,Drip,6.4,10816.0,16476.0,94627.0,0.13,0.94
Cabbage,Silty,Rabi,5.1,7.8,82,41,25,512,1236,11,26,Sprinkler,6.12,10816.0,16476.0,90014.0,0.19,0.67
Cabbage,Silty,Summer,5.5,7.9,70,49,47,354,919,15,27,Rainfed,5.74,10816.0,16476.0,83753.0,0.26,0.74
Cabbage,Silty,All,5.5,6.6,111,67,25,334,757,16,30,Flood,7.13,10816.0,16476.0,106655.0,0.15,0.79
Cabbage,Peaty,Kharif,6.0,7.8,83,52,32,607,1139,20,36,Drip,5.57,10816.0,16476.0,80953.0,0.42,0.91
Cabbage,Peaty,Rabi,5.3,7.8,163,28,62,309,1132,19,36,Flood,6.0,10816.0,16476.0,88037.0,0.47,0.78
Cabbage,Peaty,Summer,5.7,6.5,45,35,59,421,1376,16,29,Rainfed,4.92,10816.0,16476.0,70243.0,0.29,0.7
Cabbage,Peaty,All,5.2,6.8,49,50,138,671,1483,17,32,Drip,5.44,10816.0,16476.0,78811.0,0.42,0.87
Cauliflower,Sandy,Kharif,5.3,6.5,124,63,51,405,1157,10,23,Drip,4.28,25497.0,58923.0,226694.0,0.29,0.71
Cauliflower,Sandy,Rabi,5.4,6.5,165,28,44,326,1175,12,25,Drip,3.43,25497.0,58923.0,176609.0,0.4,0.89
Cauliflower,Sandy,Summer,5.9,6.9,60,74,112,539,1057,12,25,Drip,3.98,25497.0,58923.0,209017.0,0.4,0.71
Cauliflower,Sandy,All,5.6,8.0,91,54,130,700,1392,11,26,Flood,3.9,25497.0,58923.0,204303.0,0.34,0.75
Cauliflower,Loamy,Kharif,5.6,7.2,79,81,22,690,1280,16,27,Sprinkler,4.26,25497.0,58923.0,225516.0,0.18,0.85
Cauliflower,Loamy,Rabi,5.3,7.2,156,56,68,587,1407,17,28,Sprinkler,3.51,25497.0,58923.0,181323.0,0.33,0.65
Cauliflower,Loamy,Summer,5.2,6.5,168,67,82,507,1132,16,31,Flood,4.09,25497.0,58923.0,215499.0,0.42,0.81
Cauliflower,Loamy,All,5.4,6.6,71,69,139,589,955,13,29,Sprinkler,4.55,25497.0,58923.0,242603.0,0.48,0.72
Cauliflower,Clay,Kharif,5.7,7.5,134,27,103,497,1131,21,34,Drip,4.07,25497.0,58923.0,214320.0,0.56,0.73
Cauliflower,Clay,Rabi,5.7,6.5,77,53,97,533,1430,12,26,Drip,4.27,25497.0,58923.0,226105.0,0.58,0.89
Cauliflower,Clay,Summer,5.0,7.7,138,70,110,600,882,18,31,Flood,3.56,25497.0,58923.0,184269.0,0.31,0.84
Cauliflower,Clay,All,5.5,7.3,137,59,113,510,1480,21,32,Rainfed,4.33,25497.0,58923.0,229640.0,0.49,0.72
Cauliflower,Silty,Kharif,5.1,7.6,141,59,20,386,1089,10,21,Rainfed,4.55,25497.0,58923.0,242603.0,0.31,0.75
Cauliflower,Silty,Rabi,5.3,7.1,85,67,43,660,997,13,30,Drip,4.11,25497.0,58923.0,216677.0,0.16,0.8
Cauliflower,Silty,Summer,5.2,6.8,86,44,53,761,1379,17,28,Drip,3.41,25497.0,58923.0,175431.0,0.14,0.64
Cauliflower,Silty,All,5.1,6.5,100,81,82,644,1622,11,21,Rainfed,3.72,25497.0,58923.0,193697.0,0.58,0.83
Cauliflower,Peaty,Kharif,5.8,6.6,94,86,121,303,887,19,37,Sprinkler,4.81,25497.0,58923.0,257924.0,0.34,0.72
Cauliflower,Peaty,Rabi,5.4,7.1,127,60,124,422,991,20,36,Flood,4.29,25497.0,58923.0,227283.0,0.59,0.91
Cauliflower,Peaty,Summer,5.8,6.5,142,37,23,608,933,18,32,Drip,3.89,25497.0,58923.0,203714.0,0.41,0.83
Cauliflower,Peaty,All,5.5,7.1,88,20,101,790,1319,10,25,Rainfed,4.88,25497.0,58923.0,262048.0,0.47,0.84
Broccoli,Sandy,Kharif,5.8,7.0,161,32,113,497,997,19,32,Drip,3.06,27959.0,35258.0,79930.0,0.54,0.87
Broccoli,Sandy,Rabi,5.7,6.5,167,31,58,726,1615,18,35,Drip,3.09,27959.0,35258.0,80988.0,0.58,0.77
Broccoli,Sandy,Summer,5.5,6.9,83,31,33,522,1454,10,22,Sprinkler,3.1,27959.0,35258.0,81340.0,0.48,0.68
Broccoli,Sandy,All,5.3,7.2,71,37,138,573,1421,21,38,Rainfed,2.98,27959.0,35258.0,77110.0,0.27,0.68
Broccoli,Loamy,Kharif,5.6,7.9,56,63,68,766,1700,21,37,Flood,3.0,27959.0,35258.0,77815.0,0.21,0.64
Broccoli,Loamy,Rabi,5.1,6.6,88,34,93,488,818,15,31,Rainfed,2.47,27959.0,35258.0,59128.0,0.4,0.67
Broccoli,Loamy,Summer,5.4,7.1,133,36,86,639,1455,19,32,Rainfed,2.56,27959.0,35258.0,62301.0,0.37,0.76
Broccoli,Loamy,All,5.1,7.9,96,83,107,533,883,19,33,Drip,2.93,27959.0,35258.0,75347.0,0.52,0.89
Broccoli,Clay,Kharif,5.0,7.0,168,35,55,734,1657,19,36,Drip,2.66,27959.0,35258.0,65827.0,0.45,0.73
Broccoli,Clay,Rabi,6.0,7.0,93,48,109,676,929,22,34,Flood,2.91,27959.0,35258.0,74641.0,0.25,0.89
Broccoli,Clay,Summer,5.9,6.7,45,90,70,472,1104,20,37,Sprinkler,2.94,27959.0,35258.0,75699.0,0.3,0.78
Broccoli,Clay,All,5.3,7.5,89,90,70,349,683,15,25,Sprinkler,2.62,27959.0,35258.0,64417.0,0.18,0.65
Broccoli,Silty,Kharif,5.7,6.9,77,46,47,711,1677,13,23,Sprinkler,2.91,27959.0,35258.0,74641.0,0.39,0.84
Broccoli,Silty,Rabi,6.0,6.7,149,41,138,328,626,15,32,Drip,3.14,27959.0,35258.0,82751.0,0.16,0.78
Broccoli,Silty,Summer,5.3,7.2,78,71,51,317,638,13,29,Flood,2.46,27959.0,35258.0,58776.0,0.4,0.66
Broccoli,Silty,All,5.7,7.7,62,79,130,718,1583,16,30,Flood,2.53,27959.0,35258.0,61244.0,0.16,0.63
Broccoli,Peaty,Kharif,5.5,7.5,170,48,22,600,1386,19,36,Sprinkler,2.87,27959.0,35258.0,73231.0,0.15,0.81
Broccoli,Peaty,Rabi,5.4,8.0,151,58,93,364,665,15,26,Drip,2.57,27959.0,35258.0,62654.0,0.45,0.74
Broccoli,Peaty,Summer,5.8,7.7,175,82,28,565,1363,18,29,Drip,3.16,27959.0,35258.0,83456.0,0.55,0.66
Broccoli,Peaty,All,5.6,6.8,154,60,35,320,651,19,32,Drip,2.23,27959.0,35258.0,50666.0,0.23,0.86
Carrot,Sandy,Kharif,6.0,6.8,40,51,58,323,1054,22,36,Flood,1.65,16062.0,17986.0,13616.0,0.35,0.71
Carrot,Sandy,Rabi,5.9,8.0,177,85,46,652,953,20,30,Drip,1.57,16062.0,17986.0,12177.0,0.17,0.9
Carrot,Sandy,Summer,5.2,6.7,95,65,55,365,1311,19,35,Rainfed,1.96,16062.0,17986.0,19192.0,0.23,0.83
Carrot,Sandy,All,5.2,7.2,105,74,140,655,1001,18,31,Rainfed,2.02,16062.0,17986.0,20271.0,0.23,0.82
Carrot,Loamy,Kharif,5.6,7.6,170,40,73,720,1077,15,31,Flood,1.56,16062.0,17986.0,11997.0,0.4,0.63
Carrot,Loamy,Rabi,5.1,6.7,180,72,28,468,1323,11,26,Sprinkler,2.14,16062.0,17986.0,22429.0,0.17,0.88
Carrot,Loamy,Summer,5.3,6.6,96,68,33,700,1026,12,30,Sprinkler,1.99,16062.0,17986.0,19731.0,0.5,0.63
Carrot,Loamy,All,5.3,7.4,112,90,54,611,912,10,22,Sprinkler,2.27,16062.0,17986.0,24768.0,0.29,0.72
Carrot,Clay,Kharif,5.7,8.0,176,90,96,751,1363,17,29,Sprinkler,1.55,16062.0,17986.0,11817.0,0.36,0.65
Carrot,Clay,Rabi,5.1,7.1,108,26,137,671,1525,15,28,Flood,2.08,16062.0,17986.0,21350.0,0.19,0.95
Carrot,Clay,Summer,5.8,7.3,110,74,86,782,1717,13,27,Rainfed,2.27,16062.0,17986.0,24768.0,0.3,0.71
Carrot,Clay,All,5.1,6.6,101,31,41,594,852,11,25,Flood,2.16,16062.0,17986.0,22789.0,0.11,0.93
Carrot,Silty,Kharif,5.7,7.9,74,81,83,563,1464,20,38,Rainfed,1.85,16062.0,17986.0,17213.0,0.41,0.92
Carrot,Silty,Rabi,5.7,7.6,176,64,51,678,1555,18,28,Flood,2.28,16062.0,17986.0,24947.0,0.44,0.91
Carrot,Silty,Summer,5.5,6.8,59,66,127,368,1094,15,25,Flood,1.92,16062.0,17986.0,18472.0,0.19,0.94
Carrot,Silty,All,5.3,7.5,178,35,57,453,1147,14,28,Drip,1.54,16062.0,17986.0,11637.0,0.42,0.74
Carrot,Peaty,Kharif,5.9,7.9,171,24,139,537,1369,17,27,Sprinkler,1.54,16062.0,17986.0,11637.0,0.33,0.7
Carrot,Peaty,Rabi,5.1,7.0,87,71,65,304,607,16,33,Drip,1.6,16062.0,17986.0,12717.0,0.36,0.65
Carrot,Peaty,Summer,5.1,7.2,79,52,48,540,1144,15,29,Sprinkler,1.87,16062.0,17986.0,17573.0,0.19,0.88
Carrot,Peaty,All,5.1,7.2,152,40,37,481,1446,16,26,Sprinkler,2.22,16062.0,17986.0,23868.0,0.45,0.64
Radish,Sandy,Kharif,5.3,6.5,90,81,105,436,757,16,33,Flood,3.28,19369.0,18417.0,41038.0,0.46,0.71
Radish,Sandy,Rabi,5.8,7.8,168,69,36,356,666,22,32,Drip,2.52,19369.0,18417.0,27041.0,0.35,0.87
Radish,Sandy,Summer,5.2,7.5,127,74,96,677,885,16,33,Sprinkler,2.67,19369.0,18417.0,29804.0,0.14,0.75
Radish,Sandy,All,5.6,7.6,87,51,55,692,1009,14,27,Flood,2.57,19369.0,18417.0,27962.0,0.45,0.88
Radish,Loamy,Kharif,5.7,7.3,86,44,129,602,1446,20,32,Drip,2.48,19369.0,18417.0,26305.0,0.3,0.7
Radish,Loamy,Rabi,5.2,6.7,44,45,31,742,994,16,32,Sprinkler,3.16,19369.0,18417.0,38828.0,0.59,0.68
Radish,Loamy,Summer,5.4,6.6,149,26,58,356,831,15,29,Sprinkler,3.17,19369.0,18417.0,39012.0,0.22,0.91
Radish,Loamy,All,5.2,6.5,122,47,56,541,1027,19,30,Flood,2.56,19369.0,18417.0,27778.0,0.57,0.73
Radish,Clay,Kharif,5.3,6.6,43,90,118,741,1074,15,30,Sprinkler,3.21,19369.0,18417.0,39749.0,0.39,0.81
Radish,Clay,Rabi,5.2,6.9,138,31,133,354,687,20,31,Rainfed,3.03,19369.0,18417.0,36434.0,0.56,0.83
Radish,Clay,Summer,5.2,7.6,65,29,140,579,1412,15,29,Flood,3.5,19369.0,18417.0,45090.0,0.2,0.85
Radish,Clay,All,5.0,6.8,180,52,134,749,1726,18,33,Sprinkler,2.86,19369.0,18417.0,33303.0,0.46,0.92
Radish,Silty,Kharif,5.1,7.1,168,22,41,606,1086,21,33,Sprinkler,2.39,19369.0,18417.0,24647.0,0.38,0.88
Radish,Silty,Rabi,5.7,7.6,141,83,107,572,1297,11,23,Flood,3.22,19369.0,18417.0,39933.0,0.29,0.87
Radish,Silty,Summer,5.4,6.9,87,20,40,592,1015,19,29,Flood,2.93,19369.0,18417.0,34592.0,0.46,0.69
Radish,Silty,All,5.9,6.9,108,90,35,387,816,10,28,Drip,2.68,19369.0,18417.0,29988.0,0.42,0.93
Radish,Peaty,Kharif,5.3,6.7,53,51,125,407,1154,11,21,Sprinkler,3.08,19369.0,18417.0,37355.0,0.59,0.71
Radish,Peaty,Rabi,5.9,7.8,107,37,72,759,1585,14,29,Rainfed,3.07,19369.0,18417.0,37171.0,0.11,0.72
Radish,Peaty,Summer,5.7,6.9,105,22,88,636,1632,22,33,Flood,3.45,19369.0,18417.0,44169.0,0.23,0.82
Radish,Peaty,All,5.6,6.8,153,48,61,437,845,19,35,Drip,2.86,19369.0,18417.0,33303.0,0.46,0.75
Beetroot,Sandy,Kharif,5.5,7.7,85,44,92,551,1497,12,26,Rainfed,2.07,21391.0,34992.0,51043.0,0.54,0.89
Beetroot,Sandy,Rabi,5.7,6.8,76,29,74,425,1090,20,36,Rainfed,2.44,21391.0,34992.0,63990.0,0.17,0.86
Beetroot,Sandy,Summer,5.0,6.6,138,22,34,723,936,22,32,Drip,2.02,21391.0,34992.0,49294.0,0.14,0.65
Beetroot,Sandy,All,5.6,6.5,42,33,89,676,1222,21,32,Drip,1.92,21391.0,34992.0,45794.0,0.48,0.91
Beetroot,Loamy,Kharif,5.8,7.0,162,39,51,328,1084,21,35,Rainfed,1.81,21391.0,34992.0,41945.0,0.12,0.79
Beetroot,Loamy,Rabi,5.1,7.8,146,38,20,767,1196,10,23,Flood,2.14,21391.0,34992.0,53493.0,0.28,0.7
Beetroot,Loamy,Summer,5.9,7.5,68,82,41,356,785,11,25,Sprinkler,1.86,21391.0,34992.0,43695.0,0.27,0.73
Beetroot,Loamy,All,5.9,6.6,51,39,42,519,1262,15,27,Flood,1.93,21391.0,34992.0,46144.0,0.43,0.71
Beetroot,Clay,Kharif,5.8,7.0,66,54,137,555,1432,15,29,Rainfed,2.5,21391.0,34992.0,66090.0,0.53,0.94
Beetroot,Clay,Rabi,5.8,6.7,77,69,77,669,1358,11,22,Flood,2.65,21391.0,34992.0,71339.0,0.24,0.63
Beetroot,Clay,Summer,6.0,6.8,138,65,60,553,1187,17,33,Sprinkler,1.92,21391.0,34992.0,45794.0,0.57,0.92
Beetroot,Clay,All,5.4,7.3,177,88,83,572,1321,13,29,Rainfed,2.31,21391.0,34992.0,59441.0,0.31,0.8
Beetroot,Silty,Kharif,5.7,7.6,62,50,66,301,709,10,25,Flood,2.65,21391.0,34992.0,71339.0,0.56,0.62
Beetroot,Silty,Rabi,5.3,7.8,75,57,78,373,1137,16,29,Drip,2.54,21391.0,34992.0,67490.0,0.13,0.65
Beetroot,Silty,Summer,6.0,7.6,136,23,109,794,1428,15,25,Rainfed,2.39,21391.0,34992.0,62241.0,0.14,0.89
Beetroot,Silty,All,5.9,6.5,133,38,30,425,703,10,26,Drip,2.48,21391.0,34992.0,65390.0,0.33,0.65
Beetroot,Peaty,Kharif,5.5,7.9,160,72,112,472,1126,22,32,Sprinkler,1.89,21391.0,34992.0,44745.0,0.13,0.82
Beetroot,Peaty,Rabi,5.6,6.8,81,21,70,726,1359,20,37,Sprinkler,2.62,21391.0,34992.0,70289.0,0.35,0.85
Beetroot,Peaty,Summer,5.4,6.7,63,86,68,800,1128,21,34,Flood,2.35,21391.0,34992.0,60841.0,0.21,0.66
Beetroot,Peaty,All,5.7,7.3,59,79,81,460,1328,20,36,Flood,1.94,21391.0,34992.0,46494.0,0.5,0.83
Spinach,Sandy,Kharif,5.6,7.8,47,50,56,383,1137,11,22,Drip,2.57,10101.0,17203.0,34112.0,0.48,0.71
Spinach,Sandy,Rabi,5.6,7.5,48,50,54,343,1126,19,29,Flood,2.02,10101.0,17203.0,24650.0,0.26,0.93
Spinach,Sandy,Summer,5.0,7.0,112,70,84,399,921,22,38,Sprinkler,2.94,10101.0,17203.0,40477.0,0.45,0.63
Spinach,Sandy,All,5.4,7.6,65,84,123,696,1049,10,26,Flood,2.56,10101.0,17203.0,33939.0,0.53,0.7
Spinach,Loamy,Kharif,5.2,7.2,63,49,133,410,1307,20,32,Drip,2.96,10101.0,17203.0,40821.0,0.35,0.95
Spinach,Loamy,Rabi,5.6,7.3,127,77,120,367,914,14,29,Flood,2.02,10101.0,17203.0,24650.0,0.46,0.84
Spinach,Loamy,Summer,5.2,8.0,59,39,92,621,1330,11,21,Drip,2.74,10101.0,17203.0,37036.0,0.25,0.9
Spinach,Loamy,All,5.8,7.8,167,32,78,460,833,14,26,Rainfed,2.26,10101.0,17203.0,28778.0,0.28,0.63
Spinach,Clay,Kharif,5.2,7.7,106,80,52,690,1342,20,32,Rainfed,2.94,10101.0,17203.0,40477.0,0.34,0.73
Spinach,Clay,Rabi,5.3,7.1,73,76,66,562,1401,15,30,Rainfed,2.65,10101.0,17203.0,35488.0,0.35,0.69
Spinach,Clay,Summer,5.9,7.5,54,51,109,720,1494,10,22,Rainfed,2.27,10101.0,17203.0,28951.0,0.18,0.74
Spinach,Clay,All,5.1,7.1,158,31,64,538,1217,20,38,Flood,2.09,10101.0,17203.0,25854.0,0.19,0.64
Spinach,Silty,Kharif,6.0,7.1,150,45,71,468,734,15,30,Flood,2.19,10101.0,17203.0,27574.0,0.47,0.64
Spinach,Silty,Rabi,5.5,7.3,160,38,101,409,936,19,29,Flood,2.04,10101.0,17203.0,24994.0,0.5,0.88
Spinach,Silty,Summer,6.0,6.8,94,22,117,650,1283,14,28,Drip,2.06,10101.0,17203.0,25338.0,0.13,0.74
Spinach,Silty,All,5.3,7.6,147,87,47,642,1107,12,22,Rainfed,2.86,10101.0,17203.0,39100.0,0.31,0.94
Spinach,Peaty,Kharif,5.3,6.8,147,81,80,574,1479,22,34,Flood,2.33,10101.0,17203.0,29983.0,0.45,0.74
Spinach,Peaty,Rabi,5.0,7.7,90,29,112,641,1433,19,31,Sprinkler,2.64,10101.0,17203.0,35316.0,0.51,0.86
Spinach,Peaty,Summer,5.8,7.6,43,39,134,534,885,17,32,Rainfed,2.76,10101.0,17203.0,37380.0,0.44,0.69
Spinach,Peaty,All,5.7,8.0,72,77,101,796,1588,11,21,Drip,2.72,10101.0,17203.0,36692.0,0.19,0.84
Lettuce,Sandy,Kharif,5.2,6.8,43,67,124,486,702,14,28,Rainfed,5.8,13836.0,40845.0,223067.0,0.42,0.76
Lettuce,Sandy,Rabi,5.4,7.0,178,74,86,798,1781,15,26,Drip,5.28,13836.0,40845.0,201827.0,0.29,0.79
Lettuce,Sandy,Summer,5.2,7.2,112,75,101,445,1363,19,30,Rainfed,6.03,13836.0,40845.0,232461.0,0.15,0.83
Lettuce,Sandy,All,5.6,7.1,167,89,32,624,1278,18,28,Sprinkler,6.13,13836.0,40845.0,236546.0,0.21,0.87
Lettuce,Loamy,Kharif,5.6,6.7,160,35,64,795,1470,16,32,Rainfed,6.32,13836.0,40845.0,244306.0,0.49,0.78
Lettuce,Loamy,Rabi,5.3,7.5,118,73,106,423,627,16,26,Rainfed,4.35,13836.0,40845.0,163841.0,0.5,0.89
Lettuce,Loamy,Summer,5.5,7.6,121,62,41,791,1576,16,29,Flood,4.71,13836.0,40845.0,178546.0,0.42,0.89
Lettuce,Loamy,All,5.8,7.4,72,69,113,388,1000,15,33,Drip,5.24,13836.0,40845.0,200194.0,0.15,0.88
Lettuce,Clay,Kharif,5.5,7.4,140,53,127,583,945,15,28,Rainfed,4.5,13836.0,40845.0,169968.0,0.32,0.82
Lettuce,Clay,Rabi,5.6,6.5,179,30,93,495,720,21,33,Flood,5.66,13836.0,40845.0,217349.0,0.49,0.67
Lettuce,Clay,Summer,5.7,6.8,89,88,127,425,1368,22,38,Sprinkler,5.71,13836.0,40845.0,219391.0,0.24,0.93
Lettuce,Clay,All,5.6,7.5,66,34,78,774,1584,11,22,Drip,4.9,13836.0,40845.0,186306.0,0.55,0.63
Lettuce,Silty,Kharif,5.5,7.0,93,70,32,551,773,16,27,Flood,6.36,13836.0,40845.0,245940.0,0.14,0.84
Lettuce,Silty,Rabi,5.4,7.0,155,40,43,452,662,12,22,Rainfed,6.39,13836.0,40845.0,247166.0,0.6,0.77
Lettuce,Silty,Summer,5.6,7.3,80,86,114,430,754,13,23,Rainfed,5.41,13836.0,40845.0,207137.0,0.48,0.68
Lettuce,Silty,All,5.4,7.8,47,61,37,412,697,21,33,Sprinkler,4.89,13836.0,40845.0,185898.0,0.2,0.63
Lettuce,Peaty,Kharif,5.7,7.5,159,83,75,562,1171,13,27,Drip,4.72,13836.0,40845.0,178954.0,0.52,0.85
Lettuce,Peaty,Rabi,6.0,6.7,119,41,121,405,1344,17,33,Flood,5.21,13836.0,40845.0,198968.0,0.47,0.89
Lettuce,Peaty,Summer,5.6,7.4,149,45,92,480,1062,20,31,Flood,4.66,13836.0,40845.0,176503.0,0.12,0.78
Lettuce,Peaty,All,5.6,6.9,175,65,70,315,632,12,27,Flood,6.0,13836.0,40845.0,231236.0,0.28,0.63
Peas,Sandy,Kharif,5.1,7.0,42,62,47,538,1319,22,37,Drip,4.9,29047.0,29854.0,117239.0,0.29,0.81
Peas,Sandy,Rabi,5.5,6.7,111,29,93,757,1618,16,32,Sprinkler,5.38,29047.0,29854.0,131569.0,0.2,0.62
Peas,Sandy,Summer,5.5,6.6,110,73,35,363,1026,12,27,Flood,4.28,29047.0,29854.0,98729.0,0.11,0.61
Peas,Sandy,All,5.8,7.4,41,79,56,367,979,10,28,Rainfed,4.47,29047.0,29854.0,104402.0,0.11,0.76
Peas,Loamy,Kharif,5.8,7.1,117,55,60,685,1239,16,27,Sprinkler,4.77,29047.0,29854.0,113358.0,0.12,0.7
Peas,Loamy,Rabi,6.0,7.2,71,67,140,616,921,10,23,Rainfed,5.41,29047.0,29854.0,132465.0,0.17,0.95
Peas,Loamy,Summer,5.9,7.6,97,41,31,397,1338,22,37,Rainfed,5.62,29047.0,29854.0,138734.0,0.53,0.69
Peas,Loamy,All,5.8,6.7,117,29,53,468,1372,19,35,Sprinkler,5.16,29047.0,29854.0,125001.0,0.56,0.8
Peas,Clay,Kharif,5.1,7.0,77,72,101,528,1412,11,29,Drip,4.93,29047.0,29854.0,118135.0,0.43,0.94
Peas,Clay,Rabi,5.3,7.6,97,31,53,692,1195,21,32,Sprinkler,4.9,29047.0,29854.0,117239.0,0.54,0.83
Peas,Clay,Summer,5.7,6.8,59,29,83,330,747,10,23,Flood,5.39,29047.0,29854.0,131868.0,0.19,0.64
Peas,Clay,All,5.2,7.4,175,85,129,460,1438,14,31,Drip,5.45,29047.0,29854.0,133659.0,0.15,0.65
Peas,Silty,Kharif,5.9,7.1,155,85,45,699,1308,13,24,Sprinkler,4.64,29047.0,29854.0,109477.0,0.44,0.93
Peas,Silty,Rabi,5.6,6.7,158,33,115,356,802,10,27,Drip,4.34,29047.0,29854.0,100521.0,0.34,0.79
Peas,Silty,Summer,5.4,6.7,180,30,65,520,937,12,28,Flood,4.8,29047.0,29854.0,114254.0,0.13,0.7
Peas,Silty,All,5.1,7.5,148,44,57,396,1008,12,26,Flood,4.82,29047.0,29854.0,114851.0,0.15,0.62
Peas,Peaty,Kharif,5.2,6.7,69,26,134,318,1107,14,27,Rainfed,4.85,29047.0,29854.0,115746.0,0.24,0.91
Peas,Peaty,Rabi,5.7,7.1,140,32,48,675,1583,14,31,Drip,4.16,29047.0,29854.0,95147.0,0.2,0.82
Peas,Peaty,Summer,5.7,6.9,40,32,43,557,1474,19,36,Sprinkler,5.46,29047.0,29854.0,133958.0,0.44,0.66
Peas,Peaty,All,5.7,6.7,125,78,38,792,1005,20,37,Flood,4.47,29047.0,29854.0,104402.0,0.19,0.69
Beans,Sandy,Kharif,5.6,8.0,40,82,131,426,1109,11,21,Rainfed,1.94,31033.0,44602.0,55494.0,0.6,0.89
Beans,Sandy,Rabi,5.5,6.8,77,32,32,455,1408,15,32,Flood,2.06,31033.0,44602.0,60846.0,0.59,0.69
Beans,Sandy,Summer,5.5,7.0,43,65,58,663,1204,18,35,Rainfed,1.71,31033.0,44602.0,45236.0,0.36,0.82
Beans,Sandy,All,5.1,7.1,96,38,65,554,785,13,29,Sprinkler,1.66,31033.0,44602.0,43005.0,0.14,0.92
Beans,Loamy,Kharif,5.4,6.7,110,89,135,767,1427,18,30,Sprinkler,2.19,31033.0,44602.0,66644.0,0.27,0.72
Beans,Loamy,Rabi,5.6,7.9,110,59,44,321,1114,18,33,Rainfed,1.83,31033.0,44602.0,50588.0,0.33,0.94
Beans,Loamy,Summer,5.8,6.9,42,83,138,650,1000,17,29,Sprinkler,1.98,31033.0,44602.0,57278.0,0.43,0.71
Beans,Loamy,All,5.3,7.7,43,78,25,411,900,19,30,Rainfed,1.88,31033.0,44602.0,52818.0,0.1,0.72
Beans,Clay,Kharif,5.8,6.6,75,64,132,445,1159,20,38,Drip,2.23,31033.0,44602.0,68428.0,0.46,0.65
Beans,Clay,Rabi,5.7,7.1,60,57,48,316,1000,15,28,Flood,1.83,31033.0,44602.0,50588.0,0.58,0.63
Beans,Clay,Summer,5.3,7.0,119,42,92,523,1418,15,27,Drip,1.7,31033.0,44602.0,44790.0,0.31,0.67
Beans,Clay,All,5.3,6.9,158,89,43,492,1139,11,23,Flood,2.03,31033.0,44602.0,59508.0,0.35,0.84
Beans,Silty,Kharif,5.4,7.0,159,73,72,536,764,18,28,Flood,1.57,31033.0,44602.0,38991.0,0.17,0.92
Beans,Silty,Rabi,5.8,7.4,135,36,99,578,1357,14,24,Flood,1.6,31033.0,44602.0,40329.0,0.44,0.76
Beans,Silty,Summer,5.8,7.3,53,30,27,438,1303,11,26,Rainfed,2.13,31033.0,44602.0,63968.0,0.38,0.84
Beans,Silty,All,5.9,6.7,170,26,109,404,1132,12,30,Flood,1.61,31033.0,44602.0,40775.0,0.55,0.82
Beans,Peaty,Kharif,5.2,7.4,41,82,99,652,1057,11,22,Rainfed,1.62,31033.0,44602.0,41221.0,0.54,0.78
Beans,Peaty,Rabi,5.2,6.7,46,84,76,500,756,11,25,Flood,1.87,31033.0,44602.0,52372.0,0.19,0.68
Beans,Peaty,Summer,5.8,6.9,152,35,75,374,1225,10,22,Drip,2.13,31033.0,44602.0,63968.0,0.43,0.66
Beans,Peaty,All,5.7,7.3,161,81,57,448,1331,11,28,Sprinkler,2.01,31033.0,44602.0,58616.0,0.3,0.84
Chickpea,Sandy,Kharif,5.0,7.2,139,21,94,455,689,20,37,Rainfed,2.37,19470.0,32011.0,56396.0,0.28,0.65
Chickpea,Sandy,Rabi,5.9,7.2,42,40,65,556,1271,13,28,Flood,2.05,19470.0,32011.0,46152.0,0.19,0.65
Chickpea,Sandy,Summer,5.7,7.3,157,37,55,701,1681,20,34,Flood,1.68,19470.0,32011.0,34308.0,0.52,0.77
Chickpea,Sandy,All,6.0,7.4,86,84,119,637,1375,14,26,Sprinkler,2.11,19470.0,32011.0,48073.0,0.39,0.8
Chickpea,Loamy,Kharif,5.8,6.6,47,40,49,349,1230,11,28,Flood,1.89,19470.0,32011.0,41030.0,0.22,0.87
Chickpea,Loamy,Rabi,5.9,7.7,66,42,113,756,1349,22,38,Rainfed,1.68,19470.0,32011.0,34308.0,0.23,0.61
Chickpea,Loamy,Summer,5.7,7.2,135,23,138,389,917,11,28,Flood,1.74,19470.0,32011.0,36229.0,0.42,0.79
Chickpea,Loamy,All,5.2,7.2,113,48,45,679,1044,16,34,Drip,1.7,19470.0,32011.0,34948.0,0.11,0.94
Chickpea,Clay,Kharif,5.1,6.5,75,20,66,696,1313,19,37,Rainfed,1.91,19470.0,32011.0,41671.0,0.44,0.94
Chickpea,Clay,Rabi,5.7,7.3,88,46,93,723,1408,18,33,Sprinkler,2.13,19470.0,32011.0,48713.0,0.38,0.65
Chickpea,Clay,Summer,5.1,7.1,136,29,92,340,670,22,40,Sprinkler,1.71,19470.0,32011.0,35268.0,0.35,0.62
Chickpea,Clay,All,5.5,6.5,114,52,69,660,1226,11,23,Sprinkler,1.69,19470.0,32011.0,34628.0,0.39,0.9
Chickpea,Silty,Kharif,5.9,7.3,142,27,89,657,970,19,36,Sprinkler,2.16,19470.0,32011.0,49673.0,0.12,0.75
Chickpea,Silty,Rabi,5.2,7.8,55,37,46,580,1531,15,25,Drip,2.03,19470.0,32011.0,45512.0,0.5,0.8
Chickpea,Silty,Summer,5.6,7.8,49,64,29,786,1412,19,30,Flood,2.4,19470.0,32011.0,57356.0,0.24,0.61
Chickpea,Silty,All,5.0,7.3,129,75,81,455,1455,13,23,Rainfed,1.65,19470.0,32011.0,33348.0,0.49,0.67
Chickpea,Peaty,Kharif,5.6,7.1,44,90,81,326,922,22,38,Drip,1.98,19470.0,32011.0,43911.0,0.31,0.65
Chickpea,Peaty,Rabi,5.4,7.8,134,65,44,475,1122,10,23,Drip,1.7,19470.0,32011.0,34948.0,0.11,0.74
Chickpea,Peaty,Summer,5.8,7.7,177,25,122,307,1244,13,23,Rainfed,1.68,19470.0,32011.0,34308.0,0.32,0.7
Chickpea,Peaty,All,5.3,7.4,102,57,36,610,1217,17,28,Rainfed,1.69,19470.0,32011.0,34628.0,0.57,0.67
Pigeonpea,Sandy,Kharif,5.9,7.2,117,66,119,582,1081,20,33,Sprinkler,4.66,32236.0,51044.0,205631.0,0.37,0.64
Pigeonpea,Sandy,Rabi,5.3,7.1,164,55,30,404,744,18,31,Sprinkler,5.51,32236.0,51044.0,249018.0,0.21,0.73
Pigeonpea,Sandy,Summer,5.8,6.7,100,76,103,691,1355,11,21,Flood,5.7,32236.0,51044.0,258717.0,0.24,0.81
Pigeonpea,Sandy,All,5.3,7.9,55,55,129,612,1205,17,27,Flood,4.79,32236.0,51044.0,212266.0,0.12,0.67
Pigeonpea,Loamy,Kharif,5.2,7.1,53,59,24,577,1558,15,25,Sprinkler,5.88,32236.0,51044.0,267905.0,0.55,0.88
Pigeonpea,Loamy,Rabi,5.6,7.6,127,75,130,518,1464,21,31,Rainfed,5.13,32236.0,51044.0,229621.0,0.58,0.93
Pigeonpea,Loamy,Summer,5.3,8.0,176,79,74,593,1529,19,37,Sprinkler,4.35,32236.0,51044.0,189807.0,0.29,0.86
Pigeonpea,Loamy,All,5.9,6.7,43,55,122,649,1129,11,24,Sprinkler,4.7,32236.0,51044.0,207672.0,0.3,0.82
Pigeonpea,Clay,Kharif,5.4,7.5,43,35,59,591,1467,15,29,Drip,4.91,32236.0,51044.0,218392.0,0.11,0.6
Pigeonpea,Clay,Rabi,5.0,7.0,95,72,27,596,877,14,32,Sprinkler,5.94,32236.0,51044.0,270967.0,0.32,0.69
Pigeonpea,Clay,Summer,5.8,6.9,166,36,49,622,1000,12,22,Drip,4.25,32236.0,51044.0,184702.0,0.12,0.84
Pigeonpea,Clay,All,5.9,7.4,50,90,111,416,678,21,35,Sprinkler,4.05,32236.0,51044.0,174494.0,0.52,0.9
Pigeonpea,Silty,Kharif,5.5,6.6,100,64,33,339,1058,17,28,Rainfed,4.5,32236.0,51044.0,197463.0,0.26,0.73
Pigeonpea,Silty,Rabi,5.8,7.1,149,56,38,312,846,19,34,Sprinkler,5.98,32236.0,51044.0,273009.0,0.55,0.73
Pigeonpea,Silty,Summer,5.9,6.9,47,40,67,322,819,12,22,Rainfed,5.25,32236.0,51044.0,235747.0,0.5,0.78
Pigeonpea,Silty,All,5.8,7.3,128,47,68,725,1521,10,22,Flood,5.55,32236.0,51044.0,251060.0,0.42,0.93
Pigeonpea,Peaty,Kharif,6.0,8.0,168,90,113,514,1265,21,32,Rainfed,5.24,32236.0,51044.0,235236.0,0.43,0.78
Pigeonpea,Peaty,Rabi,5.3,6.8,115,51,62,424,1410,15,28,Flood,4.65,32236.0,51044.0,205120.0,0.59,0.84
Pigeonpea,Peaty,Summer,5.4,7.9,144,66,30,480,1253,18,29,Sprinkler,5.33,32236.0,51044.0,239830.0,0.4,0.76
Pigeonpea,Peaty,All,5.4,7.4,72,88,51,697,1314,20,32,Sprinkler,5.62,32236.0,51044.0,254633.0,0.27,0.64
Lentil,Sandy,Kharif,5.5,7.8,90,43,132,532,747,12,23,Flood,3.21,12007.0,36241.0,104328.0,0.38,0.93
Lentil,Sandy,Rabi,5.7,6.7,48,75,23,653,1023,11,23,Flood,4.12,12007.0,36241.0,137307.0,0.28,0.74
Lentil,Sandy,Summer,5.6,7.6,70,63,134,722,1266,19,30,Rainfed,2.94,12007.0,36241.0,94542.0,0.56,0.93
Lentil,Sandy,All,5.9,7.4,151,57,116,544,1460,12,24,Rainfed,3.05,12007.0,36241.0,98529.0,0.1,0.81
Lentil,Loamy,Kharif,5.7,7.2,122,76,42,560,1499,19,33,Rainfed,3.16,12007.0,36241.0,102516.0,0.35,0.62
Lentil,Loamy,Rabi,5.5,7.3,170,74,56,465,1058,15,27,Drip,2.89,12007.0,36241.0,92730.0,0.57,0.91
Lentil,Loamy,Summer,5.7,7.1,111,60,32,477,968,12,23,Sprinkler,3.22,12007.0,36241.0,104690.0,0.32,0.91
Lentil,Loamy,All,5.3,7.9,67,49,105,442,786,11,24,Drip,2.87,12007.0,36241.0,92006.0,0.55,0.94
Lentil,Clay,Kharif,5.5,7.7,41,82,126,721,947,15,28,Sprinkler,4.17,12007.0,36241.0,139119.0,0.39,0.86
Lentil,Clay,Rabi,5.5,7.7,115,34,111,661,983,17,33,Flood,3.21,12007.0,36241.0,104328.0,0.53,0.95
Lentil,Clay,Summer,5.7,6.7,130,30,115,706,1133,21,32,Sprinkler,3.06,12007.0,36241.0,98891.0,0.27,0.76
Lentil,Clay,All,5.7,7.5,58,60,134,773,1012,16,27,Sprinkler,3.1,12007.0,36241.0,100341.0,0.38,0.89
Lentil,Silty,Kharif,5.6,7.9,42,51,37,600,1185,13,26,Sprinkler,3.5,12007.0,36241.0,114838.0,0.34,0.67
Lentil,Silty,Rabi,5.5,6.7,62,86,129,670,1637,13,23,Flood,2.93,12007.0,36241.0,94180.0,0.38,0.67
Lentil,Silty,Summer,5.2,7.1,107,68,100,598,1038,20,35,Flood,3.59,12007.0,36241.0,118099.0,0.58,0.91
Lentil,Silty,All,5.8,7.8,164,82,121,622,1223,19,34,Flood,3.25,12007.0,36241.0,105777.0,0.21,0.94
Lentil,Peaty,Kharif,5.9,7.6,147,77,61,426,1304,16,27,Drip,3.49,12007.0,36241.0,114475.0,0.26,0.64
Lentil,Peaty,Rabi,5.7,7.6,163,82,96,510,1413,13,23,Sprinkler,3.21,12007.0,36241.0,104328.0,0.21,0.9
Lentil,Peaty,Summer,5.4,7.3,122,53,106,462,1083,16,33,Flood,3.4,12007.0,36241.0,111213.0,0.56,0.69
Lentil,Peaty,All,5.7,7.0,51,59,77,509,935,19,31,Drip,3.94,12007.0,36241.0,130784.0,0.16,0.94
Blackgram,Sandy,Kharif,6.0,6.5,137,31,119,660,1201,15,33,Rainfed,4.84,22574.0,18202.0,65526.0,0.36,0.73
Blackgram,Sandy,Rabi,5.2,6.7,177,70,130,667,1101,14,26,Sprinkler,4.25,22574.0,18202.0,54786.0,0.21,0.86
Blackgram,Sandy,Summer,5.9,6.6,45,87,33,556,1163,22,39,Rainfed,3.93,22574.0,18202.0,48961.0,0.25,0.68
Blackgram,Sandy,All,5.8,6.9,109,35,124,701,1287,20,36,Drip,5.13,22574.0,18202.0,70804.0,0.54,0.9
Blackgram,Loamy,Kharif,5.1,7.3,146,22,21,680,1434,19,31,Rainfed,4.98,22574.0,18202.0,68074.0,0.5,0.67
Blackgram,Loamy,Rabi,5.6,7.0,122,74,85,680,903,14,28,Flood,4.01,22574.0,18202.0,50418.0,0.23,0.83
Blackgram,Loamy,Summer,5.5,6.9,63,48,72,587,1072,17,31,Drip,4.34,22574.0,18202.0,56424.0,0.6,0.85
Blackgram,Loamy,All,6.0,7.6,67,77,48,595,820,16,29,Flood,4.32,22574.0,18202.0,56060.0,0.38,0.82
Blackgram,Clay,Kharif,5.3,7.7,61,32,91,386,798,17,30,Rainfed,3.9,22574.0,18202.0,48415.0,0.41,0.77
Blackgram,Clay,Rabi,5.7,7.3,99,27,118,552,1010,16,30,Sprinkler,5.16,22574.0,18202.0,71350.0,0.12,0.84
Blackgram,Clay,Summer,5.6,7.8,108,46,116,587,1287,18,35,Sprinkler,5.39,22574.0,18202.0,75537.0,0.22,0.76
Blackgram,Clay,All,5.5,7.3,60,33,74,658,937,16,28,Rainfed,3.94,22574.0,18202.0,49143.0,0.47,0.66
Blackgram,Silty,Kharif,5.4,8.0,49,74,83,387,1228,22,40,Flood,3.9,22574.0,18202.0,48415.0,0.54,0.75
Blackgram,Silty,Rabi,5.0,6.7,115,54,86,465,1294,15,27,Drip,4.17,22574.0,18202.0,53330.0,0.44,0.88
Blackgram,Silty,Summer,6.0,7.1,104,80,79,407,945,21,33,Drip,4.6,22574.0,18202.0,61157.0,0.51,0.6
Blackgram,Silty,All,5.4,6.7,57,20,59,659,1051,13,24,Flood,4.25,22574.0,18202.0,54786.0,0.13,0.76
Blackgram,Peaty,Kharif,5.2,7.0,97,64,100,307,704,14,28,Flood,4.71,22574.0,18202.0,63159.0,0.25,0.82
Blackgram,Peaty,Rabi,5.4,6.9,178,45,29,603,959,11,24,Sprinkler,3.97,22574.0,18202.0,49690.0,0.38,0.64
Blackgram,Peaty,Summer,5.5,7.5,138,62,93,695,1501,19,33,Flood,4.02,22574.0,18202.0,50600.0,0.1,0.68
Blackgram,Peaty,All,5.2,7.9,77,38,41,543,743,15,26,Rainfed,3.89,22574.0,18202.0,48233.0,0.5,0.75
Greengram,Sandy,Kharif,5.2,7.1,138,80,65,459,1193,15,33,Rainfed,4.45,28520.0,26523.0,89506.0,0.52,0.93
Greengram,Sandy,Rabi,5.9,7.8,76,75,91,526,1227,21,35,Rainfed,3.95,28520.0,26523.0,76245.0,0.32,0.72
Greengram,Sandy,Summer,5.0,7.0,159,64,113,517,935,19,37,Drip,3.68,28520.0,26523.0,69084.0,0.19,0.86
Greengram,Sandy,All,5.0,7.2,174,44,20,600,1117,15,26,Sprinkler,4.5,28520.0,26523.0,90832.0,0.35,0.6
Greengram,Loamy,Kharif,5.3,7.5,162,70,25,656,1577,14,28,Rainfed,4.59,28520.0,26523.0,93219.0,0.51,0.9
Greengram,Loamy,Rabi,5.9,8.0,156,82,42,542,1509,20,38,Rainfed,3.15,28520.0,26523.0,55027.0,0.11,0.91
Greengram,Loamy,Summer,5.2,7.6,73,30,73,727,1049,10,27,Rainfed,3.57,28520.0,26523.0,66166.0,0.53,0.7
Greengram,Loamy,All,5.9,7.5,44,62,127,644,1168,21,33,Sprinkler,3.88,28520.0,26523.0,74388.0,0.57,0.74
Greengram,Clay,Kharif,5.8,7.5,56,44,125,689,1402,12,26,Rainfed,3.35,28520.0,26523.0,60331.0,0.12,0.81
Greengram,Clay,Rabi,5.7,7.1,40,59,55,587,1146,11,26,Flood,3.96,28520.0,26523.0,76510.0,0.45,0.8
Greengram,Clay,Summer,5.5,6.7,63,43,113,344,734,15,25,Drip,4.3,28520.0,26523.0,85528.0,0.21,0.73
Greengram,Clay,All,5.1,7.6,103,59,127,648,1505,13,25,Sprinkler,3.17,28520.0,26523.0,55557.0,0.45,0.66
Greengram,Silty,Kharif,5.1,7.0,97,44,54,752,1156,12,26,Sprinkler,4.16,28520.0,26523.0,81815.0,0.23,0.77
Greengram,Silty,Rabi,5.6,7.0,173,77,126,623,1526,12,22,Flood,3.33,28520.0,26523.0,59801.0,0.38,0.95
Greengram,Silty,Summer,5.4,7.5,113,46,63,658,1373,18,32,Rainfed,3.88,28520.0,26523.0,74388.0,0.21,0.68
Greengram,Silty,All,5.3,7.9,172,43,80,371,1049,19,34,Sprinkler,3.96,28520.0,26523.0,76510.0,0.43,0.92
Greengram,Peaty,Kharif,5.3,6.7,131,21,40,515,1201,15,30,Rainfed,3.38,28520.0,26523.0,61127.0,0.28,0.66
Greengram,Peaty,Rabi,5.5,7.6,152,78,95,594,1505,16,32,Flood,4.37,28520.0,26523.0,87384.0,0.23,0.73
Greengram,Peaty,Summer,5.3,7.5,116,25,138,749,1188,22,40,Rainfed,3.74,28520.0,26523.0,70675.0,0.49,0.93
Greengram,Peaty,All,5.4,6.5,171,41,138,453,1264,21,39,Drip,4.56,28520.0,26523.0,92424.0,0.38,0.65
Horsegram,Sandy,Kharif,5.1,7.7,76,64,78,502,871,17,27,Drip,4.24,9453.0,49851.0,201917.0,0.19,0.71
Horsegram,Sandy,Rabi,5.2,7.8,151,31,112,425,782,20,38,Sprinkler,3.86,9453.0,49851.0,182974.0,0.18,0.63
Horsegram,Sandy,Summer,5.5,7.1,94,80,105,492,1166,21,34,Rainfed,4.6,9453.0,49851.0,219864.0,0.26,0.93
Horsegram,Sandy,All,5.4,7.0,112,74,96,501,1247,11,26,Flood,5.14,9453.0,49851.0,246783.0,0.59,0.61
Horsegram,Loamy,Kharif,5.9,6.8,100,67,66,474,1187,10,26,Rainfed,5.1,9453.0,49851.0,244789.0,0.17,0.67
Horsegram,Loamy,Rabi,5.2,7.2,126,69,103,392,1027,12,26,Sprinkler,4.6,9453.0,49851.0,219864.0,0.51,0.61
Horsegram,Loamy,Summer,6.0,7.1,81,70,107,564,872,17,28,Sprinkler,5.18,9453.0,49851.0,248777.0,0.15,0.9
Horsegram,Loamy,All,5.8,6.5,121,36,93,559,1152,20,37,Rainfed,4.79,9453.0,49851.0,229335.0,0.58,0.74
Horsegram,Clay,Kharif,5.8,7.0,106,34,97,713,1374,18,33,Flood,5.23,9453.0,49851.0,251270.0,0.52,0.94
Horsegram,Clay,Rabi,5.1,6.8,148,88,117,496,1386,11,23,Rainfed,4.5,9453.0,49851.0,214878.0,0.57,0.81
Horsegram,Clay,Summer,5.2,7.7,156,75,26,537,1025,10,21,Flood,4.74,9453.0,49851.0,226843.0,0.13,0.81
Horsegram,Clay,All,5.4,7.1,115,23,89,436,819,14,29,Flood,3.89,9453.0,49851.0,184469.0,0.26,0.82
Horsegram,Silty,Kharif,5.6,7.0,49,88,114,502,956,12,23,Rainfed,4.1,9453.0,49851.0,194938.0,0.17,0.77
Horsegram,Silty,Rabi,5.9,7.0,157,51,137,722,1672,18,35,Rainfed,4.0,9453.0,49851.0,189953.0,0.29,0.65
Horsegram,Silty,Summer,6.0,7.5,65,68,85,671,951,15,29,Flood,4.63,9453.0,49851.0,221359.0,0.19,0.86
Horsegram,Silty,All,5.7,7.6,60,75,34,706,1102,19,33,Sprinkler,5.04,9453.0,49851.0,241798.0,0.37,0.88
Horsegram,Peaty,Kharif,5.7,6.6,161,47,117,778,1425,14,26,Sprinkler,4.82,9453.0,49851.0,230831.0,0.12,0.74
Horsegram,Peaty,Rabi,5.2,6.9,41,72,46,309,1309,16,28,Sprinkler,4.37,9453.0,49851.0,208398.0,0.4,0.94
Horsegram,Peaty,Summer,5.3,6.8,44,61,48,332,1158,14,31,Flood,5.08,9453.0,49851.0,243792.0,0.26,0.74
Horsegram,Peaty,All,5.9,6.5,127,60,64,721,1376,12,29,Flood,4.26,9453.0,49851.0,202914.0,0.45,0.84
Banana,Sandy,Kharif,6.0,7.4,128,30,46,682,1424,15,29,Sprinkler,3.06,31012.0,13549.0,10447.0,0.33,0.76
Banana,Sandy,Rabi,5.2,7.4,130,75,73,691,914,22,36,Flood,3.32,31012.0,13549.0,13970.0,0.29,0.79
Banana,Sandy,Summer,5.4,7.9,71,32,70,411,827,11,25,Drip,3.18,31012.0,13549.0,12073.0,0.48,0.94
Banana,Sandy,All,6.0,7.3,130,47,73,761,1574,14,29,Sprinkler,2.92,31012.0,13549.0,8551.0,0.43,0.84
Banana,Loamy,Kharif,5.6,7.5,168,88,88,500,930,16,33,Flood,2.54,31012.0,13549.0,3402.0,0.56,0.65
Banana,Loamy,Rabi,5.9,7.1,40,88,126,471,1452,17,29,Rainfed,2.65,31012.0,13549.0,4892.0,0.43,0.94
Banana,Loamy,Summer,5.4,7.5,97,37,98,617,1332,11,27,Rainfed,2.58,31012.0,13549.0,3944.0,0.22,0.8
Banana,Loamy,All,5.5,6.6,134,22,115,607,1476,16,34,Drip,3.17,31012.0,13549.0,11938.0,0.18,0.73
Banana,Clay,Kharif,5.9,6.8,91,61,36,450,716,10,23,Flood,2.73,31012.0,13549.0,5976.0,0.44,0.76
Banana,Clay,Rabi,5.2,6.8,158,84,102,356,1174,15,27,Drip,2.74,31012.0,13549.0,6112.0,0.58,0.6
Banana,Clay,Summer,5.0,7.5,173,80,130,497,769,22,38,Sprinkler,3.2,31012.0,13549.0,12344.0,0.37,0.85
Banana,Clay,All,5.6,8.0,46,76,81,723,1666,10,24,Flood,3.14,31012.0,13549.0,11531.0,0.46,0.61
Banana,Silty,Kharif,5.4,7.9,152,74,120,363,669,12,26,Rainfed,3.03,31012.0,13549.0,10041.0,0.28,0.83
Banana,Silty,Rabi,5.1,6.9,163,46,53,349,886,20,31,Flood,3.22,31012.0,13549.0,12615.0,0.35,0.69
Banana,Silty,Summer,5.3,6.9,153,62,120,530,1446,14,28,Rainfed,3.07,31012.0,13549.0,10583.0,0.17,0.7
Banana,Silty,All,5.2,7.1,132,57,59,783,1716,12,26,Flood,3.02,31012.0,13549.0,9905.0,0.44,0.65
Banana,Peaty,Kharif,5.8,6.7,114,69,52,626,1059,10,23,Sprinkler,2.39,31012.0,13549.0,1370.0,0.11,0.73
Banana,Peaty,Rabi,5.5,7.8,172,71,81,616,990,15,27,Sprinkler,2.8,31012.0,13549.0,6925.0,0.29,0.92
Banana,Peaty,Summer,5.6,7.8,163,42,81,759,1347,10,21,Sprinkler,2.47,31012.0,13549.0,2454.0,0.2,0.65
Banana,Peaty,All,5.6,7.6,70,45,65,555,1225,19,29,Drip,3.05,31012.0,13549.0,10312.0,0.28,0.61
Mango,Sandy,Kharif,5.3,7.9,177,30,122,328,985,19,37,Drip,4.16,21700.0,57697.0,218321.0,0.5,0.66
Mango,Sandy,Rabi,5.9,7.8,98,78,42,320,1143,14,32,Sprinkler,3.87,21700.0,57697.0,201589.0,0.2,0.89
Mango,Sandy,Summer,5.1,7.9,173,58,27,406,839,13,30,Flood,3.89,21700.0,57697.0,202742.0,0.54,0.62
Mango,Sandy,All,5.8,6.6,162,34,76,342,1029,13,24,Drip,4.81,21700.0,57697.0,255824.0,0.25,0.6
Mango,Loamy,Kharif,5.4,7.9,153,44,95,712,1562,19,36,Rainfed,4.17,21700.0,57697.0,218898.0,0.3,0.69
Mango,Loamy,Rabi,5.6,7.0,163,85,56,787,1647,14,28,Drip,4.34,21700.0,57697.0,228706.0,0.44,0.78
Mango,Loamy,Summer,5.6,6.7,86,82,20,463,1184,17,34,Drip,4.04,21700.0,57697.0,211397.0,0.48,0.84
Mango,Loamy,All,5.1,7.8,127,88,125,393,791,22,33,Drip,4.1,21700.0,57697.0,214859.0,0.35,0.71
Mango,Clay,Kharif,5.5,6.7,116,46,93,644,1002,15,27,Drip,5.13,21700.0,57697.0,274287.0,0.49,0.9
Mango,Clay,Rabi,5.6,6.7,172,80,103,604,1230,22,36,Drip,5.43,21700.0,57697.0,291596.0,0.34,0.9
Mango,Clay,Summer,5.3,6.7,125,65,126,681,1203,17,31,Flood,4.75,21700.0,57697.0,252362.0,0.48,0.6
Mango,Clay,All,5.9,6.6,144,65,102,712,1055,17,31,Rainfed,5.22,21700.0,57697.0,279480.0,0.2,0.83
Mango,Silty,Kharif,5.3,7.7,46,61,74,704,1295,15,33,Drip,5.18,21700.0,57697.0,277172.0,0.41,0.75
Mango,Silty,Rabi,5.3,6.6,81,61,112,545,1483,19,36,Rainfed,5.15,21700.0,57697.0,275441.0,0.3,0.94
Mango,Silty,Summer,5.7,6.9,136,27,32,328,1182,15,29,Sprinkler,4.52,21700.0,57697.0,239092.0,0.24,0.77
Mango,Silty,All,5.9,6.6,145,39,131,377,1180,14,27,Rainfed,4.52,21700.0,57697.0,239092.0,0.26,0.79
Mango,Peaty,Kharif,5.7,7.3,114,22,37,695,1683,11,26,Sprinkler,5.38,21700.0,57697.0,288712.0,0.32,0.91
Mango,Peaty,Rabi,5.2,7.2,157,66,62,401,1294,21,35,Sprinkler,4.82,21700.0,57697.0,256401.0,0.57,0.65
Mango,Peaty,Summer,5.6,7.1,164,26,126,570,831,18,33,Rainfed,4.75,21700.0,57697.0,252362.0,0.6,0.94
Mango,Peaty,All,5.9,7.0,177,82,56,594,1135,20,31,Rainfed,4.75,21700.0,57697.0,252362.0,0.59,0.87
Papaya,Sandy,Kharif,5.1,7.9,88,29,118,650,1291,14,31,Flood,4.81,30850.0,50332.0,211249.0,0.6,0.65
Papaya,Sandy,Rabi,5.3,6.8,126,78,87,699,1608,21,37,Rainfed,3.99,30850.0,50332.0,169976.0,0.25,0.82
Papaya,Sandy,Summer,5.4,6.5,122,74,39,432,860,19,34,Flood,4.41,30850.0,50332.0,191116.0,0.2,0.89
Papaya,Sandy,All,5.9,7.8,79,44,118,375,786,14,26,Rainfed,3.37,30850.0,50332.0,138770.0,0.4,0.9
Papaya,Loamy,Kharif,5.8,7.3,57,61,131,461,896,20,33,Drip,3.83,30850.0,50332.0,161923.0,0.31,0.69
Papaya,Loamy,Rabi,5.9,6.8,130,23,37,749,1399,11,27,Rainfed,4.07,30850.0,50332.0,174003.0,0.47,0.86
Papaya,Loamy,Summer,5.4,7.2,142,45,46,694,1283,19,30,Rainfed,4.94,30850.0,50332.0,217792.0,0.35,0.8
Papaya,Loamy,All,5.5,6.7,93,35,140,550,1508,19,34,Sprinkler,4.02,30850.0,50332.0,171486.0,0.21,0.63
Papaya,Clay,Kharif,5.5,7.2,170,34,140,533,749,10,26,Flood,3.99,30850.0,50332.0,169976.0,0.53,0.72
Papaya,Clay,Rabi,5.9,7.8,151,58,49,659,945,20,36,Flood,3.35,30850.0,50332.0,137763.0,0.58,0.86
Papaya,Clay,Summer,5.9,6.6,103,42,92,304,635,18,30,Drip,4.48,30850.0,50332.0,194639.0,0.48,0.62
Papaya,Clay,All,5.8,7.8,115,67,99,512,873,16,28,Drip,4.88,30850.0,50332.0,214772.0,0.58,0.86
Papaya,Silty,Kharif,5.8,6.8,68,40,23,554,962,14,30,Sprinkler,4.84,30850.0,50332.0,212759.0,0.23,0.71
Papaya,Silty,Rabi,5.8,7.0,160,24,114,746,1093,16,26,Flood,4.6,30850.0,50332.0,200679.0,0.46,0.66
Papaya,Silty,Summer,5.1,7.0,97,31,73,333,648,17,34,Flood,4.75,30850.0,50332.0,208229.0,0.37,0.65
Papaya,Silty,All,5.6,7.5,119,80,80,760,1223,12,27,Sprinkler,4.92,30850.0,50332.0,216785.0,0.43,0.63
Papaya,Peaty,Kharif,5.5,7.7,90,36,48,563,895,22,34,Drip,4.42,30850.0,50332.0,191619.0,0.47,0.85
Papaya,Peaty,Rabi,5.3,7.4,103,48,52,394,1341,20,34,Sprinkler,4.51,30850.0,50332.0,196149.0,0.33,0.81
Papaya,Peaty,Summer,5.5,8.0,108,36,61,516,1099,20,32,Rainfed,4.57,30850.0,50332.0,199169.0,0.5,0.82
Papaya,Peaty,All,5.8,8.0,43,38,101,317,760,12,28,Sprinkler,3.35,30850.0,50332.0,137763.0,0.34,0.9
Guava,Sandy,Kharif,5.4,8.0,156,53,89,525,845,21,35,Sprinkler,2.28,34211.0,53737.0,88310.0,0.55,0.69
Guava,Sandy,Rabi,5.8,7.2,180,78,104,349,1233,15,33,Sprinkler,2.01,34211.0,53737.0,73801.0,0.28,0.82
Guava,Sandy,Summer,6.0,6.7,98,78,126,356,679,18,32,Drip,2.8,34211.0,53737.0,116253.0,0.25,0.75
Guava,Sandy,All,6.0,6.6,169,43,70,719,1442,13,25,Drip,2.71,34211.0,53737.0,111417.0,0.2,0.86
Guava,Loamy,Kharif,5.5,7.7,175,87,26,709,1454,15,33,Drip,2.63,34211.0,53737.0,107118.0,0.6,0.66
Guava,Loamy,Rabi,5.2,7.5,97,39,89,782,1606,16,29,Sprinkler,2.0,34211.0,53737.0,73263.0,0.58,0.74
Guava,Loamy,Summer,5.4,7.3,147,80,79,464,803,21,35,Rainfed,2.02,34211.0,53737.0,74338.0,0.45,0.83
Guava,Loamy,All,5.2,7.6,57,27,116,510,853,12,29,Drip,2.7,34211.0,53737.0,110879.0,0.5,0.93
Guava,Clay,Kharif,5.2,7.7,147,70,95,399,853,15,26,Drip,2.89,34211.0,53737.0,121090.0,0.24,0.91
Guava,Clay,Rabi,5.1,7.6,78,46,76,372,1260,14,29,Rainfed,2.57,34211.0,53737.0,103894.0,0.36,0.78
Guava,Clay,Summer,5.8,7.4,99,76,58,720,1047,18,35,Drip,2.02,34211.0,53737.0,74338.0,0.59,0.92
Guava,Clay,All,5.3,6.9,50,68,127,756,1217,11,28,Flood,2.52,34211.0,53737.0,101207.0,0.54,0.84
Guava,Silty,Kharif,5.8,7.6,97,86,33,345,1294,19,34,Drip,2.8,34211.0,53737.0,116253.0,0.43,0.89
Guava,Silty,Rabi,6.0,7.1,66,55,127,670,1620,14,28,Sprinkler,2.36,34211.0,53737.0,92609.0,0.52,0.94
Guava,Silty,Summer,5.1,6.7,164,51,94,553,979,19,35,Sprinkler,2.05,34211.0,53737.0,75950.0,0.49,0.85
Guava,Silty,All,5.6,7.8,136,86,131,773,1656,16,26,Rainfed,2.53,34211.0,53737.0,101744.0,0.5,0.93
Guava,Peaty,Kharif,5.6,6.7,101,66,94,644,1570,19,35,Flood,2.65,34211.0,53737.0,108193.0,0.12,0.83
Guava,Peaty,Rabi,5.4,7.2,173,24,140,504,1347,21,37,Rainfed,2.16,34211.0,53737.0,81861.0,0.19,0.82
Guava,Peaty,Summer,5.3,6.9,145,23,113,533,992,15,30,Sprinkler,2.9,34211.0,53737.0,121627.0,0.22,0.76
Guava,Peaty,All,5.0,7.2,107,40,46,585,1574,18,33,Flood,2.69,34211.0,53737.0,110342.0,0.49,0.66
Pineapple,Sandy,Kharif,5.5,7.7,98,60,126,456,759,21,32,Flood,3.7,17499.0,16266.0,42684.0,0.35,0.67
Pineapple,Sandy,Rabi,5.4,6.9,164,64,63,712,1360,15,27,Drip,3.72,17499.0,16266.0,43010.0,0.16,0.8
Pineapple,Sandy,Summer,5.9,7.6,115,88,42,503,1336,21,32,Drip,3.35,17499.0,16266.0,36991.0,0.46,0.92
Pineapple,Sandy,All,5.7,7.8,77,63,88,481,1087,12,28,Rainfed,4.55,17499.0,16266.0,56510.0,0.47,0.91
Pineapple,Loamy,Kharif,5.8,7.4,61,61,48,526,767,13,31,Drip,4.27,17499.0,16266.0,51956.0,0.24,0.77
Pineapple,Loamy,Rabi,5.8,8.0,102,48,76,631,1052,12,22,Sprinkler,3.59,17499.0,16266.0,40895.0,0.11,0.81
Pineapple,Loamy,Summer,5.8,7.1,89,72,43,734,1465,19,35,Flood,4.39,17499.0,16266.0,53908.0,0.45,0.94
Pineapple,Loamy,All,5.8,6.9,134,66,135,773,1213,15,33,Sprinkler,3.32,17499.0,16266.0,36504.0,0.45,0.71
Pineapple,Clay,Kharif,5.8,7.6,177,36,32,769,1488,21,38,Sprinkler,3.37,17499.0,16266.0,37317.0,0.51,0.68
Pineapple,Clay,Rabi,5.3,7.6,97,79,54,594,848,17,34,Flood,4.14,17499.0,16266.0,49841.0,0.13,0.95
Pineapple,Clay,Summer,5.0,7.2,54,64,81,744,1667,12,23,Sprinkler,3.3,17499.0,16266.0,36178.0,0.46,0.8
Pineapple,Clay,All,5.9,7.6,165,75,110,691,1027,16,29,Flood,3.69,17499.0,16266.0,42522.0,0.45,0.71
Pineapple,Silty,Kharif,5.2,7.7,170,72,38,692,1444,20,35,Rainfed,4.75,17499.0,16266.0,59764.0,0.13,0.86
Pineapple,Silty,Rabi,5.6,7.7,58,28,87,511,1458,12,25,Drip,4.77,17499.0,16266.0,60089.0,0.49,0.95
Pineapple,Silty,Summer,5.8,6.5,166,35,62,345,641,16,32,Flood,3.81,17499.0,16266.0,44474.0,0.34,0.9
Pineapple,Silty,All,5.2,7.0,85,75,132,429,1140,11,23,Sprinkler,3.84,17499.0,16266.0,44962.0,0.21,0.94
Pineapple,Peaty,Kharif,5.6,7.0,64,87,52,310,1130,10,28,Rainfed,4.29,17499.0,16266.0,52281.0,0.15,0.6
Pineapple,Peaty,Rabi,6.0,6.5,123,69,59,314,1095,19,34,Rainfed,4.73,17499.0,16266.0,59438.0,0.19,0.82
Pineapple,Peaty,Summer,5.2,6.8,128,32,131,649,1007,19,34,Drip,4.63,17499.0,16266.0,57812.0,0.45,0.91
Pineapple,Peaty,All,5.2,6.7,153,23,99,319,1069,22,33,Sprinkler,4.7,17499.0,16266.0,58950.0,0.15,0.84
Orange,Sandy,Kharif,5.2,6.7,126,78,138,637,1398,16,33,Rainfed,4.75,10692.0,20034.0,84471.0,0.13,0.69
Orange,Sandy,Rabi,5.1,7.9,165,44,121,506,748,15,25,Flood,5.0,10692.0,20034.0,89480.0,0.55,0.85
Orange,Sandy,Summer,5.8,6.6,173,31,104,635,1163,18,36,Flood,4.91,10692.0,20034.0,87677.0,0.42,0.7
Orange,Sandy,All,5.1,7.6,114,74,71,522,1108,11,28,Rainfed,4.43,10692.0,20034.0,78060.0,0.26,0.77
Orange,Loamy,Kharif,5.4,7.2,113,27,87,725,967,13,24,Sprinkler,5.15,10692.0,20034.0,92485.0,0.47,0.8
Orange,Loamy,Rabi,5.2,7.0,52,88,23,324,834,16,29,Sprinkler,5.28,10692.0,20034.0,95090.0,0.13,0.89
Orange,Loamy,Summer,5.9,7.6,174,42,85,489,1386,21,31,Drip,3.74,10692.0,20034.0,64237.0,0.57,0.91
Orange,Loamy,All,5.7,6.6,92,83,46,592,1447,19,29,Rainfed,5.2,10692.0,20034.0,93487.0,0.2,0.84
Orange,Clay,Kharif,5.9,6.5,101,62,42,499,932,15,31,Rainfed,3.84,10692.0,20034.0,66240.0,0.4,0.82
Orange,Clay,Rabi,5.3,7.9,119,46,140,749,1618,21,35,Flood,4.79,10692.0,20034.0,85273.0,0.31,0.74
Orange,Clay,Summer,5.3,7.9,164,52,96,305,1146,21,37,Rainfed,4.8,10692.0,20034.0,85473.0,0.32,0.83
Orange,Clay,All,5.2,7.5,69,40,135,705,1405,11,23,Sprinkler,3.86,10692.0,20034.0,66641.0,0.47,0.93
Orange,Silty,Kharif,5.7,7.5,112,88,56,445,1228,14,25,Rainfed,4.26,10692.0,20034.0,74654.0,0.54,0.67
Orange,Silty,Rabi,5.1,7.8,91,36,86,318,998,17,28,Rainfed,3.97,10692.0,20034.0,68844.0,0.52,0.66
Orange,Silty,Summer,5.8,7.7,101,75,98,489,1137,21,33,Flood,4.62,10692.0,20034.0,81867.0,0.12,0.93
Orange,Silty,All,5.8,6.8,93,60,25,591,805,12,27,Sprinkler,5.2,10692.0,20034.0,93487.0,0.28,0.67
Orange,Peaty,Kharif,5.6,7.1,79,57,84,332,762,12,25,Sprinkler,4.73,10692.0,20034.0,84071.0,0.32,0.9
Orange,Peaty,Rabi,5.1,6.9,175,56,91,382,728,18,33,Rainfed,3.76,10692.0,20034.0,64637.0,0.13,0.78
Orange,Peaty,Summer,5.0,7.6,122,67,24,373,679,20,33,Rainfed,4.24,10692.0,20034.0,74254.0,0.38,0.88
Orange,Peaty,All,5.8,6.7,97,24,92,579,854,10,27,Flood,4.06,10692.0,20034.0,70648.0,0.41,0.76
Lemon,Sandy,Kharif,5.3,8.0,156,81,137,760,1116,17,35,Sprinkler,4.66,24540.0,44778.0,184126.0,0.24,0.86
Lemon,Sandy,Rabi,6.0,7.1,105,40,67,678,899,16,30,Drip,4.28,24540.0,44778.0,167111.0,0.31,0.91
Lemon,Sandy,Summer,5.9,8.0,72,65,46,782,1397,16,32,Flood,5.73,24540.0,44778.0,232039.0,0.32,0.74
Lemon,Sandy,All,5.4,7.0,142,37,112,571,981,13,26,Drip,5.38,24540.0,44778.0,216367.0,0.57,0.86
Lemon,Loamy,Kharif,5.8,7.0,158,90,130,691,1309,15,29,Drip,5.02,24540.0,44778.0,200247.0,0.34,0.79
Lemon,Loamy,Rabi,5.5,7.9,145,26,45,411,956,18,30,Flood,6.16,24540.0,44778.0,251294.0,0.32,0.93
Lemon,Loamy,Summer,5.0,6.8,84,54,115,648,1424,22,34,Flood,5.4,24540.0,44778.0,217262.0,0.5,0.65
Lemon,Loamy,All,5.3,6.9,73,82,60,612,1593,19,37,Rainfed,5.61,24540.0,44778.0,226666.0,0.49,0.63
Lemon,Clay,Kharif,5.0,7.8,53,62,129,346,866,15,28,Drip,6.2,24540.0,44778.0,253085.0,0.25,0.62
Lemon,Clay,Rabi,5.6,7.0,154,80,63,660,1039,14,28,Rainfed,5.87,24540.0,44778.0,238308.0,0.18,0.91
Lemon,Clay,Summer,5.2,6.7,144,40,91,582,1425,17,31,Drip,6.24,24540.0,44778.0,254876.0,0.43,0.65
Lemon,Clay,All,5.4,7.6,74,68,80,494,1182,12,22,Sprinkler,6.14,24540.0,44778.0,250398.0,0.39,0.66
Lemon,Silty,Kharif,5.9,8.0,128,63,30,753,1331,11,23,Drip,5.5,24540.0,44778.0,221740.0,0.44,0.92
Lemon,Silty,Rabi,5.1,7.9,90,61,57,664,949,15,32,Rainfed,5.5,24540.0,44778.0,221740.0,0.4,0.95
Lemon,Silty,Summer,5.4,6.9,171,55,86,762,986,17,32,Drip,4.3,24540.0,44778.0,168006.0,0.22,0.71
Lemon,Silty,All,5.4,7.1,50,54,115,688,1560,17,28,Sprinkler,5.35,24540.0,44778.0,215023.0,0.17,0.94
Lemon,Peaty,Kharif,5.6,7.6,44,58,68,402,1083,16,32,Rainfed,5.65,24540.0,44778.0,228457.0,0.24,0.73
Lemon,Peaty,Rabi,5.4,7.3,148,72,110,475,810,15,29,Drip,5.22,24540.0,44778.0,209202.0,0.23,0.92
Lemon,Peaty,Summer,5.9,6.6,121,85,134,358,581,22,34,Rainfed,4.7,24540.0,44778.0,185918.0,0.19,0.62
Lemon,Peaty,All,5.6,6.9,62,29,21,670,883,21,36,Rainfed,4.52,24540.0,44778.0,177857.0,0.41,0.9
Grapes,Sandy,Kharif,5.1,6.7,75,45,137,681,964,12,23,Rainfed,3.05,29226.0,53923.0,135240.0,0.5,0.68
Grapes,Sandy,Rabi,5.0,6.6,122,87,44,543,945,21,38,Drip,3.76,29226.0,53923.0,173526.0,0.47,0.81
Grapes,Sandy,Summer,5.9,7.2,169,20,30,390,792,14,26,Drip,4.11,29226.0,53923.0,192399.0,0.45,0.63
Grapes,Sandy,All,5.2,7.0,98,40,70,625,1431,14,30,Sprinkler,3.38,29226.0,53923.0,153035.0,0.23,0.72
Grapes,Loamy,Kharif,5.2,6.5,104,56,116,382,648,10,21,Flood,3.57,29226.0,53923.0,163281.0,0.47,0.82
Grapes,Loamy,Rabi,5.8,6.6,154,21,115,645,935,15,30,Rainfed,3.91,29226.0,53923.0,181614.0,0.46,0.71
Grapes,Loamy,Summer,5.4,7.7,134,83,58,690,1390,15,33,Drip,3.39,29226.0,53923.0,153574.0,0.19,0.84
Grapes,Loamy,All,5.4,7.8,123,71,79,744,1419,17,29,Drip,4.17,29226.0,53923.0,195634.0,0.29,0.93
Grapes,Clay,Kharif,5.9,7.7,137,39,71,487,701,16,28,Drip,3.95,29226.0,53923.0,183771.0,0.19,0.63
Grapes,Clay,Rabi,5.4,6.7,126,45,22,554,1155,12,26,Sprinkler,3.39,29226.0,53923.0,153574.0,0.34,0.85
Grapes,Clay,Summer,5.4,7.9,80,82,105,330,891,11,22,Sprinkler,4.12,29226.0,53923.0,192938.0,0.4,0.65
Grapes,Clay,All,5.5,7.2,95,73,82,306,821,20,32,Sprinkler,4.0,29226.0,53923.0,186468.0,0.44,0.75
Grapes,Silty,Kharif,5.1,6.7,112,63,112,491,1396,12,27,Flood,3.14,29226.0,53923.0,140094.0,0.32,0.75
Grapes,Silty,Rabi,5.2,7.0,99,60,101,768,1455,22,36,Sprinkler,3.92,29226.0,53923.0,182154.0,0.27,0.67
Grapes,Silty,Summer,5.1,7.0,98,50,124,719,1174,17,34,Rainfed,3.52,29226.0,53923.0,160584.0,0.54,0.73
Grapes,Silty,All,5.1,7.0,175,82,79,608,1553,14,25,Flood,3.64,29226.0,53923.0,167055.0,0.2,0.87
Grapes,Peaty,Kharif,5.7,7.0,55,80,51,414,1262,10,25,Sprinkler,4.3,29226.0,53923.0,202645.0,0.34,0.65
Grapes,Peaty,Rabi,5.3,7.0,120,88,45,721,1582,13,24,Sprinkler,4.16,29226.0,53923.0,195095.0,0.47,0.67
Grapes,Peaty,Summer,5.8,6.9,136,74,109,719,930,14,28,Drip,3.26,29226.0,53923.0,146564.0,0.11,0.83
Grapes,Peaty,All,5.8,6.6,159,38,77,620,1211,18,30,Flood,4.2,29226.0,53923.0,197252.0,0.15,0.7
Apple,Sandy,Kharif,5.2,6.7,44,35,26,744,1278,18,35,Sprinkler,2.47,20240.0,45902.0,93139.0,0.52,0.73
Apple,Sandy,Rabi,5.0,7.2,122,70,42,467,1294,22,32,Sprinkler,2.68,20240.0,45902.0,102778.0,0.48,0.61
Apple,Sandy,Summer,5.5,7.6,73,83,28,774,1043,12,24,Rainfed,2.91,20240.0,45902.0,113336.0,0.57,0.68
Apple,Sandy,All,5.8,8.0,126,30,72,475,1443,11,28,Flood,2.93,20240.0,45902.0,114254.0,0.36,0.82
Apple,Loamy,Kharif,5.4,6.7,62,46,77,381,699,22,36,Drip,2.58,20240.0,45902.0,98188.0,0.42,0.8
Apple,Loamy,Rabi,5.1,7.8,97,81,25,321,745,22,35,Drip,3.4,20240.0,45902.0,135828.0,0.17,0.71
Apple,Loamy,Summer,5.4,7.5,141,22,85,691,1187,17,27,Flood,2.94,20240.0,45902.0,114713.0,0.12,0.81
Apple,Loamy,All,5.2,7.4,41,64,109,341,1136,15,33,Drip,2.76,20240.0,45902.0,106450.0,0.18,0.6
Apple,Clay,Kharif,5.6,7.4,108,67,85,498,861,13,27,Sprinkler,2.53,20240.0,45902.0,95893.0,0.55,0.74
Apple,Clay,Rabi,5.7,7.2,154,85,118,507,916,12,23,Rainfed,2.75,20240.0,45902.0,105991.0,0.15,0.93
Apple,Clay,Summer,5.2,7.6,116,47,133,603,1113,15,32,Rainfed,3.05,20240.0,45902.0,119762.0,0.21,0.91
Apple,Clay,All,5.8,6.8,46,59,21,410,795,15,28,Flood,3.39,20240.0,45902.0,135369.0,0.29,0.71
Apple,Silty,Kharif,6.0,7.4,82,82,81,587,1398,14,27,Rainfed,3.01,20240.0,45902.0,117926.0,0.54,0.9
Apple,Silty,Rabi,5.6,7.8,110,20,58,527,1117,21,33,Rainfed,2.37,20240.0,45902.0,88548.0,0.21,0.67
Apple,Silty,Summer,5.4,7.8,59,55,73,634,856,14,24,Rainfed,2.65,20240.0,45902.0,101401.0,0.23,0.93
Apple,Silty,All,5.9,7.7,92,35,137,625,1587,20,30,Flood,2.5,20240.0,45902.0,94516.0,0.16,0.85
Apple,Peaty,Kharif,5.5,7.8,109,54,22,659,1435,17,28,Drip,2.55,20240.0,45902.0,96811.0,0.3,0.73
Apple,Peaty,Rabi,5.0,7.1,159,72,42,798,1011,19,29,Rainfed,3.41,20240.0,45902.0,136287.0,0.54,0.85
Apple,Peaty,Summer,5.7,6.8,108,23,105,439,831,13,30,Rainfed,3.45,20240.0,45902.0,138123.0,0.12,0.8
Apple,Peaty,All,5.9,7.3,165,49,111,734,1694,10,24,Sprinkler,2.41,20240.0,45902.0,90384.0,0.28,0.89
Pomegranate,Sandy,Kharif,5.7,7.3,122,64,72,389,1183,16,31,Flood,5.04,32349.0,29917.0,118432.0,0.48,0.65
Pomegranate,Sandy,Rabi,5.7,7.8,178,72,66,792,1434,11,25,Drip,3.94,32349.0,29917.0,85523.0,0.28,0.76
Pomegranate,Sandy,Summer,5.8,7.8,82,25,63,559,1399,12,27,Drip,4.82,32349.0,29917.0,111850.0,0.39,0.94
Pomegranate,Sandy,All,5.8,7.7,141,30,125,514,828,18,36,Rainfed,4.26,32349.0,29917.0,95097.0,0.39,0.69
Pomegranate,Loamy,Kharif,5.6,7.9,98,62,82,359,892,21,36,Flood,4.26,32349.0,29917.0,95097.0,0.51,0.68
Pomegranate,Loamy,Rabi,5.4,7.1,67,48,101,629,1293,12,25,Rainfed,4.89,32349.0,29917.0,113944.0,0.58,0.88
Pomegranate,Loamy,Summer,5.5,7.9,118,50,116,507,1017,13,31,Rainfed,4.99,32349.0,29917.0,116936.0,0.2,0.61
Pomegranate,Loamy,All,5.3,6.8,58,28,52,531,852,16,31,Flood,3.4,32349.0,29917.0,69368.0,0.4,0.72
Pomegranate,Clay,Kharif,5.4,7.0,162,25,106,551,783,17,32,Sprinkler,3.43,32349.0,29917.0,70266.0,0.45,0.9
Pomegranate,Clay,Rabi,5.4,7.3,65,74,108,600,1435,15,32,Rainfed,4.02,32349.0,29917.0,87917.0,0.58,0.87
Pomegranate,Clay,Summer,5.1,6.9,63,30,51,670,1602,20,31,Flood,4.02,32349.0,29917.0,87917.0,0.27,0.81
Pomegranate,Clay,All,5.5,7.0,155,47,98,510,807,10,22,Rainfed,4.96,32349.0,29917.0,116038.0,0.32,0.78
Pomegranate,Silty,Kharif,5.5,7.5,139,88,103,670,919,14,25,Flood,3.67,32349.0,29917.0,77446.0,0.33,0.9
Pomegranate,Silty,Rabi,5.0,7.4,149,34,107,379,657,13,30,Flood,3.8,32349.0,29917.0,81335.0,0.29,0.86
Pomegranate,Silty,Summer,5.7,6.8,136,25,58,393,821,15,32,Drip,4.58,32349.0,29917.0,104670.0,0.5,0.93
Pomegranate,Silty,All,5.1,6.7,73,23,76,554,1129,22,38,Rainfed,4.57,32349.0,29917.0,104371.0,0.55,0.73
Pomegranate,Peaty,Kharif,5.5,7.1,48,55,75,585,1503,16,27,Rainfed,3.53,32349.0,29917.0,73257.0,0.54,0.83
Pomegranate,Peaty,Rabi,5.5,7.3,102,37,35,312,677,11,23,Drip,4.13,32349.0,29917.0,91207.0,0.6,0.73
Pomegranate,Peaty,Summer,5.3,6.6,87,72,34,586,826,13,26,Drip,3.89,32349.0,29917.0,84027.0,0.47,0.74
Pomegranate,Peaty,All,5.4,7.3,43,34,87,640,1112,19,37,Rainfed,3.89,32349.0,29917.0,84027.0,0.51,0.71
Coconut,Sandy,Kharif,5.7,7.2,94,32,42,498,1264,20,38,Rainfed,2.33,13766.0,35059.0,67921.0,0.16,0.78
Coconut,Sandy,Rabi,5.9,6.6,171,29,92,384,836,20,36,Sprinkler,3.19,13766.0,35059.0,98071.0,0.51,0.74
Coconut,Sandy,Summer,5.8,6.6,122,70,23,398,1285,21,36,Flood,2.66,13766.0,35059.0,79490.0,0.52,0.68
Coconut,Sandy,All,5.9,7.2,170,72,102,746,1719,20,32,Drip,2.83,13766.0,35059.0,85450.0,0.24,0.87
Coconut,Loamy,Kharif,5.4,6.5,56,30,110,756,1751,12,22,Sprinkler,2.48,13766.0,35059.0,73179.0,0.24,0.83
Coconut,Loamy,Rabi,6.0,7.0,177,61,137,457,1138,18,35,Flood,3.0,13766.0,35059.0,91410.0,0.52,0.81
Coconut,Loamy,Summer,5.6,7.5,75,80,63,346,1254,17,32,Rainfed,2.45,13766.0,35059.0,72128.0,0.23,0.69
Coconut,Loamy,All,5.3,7.3,120,61,136,422,1201,13,28,Sprinkler,2.38,13766.0,35059.0,69674.0,0.27,0.84
Coconut,Clay,Kharif,5.3,7.4,88,37,122,694,1598,14,27,Sprinkler,2.95,13766.0,35059.0,89657.0,0.38,0.67
Coconut,Clay,Rabi,5.5,7.3,70,57,101,426,836,19,34,Drip,3.14,13766.0,35059.0,96318.0,0.5,0.73
Coconut,Clay,Summer,5.4,7.6,157,88,63,374,834,19,30,Sprinkler,2.31,13766.0,35059.0,67219.0,0.29,0.79
Coconut,Clay,All,5.4,6.6,105,83,78,778,1541,19,33,Flood,2.39,13766.0,35059.0,70024.0,0.13,0.75
Coconut,Silty,Kharif,6.0,7.4,161,75,69,460,782,12,24,Rainfed,2.57,13766.0,35059.0,76335.0,0.5,0.62
Coconut,Silty,Rabi,5.8,6.9,180,88,54,365,663,21,37,Drip,2.22,13766.0,35059.0,64064.0,0.43,0.62
Coconut,Silty,Summer,5.1,8.0,110,56,75,423,859,13,27,Sprinkler,3.09,13766.0,35059.0,94565.0,0.18,0.79
Coconut,Silty,All,5.3,6.8,138,46,89,615,832,12,23,Sprinkler,3.05,13766.0,35059.0,93163.0,0.16,0.69
Coconut,Peaty,Kharif,5.4,6.9,82,42,137,412,898,11,21,Drip,2.9,13766.0,35059.0,87904.0,0.32,0.9
Coconut,Peaty,Rabi,5.8,7.2,99,32,128,341,959,21,38,Flood,2.34,13766.0,35059.0,68271.0,0.54,0.9
Coconut,Peaty,Summer,5.8,6.5,109,46,132,644,1347,16,34,Sprinkler,2.52,13766.0,35059.0,74582.0,0.35,0.82
Coconut,Peaty,All,5.8,7.4,135,38,110,339,1154,21,37,Drip,3.03,13766.0,35059.0,92462.0,0.2,0.71
Arecanut,Sandy,Kharif,5.2,7.4,160,23,107,778,1554,13,24,Flood,3.83,15848.0,23941.0,75845.0,0.11,0.8
Arecanut,Sandy,Rabi,5.4,6.5,151,77,136,517,808,16,30,Sprinkler,3.14,15848.0,23941.0,59326.0,0.28,0.95
Arecanut,Sandy,Summer,5.5,6.8,172,87,123,400,637,16,31,Rainfed,3.89,15848.0,23941.0,77281.0,0.14,0.92
Arecanut,Sandy,All,5.1,7.5,52,52,30,568,1029,17,29,Sprinkler,3.02,15848.0,23941.0,56453.0,0.32,0.9
Arecanut,Loamy,Kharif,5.2,7.1,82,86,28,418,712,19,29,Drip,3.23,15848.0,23941.0,61480.0,0.34,0.75
Arecanut,Loamy,Rabi,5.2,6.5,90,29,28,695,998,14,26,Rainfed,3.92,15848.0,23941.0,77999.0,0.38,0.73
Arecanut,Loamy,Summer,5.2,7.3,87,51,120,304,837,12,26,Rainfed,3.53,15848.0,23941.0,68663.0,0.55,0.74
Arecanut,Loamy,All,5.2,7.2,73,50,130,611,1187,19,33,Flood,3.17,15848.0,23941.0,60044.0,0.19,0.64
Arecanut,Clay,Kharif,5.2,7.5,50,28,68,369,569,14,31,Flood,3.78,15848.0,23941.0,74648.0,0.3,0.79
Arecanut,Clay,Rabi,5.4,7.3,173,65,120,610,1401,21,37,Sprinkler,3.56,15848.0,23941.0,69381.0,0.3,0.78
Arecanut,Clay,Summer,5.5,7.7,92,29,96,488,993,11,27,Flood,3.35,15848.0,23941.0,64353.0,0.29,0.71
Arecanut,Clay,All,5.2,6.5,151,38,77,742,1546,22,34,Sprinkler,3.38,15848.0,23941.0,65071.0,0.17,0.92
Arecanut,Silty,Kharif,5.9,6.9,142,79,111,538,1118,13,30,Drip,3.41,15848.0,23941.0,65790.0,0.13,0.93
Arecanut,Silty,Rabi,5.9,7.9,115,67,26,479,1155,16,32,Rainfed,3.66,15848.0,23941.0,71775.0,0.28,0.78
Arecanut,Silty,Summer,5.5,7.9,162,28,65,469,867,14,32,Drip,2.84,15848.0,23941.0,52143.0,0.15,0.86
Arecanut,Silty,All,5.6,6.6,170,47,100,566,1146,10,27,Flood,3.29,15848.0,23941.0,62917.0,0.41,0.72
Arecanut,Peaty,Kharif,5.3,7.1,172,35,133,524,1500,17,33,Rainfed,3.76,15848.0,23941.0,74169.0,0.37,0.86
Arecanut,Peaty,Rabi,5.5,8.0,79,68,62,638,1569,17,31,Drip,3.02,15848.0,23941.0,56453.0,0.56,0.63
Arecanut,Peaty,Summer,5.4,7.1,50,25,58,306,642,13,29,Drip,3.41,15848.0,23941.0,65790.0,0.51,0.65
Arecanut,Peaty,All,5.5,6.9,93,20,28,383,621,14,31,Rainfed,3.13,15848.0,23941.0,59086.0,0.56,0.66
Coffee,Sandy,Kharif,5.8,7.0,135,80,53,595,1366,18,33,Sprinkler,4.92,26074.0,17483.0,59944.0,0.43,0.89
Coffee,Sandy,Rabi,5.6,7.5,102,48,124,311,955,17,31,Sprinkler,5.72,26074.0,17483.0,73931.0,0.25,0.94
Coffee,Sandy,Summer,6.0,6.6,116,52,33,721,1072,18,31,Drip,5.6,26074.0,17483.0,71833.0,0.22,0.92
Coffee,Sandy,All,5.9,7.5,169,66,72,680,1289,16,31,Sprinkler,4.05,26074.0,17483.0,44733.0,0.18,0.77
Coffee,Loamy,Kharif,5.9,6.6,120,27,75,507,1149,12,28,Flood,5.79,26074.0,17483.0,75154.0,0.27,0.73
Coffee,Loamy,Rabi,5.3,7.2,165,70,95,409,1024,16,29,Sprinkler,4.36,26074.0,17483.0,50153.0,0.5,0.72
Coffee,Loamy,Summer,5.6,7.4,61,32,30,342,1297,10,22,Flood,4.85,26074.0,17483.0,58720.0,0.15,0.94
Coffee,Loamy,All,5.8,7.5,53,20,80,390,623,12,26,Sprinkler,5.21,26074.0,17483.0,65014.0,0.56,0.84
Coffee,Clay,Kharif,5.7,6.6,82,59,62,351,590,19,30,Rainfed,5.09,26074.0,17483.0,62916.0,0.51,0.67
Coffee,Clay,Rabi,5.2,7.1,165,33,54,603,1101,19,37,Rainfed,5.51,26074.0,17483.0,70259.0,0.24,0.62
Coffee,Clay,Summer,5.6,6.9,171,32,83,610,1039,21,35,Rainfed,4.66,26074.0,17483.0,55398.0,0.27,0.66
Coffee,Clay,All,5.5,7.2,170,59,57,634,1556,16,32,Drip,5.44,26074.0,17483.0,69035.0,0.52,0.83
Coffee,Silty,Kharif,5.2,7.2,79,24,30,330,1131,11,23,Rainfed,5.83,26074.0,17483.0,75854.0,0.16,0.85
Coffee,Silty,Rabi,5.3,7.0,121,50,111,546,1191,16,27,Sprinkler,5.71,26074.0,17483.0,73756.0,0.2,0.77
Coffee,Silty,Summer,5.0,6.7,89,64,28,325,557,22,36,Flood,4.25,26074.0,17483.0,48230.0,0.35,0.83
Coffee,Silty,All,5.4,7.6,122,77,37,717,1251,21,37,Sprinkler,5.75,26074.0,17483.0,74455.0,0.48,0.9
Coffee,Peaty,Kharif,5.2,7.8,82,52,73,347,1045,15,27,Rainfed,5.61,26074.0,17483.0,72007.0,0.22,0.81
Coffee,Peaty,Rabi,6.0,7.9,86,73,24,694,903,20,35,Sprinkler,5.45,26074.0,17483.0,69210.0,0.29,0.6
Coffee,Peaty,Summer,5.5,7.7,168,45,47,375,915,20,38,Sprinkler,4.92,26074.0,17483.0,59944.0,0.54,0.95
Coffee,Peaty,All,5.6,7.4,151,25,78,793,1729,19,37,Sprinkler,4.94,26074.0,17483.0,60294.0,0.48,0.62
Tea,Sandy,Kharif,5.8,7.2,146,79,137,752,1575,19,32,Sprinkler,3.59,24930.0,31552.0,88342.0,0.21,0.69
Tea,Sandy,Rabi,5.9,7.8,98,52,70,435,639,18,31,Rainfed,2.81,24930.0,31552.0,63731.0,0.51,0.68
Tea,Sandy,Summer,5.0,6.6,59,55,88,716,1475,16,26,Sprinkler,3.5,24930.0,31552.0,85502.0,0.43,0.77
Tea,Sandy,All,5.6,7.3,113,34,129,420,1018,18,33,Drip,3.22,24930.0,31552.0,76668.0,0.2,0.84
Tea,Loamy,Kharif,5.1,7.5,162,22,32,366,1333,21,35,Drip,3.36,24930.0,31552.0,81085.0,0.44,0.75
Tea,Loamy,Rabi,5.9,6.8,81,66,32,691,1186,14,32,Rainfed,2.63,24930.0,31552.0,58052.0,0.18,0.64
Tea,Loamy,Summer,5.9,7.9,56,54,42,358,1341,17,32,Rainfed,3.16,24930.0,31552.0,74775.0,0.52,0.79
Tea,Loamy,All,5.5,7.2,111,30,65,703,997,15,27,Flood,3.55,24930.0,31552.0,87080.0,0.37,0.69
Tea,Clay,Kharif,5.0,7.9,62,28,40,374,924,12,30,Drip,3.14,24930.0,31552.0,74144.0,0.56,0.82
Tea,Clay,Rabi,5.0,7.8,150,33,123,562,1556,22,38,Drip,2.74,24930.0,31552.0,61523.0,0.41,0.77
Tea,Clay,Summer,5.6,7.5,98,83,91,694,1362,16,31,Sprinkler,2.78,24930.0,31552.0,62785.0,0.12,0.76
Tea,Clay,All,5.0,7.0,135,63,73,683,890,15,32,Rainfed,2.7,24930.0,31552.0,60261.0,0.15,0.78
Tea,Silty,Kharif,5.8,7.4,161,83,90,582,1525,22,37,Rainfed,3.32,24930.0,31552.0,79823.0,0.12,0.89
Tea,Silty,Rabi,5.3,7.0,148,57,24,739,1048,10,24,Drip,3.41,24930.0,31552.0,82663.0,0.51,0.95
Tea,Silty,Summer,5.3,7.8,59,87,66,338,1048,14,28,Flood,2.56,24930.0,31552.0,55843.0,0.59,0.71
Tea,Silty,All,5.7,7.8,174,32,66,358,655,14,29,Sprinkler,3.65,24930.0,31552.0,90235.0,0.19,0.67
Tea,Peaty,Kharif,5.8,6.8,110,59,127,689,1452,22,40,Rainfed,3.56,24930.0,31552.0,87395.0,0.37,0.8
Tea,Peaty,Rabi,5.7,6.9,116,32,134,506,1476,10,24,Flood,2.65,24930.0,31552.0,58683.0,0.27,0.86
Tea,Peaty,Summer,5.1,6.6,41,33,134,544,787,17,32,Flood,3.22,24930.0,31552.0,76668.0,0.23,0.81
Tea,Peaty,All,5.6,7.7,60,62,41,394,1258,19,30,Rainfed,3.13,24930.0,31552.0,73828.0,0.46,0.64
Rubber,Sandy,Kharif,5.2,7.1,173,54,93,706,1653,22,35,Flood,5.29,26426.0,51464.0,245821.0,0.13,0.67
Rubber,Sandy,Rabi,5.7,6.8,175,57,64,369,983,19,35,Sprinkler,4.71,26426.0,51464.0,215971.0,0.41,0.91
Rubber,Sandy,Summer,5.7,6.9,167,20,34,507,1311,13,27,Drip,5.35,26426.0,51464.0,248909.0,0.51,0.8
Rubber,Sandy,All,6.0,6.9,50,49,51,681,928,21,32,Flood,4.43,26426.0,51464.0,201561.0,0.21,0.94
Rubber,Loamy,Kharif,5.6,7.5,68,21,72,354,903,13,30,Drip,4.46,26426.0,51464.0,203105.0,0.42,0.64
Rubber,Loamy,Rabi,5.4,8.0,136,86,107,440,1094,20,33,Drip,4.58,26426.0,51464.0,209281.0,0.28,0.9
Rubber,Loamy,Summer,5.9,7.5,165,82,55,523,773,14,24,Flood,5.11,26426.0,51464.0,236557.0,0.13,0.91
Rubber,Loamy,All,5.1,7.2,114,46,72,356,850,12,26,Sprinkler,4.52,26426.0,51464.0,206193.0,0.48,0.77
Rubber,Clay,Kharif,5.8,6.6,156,64,58,629,1058,17,30,Sprinkler,5.89,26426.0,51464.0,276699.0,0.58,0.69
Rubber,Clay,Rabi,5.5,7.2,74,22,119,420,1280,17,33,Drip,6.2,26426.0,51464.0,292653.0,0.38,0.82
Rubber,Clay,Summer,5.1,6.9,134,86,52,653,954,14,32,Sprinkler,5.7,26426.0,51464.0,266921.0,0.11,0.8
Rubber,Clay,All,5.9,6.9,112,52,123,425,1400,20,38,Drip,5.45,26426.0,51464.0,254055.0,0.59,0.6
Rubber,Silty,Kharif,6.0,7.0,147,63,20,546,944,12,23,Sprinkler,5.65,26426.0,51464.0,264348.0,0.31,0.84
Rubber,Silty,Rabi,5.3,6.8,142,65,32,494,1177,19,32,Drip,4.83,26426.0,51464.0,222147.0,0.53,0.72
Rubber,Silty,Summer,5.8,7.3,166,49,75,790,1565,10,21,Rainfed,5.32,26426.0,51464.0,247365.0,0.17,0.74
Rubber,Silty,All,5.0,7.2,176,29,33,648,1409,17,29,Drip,5.68,26426.0,51464.0,265892.0,0.21,0.63
Rubber,Peaty,Kharif,5.3,7.9,144,35,55,629,1431,17,30,Rainfed,4.86,26426.0,51464.0,223691.0,0.22,0.64
Rubber,Peaty,Rabi,5.8,7.7,177,50,25,543,1448,14,32,Drip,5.52,26426.0,51464.0,257658.0,0.45,0.6
Rubber,Peaty,Summer,5.8,7.7,95,72,133,469,771,11,29,Drip,6.07,26426.0,51464.0,285963.0,0.24,0.75
Rubber,Peaty,All,5.3,7.0,155,41,23,678,977,20,30,Sprinkler,4.55,26426.0,51464.0,207737.0,0.51,0.68
Cashew,Sandy,Kharif,5.2,6.9,55,77,48,616,953,10,21,Drip,1.63,30336.0,20611.0,3259.0,0.48,0.87
Cashew,Sandy,Rabi,5.8,7.1,56,40,80,493,700,12,27,Rainfed,1.75,30336.0,20611.0,5732.0,0.44,0.91
Cashew,Sandy,Summer,5.1,7.6,94,29,39,512,823,16,29,Drip,1.56,30336.0,20611.0,1816.0,0.36,0.79
Cashew,Sandy,All,5.7,7.9,124,77,40,724,1532,18,31,Flood,1.67,30336.0,20611.0,4084.0,0.41,0.88
Cashew,Loamy,Kharif,5.3,6.9,94,22,45,507,1009,16,34,Flood,2.02,30336.0,20611.0,11297.0,0.54,0.64
Cashew,Loamy,Rabi,5.7,7.9,98,88,129,357,1130,17,33,Drip,1.42,30336.0,20611.0,-1069.0,0.19,0.91
Cashew,Loamy,Summer,5.8,6.9,52,85,129,610,1366,11,24,Rainfed,1.61,30336.0,20611.0,2847.0,0.37,0.69
Cashew,Loamy,All,5.3,6.7,85,25,74,551,961,12,25,Rainfed,1.74,30336.0,20611.0,5526.0,0.41,0.63
Cashew,Clay,Kharif,5.7,7.3,122,78,41,648,1130,15,25,Rainfed,1.91,30336.0,20611.0,9030.0,0.49,0.87
Cashew,Clay,Rabi,5.7,7.8,47,30,61,384,1359,21,32,Rainfed,1.86,30336.0,20611.0,8000.0,0.34,0.88
Cashew,Clay,Summer,5.4,7.8,135,27,120,622,1588,19,29,Drip,2.06,30336.0,20611.0,12122.0,0.26,0.84
Cashew,Clay,All,5.8,7.3,114,57,53,381,668,18,30,Flood,1.58,30336.0,20611.0,2229.0,0.36,0.87
Cashew,Silty,Kharif,5.2,7.7,113,84,99,703,946,15,31,Flood,1.41,30336.0,20611.0,-1275.0,0.32,0.61
Cashew,Silty,Rabi,5.6,6.5,106,51,68,476,1327,15,26,Sprinkler,1.88,30336.0,20611.0,8412.0,0.24,0.65
Cashew,Silty,Summer,5.4,6.7,145,39,122,437,1160,13,28,Sprinkler,1.84,30336.0,20611.0,7587.0,0.28,0.89
Cashew,Silty,All,5.8,7.1,50,90,111,320,1160,17,27,Flood,1.52,30336.0,20611.0,992.0,0.31,0.9
Cashew,Peaty,Kharif,5.6,7.4,44,87,43,364,630,10,24,Rainfed,2.02,30336.0,20611.0,11297.0,0.53,0.69
Cashew,Peaty,Rabi,5.5,7.8,175,20,53,620,1570,14,26,Flood,1.72,30336.0,20611.0,5114.0,0.57,0.78
Cashew,Peaty,Summer,5.4,7.6,175,28,71,437,885,12,23,Drip,1.86,30336.0,20611.0,8000.0,0.41,0.7
Cashew,Peaty,All,5.2,7.4,118,72,58,381,602,13,29,Drip,1.64,30336.0,20611.0,3465.0,0.46,0.78
Almond,Sandy,Kharif,5.1,7.8,139,57,100,499,859,15,30,Sprinkler,2.95,29014.0,26860.0,50223.0,0.12,0.74
Almond,Sandy,Rabi,5.2,7.5,127,89,107,395,895,13,23,Rainfed,2.54,29014.0,26860.0,39211.0,0.25,0.88
Almond,Sandy,Summer,5.9,7.3,175,84,137,770,993,22,35,Rainfed,2.43,29014.0,26860.0,36256.0,0.38,0.78
Almond,Sandy,All,5.2,8.0,124,37,79,612,1525,10,25,Rainfed,2.35,29014.0,26860.0,34107.0,0.42,0.95
Almond,Loamy,Kharif,5.3,6.8,95,46,117,721,1284,13,31,Sprinkler,2.66,29014.0,26860.0,42434.0,0.54,0.64
Almond,Loamy,Rabi,5.7,7.7,66,31,32,664,1478,17,35,Flood,2.8,29014.0,26860.0,46194.0,0.49,0.79
Almond,Loamy,Summer,5.6,6.8,63,45,83,410,747,16,31,Drip,2.1,29014.0,26860.0,27392.0,0.3,0.61
Almond,Loamy,All,5.1,6.6,169,83,117,792,1327,16,27,Flood,3.04,29014.0,26860.0,52641.0,0.53,0.87
Almond,Clay,Kharif,5.7,7.3,42,21,136,394,807,10,20,Rainfed,2.4,29014.0,26860.0,35450.0,0.31,0.79
Almond,Clay,Rabi,5.8,7.3,43,51,108,493,1034,17,34,Sprinkler,2.8,29014.0,26860.0,46194.0,0.51,0.81
Almond,Clay,Summer,6.0,7.9,40,47,70,488,1312,22,37,Drip,2.97,29014.0,26860.0,50760.0,0.14,0.81
Almond,Clay,All,5.8,7.8,113,33,89,449,880,13,29,Flood,2.41,29014.0,26860.0,35719.0,0.11,0.65
Almond,Silty,Kharif,6.0,6.8,80,47,97,608,1325,12,23,Drip,2.52,29014.0,26860.0,38673.0,0.27,0.75
Almond,Silty,Rabi,5.1,7.9,115,36,86,574,1191,21,31,Sprinkler,2.7,29014.0,26860.0,43508.0,0.49,0.72
Almond,Silty,Summer,5.5,7.1,151,25,86,655,953,11,23,Flood,2.86,29014.0,26860.0,47806.0,0.11,0.61
Almond,Silty,All,5.2,8.0,173,46,66,499,1106,19,30,Rainfed,2.45,29014.0,26860.0,36793.0,0.44,0.63
Almond,Peaty,Kharif,5.9,6.8,84,47,52,759,1307,15,25,Flood,2.58,29014.0,26860.0,40285.0,0.19,0.8
Almond,Peaty,Rabi,5.5,7.8,148,38,99,407,1144,14,28,Rainfed,2.17,29014.0,26860.0,29272.0,0.25,0.79
Almond,Peaty,Summer,5.8,8.0,89,63,58,421,1109,20,38,Drip,2.47,29014.0,26860.0,37330.0,0.21,0.83
Almond,Peaty,All,5.6,6.7,66,67,77,653,1563,10,20,Sprinkler,3.08,29014.0,26860.0,53715.0,0.39,0.62
Walnut,Sandy,Kharif,5.7,7.2,105,41,71,687,1499,21,37,Flood,3.38,33244.0,39556.0,100456.0,0.43,0.89
Walnut,Sandy,Rabi,5.6,7.6,156,31,133,567,1069,12,30,Sprinkler,3.04,33244.0,39556.0,87007.0,0.42,0.8
Walnut,Sandy,Summer,5.1,7.3,115,22,118,556,1073,19,32,Drip,3.41,33244.0,39556.0,101643.0,0.15,0.89
Walnut,Sandy,All,5.8,6.8,76,75,71,588,1361,10,26,Rainfed,3.52,33244.0,39556.0,105994.0,0.34,0.74
Walnut,Loamy,Kharif,5.1,7.6,47,76,42,683,1104,14,32,Drip,2.97,33244.0,39556.0,84238.0,0.21,0.83
Walnut,Loamy,Rabi,5.6,7.0,102,86,37,636,1410,22,32,Sprinkler,3.33,33244.0,39556.0,98478.0,0.55,0.94
Walnut,Loamy,Summer,5.9,6.7,76,75,63,315,1077,22,34,Flood,3.05,33244.0,39556.0,87402.0,0.28,0.84
Walnut,Loamy,All,5.4,6.9,180,68,93,493,1045,16,27,Drip,2.38,33244.0,39556.0,60900.0,0.34,0.75
Walnut,Clay,Kharif,5.7,7.5,77,44,123,570,1091,19,34,Rainfed,2.65,33244.0,39556.0,71580.0,0.2,0.69
Walnut,Clay,Rabi,5.5,6.9,119,85,54,620,861,10,22,Flood,3.24,33244.0,39556.0,94918.0,0.1,0.83
Walnut,Clay,Summer,5.5,7.4,139,28,27,359,1340,16,34,Drip,2.45,33244.0,39556.0,63669.0,0.43,0.89
Walnut,Clay,All,5.3,8.0,46,26,28,492,1232,10,24,Rainfed,2.7,33244.0,39556.0,73558.0,0.4,0.9
Walnut,Silty,Kharif,5.3,7.2,85,86,45,746,1542,17,33,Drip,2.42,33244.0,39556.0,62482.0,0.28,0.82
Walnut,Silty,Rabi,5.3,7.8,152,76,96,444,1044,12,22,Flood,3.4,33244.0,39556.0,101247.0,0.46,0.87
Walnut,Silty,Summer,5.4,6.7,75,64,22,584,878,21,38,Flood,3.45,33244.0,39556.0,103225.0,0.56,0.94
Walnut,Silty,All,5.6,7.9,57,53,22,503,1239,20,38,Sprinkler,2.44,33244.0,39556.0,63273.0,0.2,0.67
Walnut,Peaty,Kharif,5.2,7.9,120,65,111,776,1151,13,28,Flood,2.49,33244.0,39556.0,65251.0,0.37,0.63
Walnut,Peaty,Rabi,5.0,7.8,82,33,30,608,975,10,26,Rainfed,2.62,33244.0,39556.0,70393.0,0.31,0.89
Walnut,Peaty,Summer,6.0,7.0,159,83,89,593,1146,16,27,Drip,2.61,33244.0,39556.0,69998.0,0.14,0.83
Walnut,Peaty,All,5.3,6.9,52,41,130,596,1126,10,22,Flood,2.7,33244.0,39556.0,73558.0,0.12,0.89
Pistachio,Sandy,Kharif,5.5,7.5,66,70,80,573,883,12,29,Flood,3.9,9428.0,25669.0,90679.0,0.19,0.67
Pistachio,Sandy,Rabi,5.0,6.7,63,82,134,720,1523,18,30,Rainfed,3.84,9428.0,25669.0,89139.0,0.23,0.93
Pistachio,Sandy,Summer,5.4,7.4,127,82,120,674,1577,19,36,Drip,4.03,9428.0,25669.0,94016.0,0.53,0.68
Pistachio,Sandy,All,5.8,6.9,69,85,42,578,1475,15,31,Rainfed,3.42,9428.0,25669.0,78358.0,0.39,0.76
Pistachio,Loamy,Kharif,5.7,7.2,179,74,71,648,969,17,34,Rainfed,3.51,9428.0,25669.0,80668.0,0.57,0.68
Pistachio,Loamy,Rabi,5.4,7.7,77,21,66,691,893,16,34,Drip,3.05,9428.0,25669.0,68861.0,0.52,0.66
Pistachio,Loamy,Summer,5.6,7.0,80,31,70,647,1522,15,25,Sprinkler,3.71,9428.0,25669.0,85802.0,0.32,0.64
Pistachio,Loamy,All,5.3,7.4,58,86,103,694,1072,11,23,Sprinkler,3.76,9428.0,25669.0,87085.0,0.58,0.86
Pistachio,Clay,Kharif,6.0,7.3,176,54,50,520,1358,19,37,Sprinkler,4.07,9428.0,25669.0,95043.0,0.53,0.93
Pistachio,Clay,Rabi,5.1,7.9,124,24,97,654,1601,13,31,Flood,4.35,9428.0,25669.0,102230.0,0.4,0.84
Pistachio,Clay,Summer,5.5,6.9,73,58,132,610,1155,21,39,Rainfed,3.87,9428.0,25669.0,89909.0,0.24,0.76
Pistachio,Clay,All,5.5,7.2,49,76,31,482,865,13,31,Flood,3.58,9428.0,25669.0,82465.0,0.34,0.79
Pistachio,Silty,Kharif,6.0,6.8,155,55,68,699,978,19,30,Flood,3.65,9428.0,25669.0,84262.0,0.37,0.73
Pistachio,Silty,Rabi,5.1,7.4,151,84,83,667,1024,12,27,Drip,3.65,9428.0,25669.0,84262.0,0.47,0.88
Pistachio,Silty,Summer,5.5,7.5,40,71,102,395,1293,20,33,Sprinkler,3.0,9428.0,25669.0,67577.0,0.23,0.61
Pistachio,Silty,All,5.9,7.0,139,68,113,617,1156,20,37,Rainfed,2.97,9428.0,25669.0,66807.0,0.16,0.7
Pistachio,Peaty,Kharif,5.5,7.7,127,67,54,428,814,18,34,Flood,3.79,9428.0,25669.0,87855.0,0.2,0.72
Pistachio,Peaty,Rabi,5.8,6.9,103,37,107,572,1529,19,33,Flood,4.14,9428.0,25669.0,96839.0,0.21,0.93
Pistachio,Peaty,Summer,5.5,7.9,66,63,71,384,850,11,26,Drip,3.7,9428.0,25669.0,85545.0,0.27,0.95
Pistachio,Peaty,All,5.5,7.9,127,69,41,795,1584,12,28,Drip,4.19,9428.0,25669.0,98123.0,0.21,0.79
Date Palm,Sandy,Kharif,6.0,7.3,140,67,66,313,1174,17,35,Sprinkler,6.4,14036.0,29762.0,176444.0,0.57,0.8
Date Palm,Sandy,Rabi,5.0,7.0,164,56,125,433,862,10,23,Sprinkler,5.69,14036.0,29762.0,155313.0,0.16,0.84
Date Palm,Sandy,Summer,5.5,7.4,68,81,96,547,915,10,23,Sprinkler,5.59,14036.0,29762.0,152336.0,0.23,0.61
Date Palm,Sandy,All,5.8,6.8,118,31,61,450,1114,11,26,Sprinkler,4.76,14036.0,29762.0,127634.0,0.21,0.66
Date Palm,Loamy,Kharif,5.6,6.8,147,80,113,733,1470,11,24,Flood,5.29,14036.0,29762.0,143408.0,0.26,0.61
Date Palm,Loamy,Rabi,5.6,7.9,78,33,56,786,1774,22,33,Rainfed,6.01,14036.0,29762.0,164837.0,0.19,0.73
Date Palm,Loamy,Summer,5.5,8.0,174,80,91,330,1149,21,33,Flood,4.34,14036.0,29762.0,115133.0,0.28,0.68
Date Palm,Loamy,All,5.5,7.3,129,71,40,755,1095,15,33,Flood,5.23,14036.0,29762.0,141622.0,0.58,0.9
Date Palm,Clay,Kharif,5.6,7.1,155,88,76,443,948,12,24,Flood,5.85,14036.0,29762.0,160075.0,0.36,0.94
Date Palm,Clay,Rabi,5.9,6.9,126,74,66,707,1231,22,36,Drip,5.41,14036.0,29762.0,146979.0,0.25,0.82
Date Palm,Clay,Summer,5.1,6.6,149,62,23,369,575,10,20,Drip,6.06,14036.0,29762.0,166325.0,0.29,0.68
Date Palm,Clay,All,5.6,6.8,100,36,102,749,1067,22,37,Sprinkler,4.48,14036.0,29762.0,119300.0,0.1,0.72
Date Palm,Silty,Kharif,5.0,6.8,148,43,107,351,841,14,28,Flood,5.16,14036.0,29762.0,139539.0,0.41,0.85
Date Palm,Silty,Rabi,5.1,7.9,96,74,77,760,1612,22,39,Sprinkler,5.72,14036.0,29762.0,156205.0,0.17,0.6
Date Palm,Silty,Summer,5.4,7.3,82,67,56,407,678,18,31,Drip,5.86,14036.0,29762.0,160372.0,0.5,0.64
Date Palm,Silty,All,5.1,7.8,72,45,97,373,1233,10,24,Rainfed,4.45,14036.0,29762.0,118407.0,0.47,0.91
Date Palm,Peaty,Kharif,5.5,7.1,165,40,46,667,1433,17,32,Rainfed,5.48,14036.0,29762.0,149062.0,0.48,0.74
Date Palm,Peaty,Rabi,5.7,7.5,85,43,135,479,1170,17,32,Sprinkler,5.94,14036.0,29762.0,162753.0,0.28,0.82
Date Palm,Peaty,Summer,5.5,7.1,48,61,38,616,908,18,35,Flood,6.27,14036.0,29762.0,172575.0,0.38,0.86
Date Palm,Peaty,All,5.4,7.3,86,76,35,630,1310,12,23,Flood,5.81,14036.0,29762.0,158884.0,0.2,0.88
Strawberry,Sandy,Kharif,6.0,7.9,47,61,43,388,746,19,32,Flood,5.93,25696.0,56438.0,308983.0,0.58,0.86
Strawberry,Sandy,Rabi,5.8,7.5,59,58,50,583,1346,12,25,Drip,4.78,25696.0,56438.0,244079.0,0.28,0.94
Strawberry,Sandy,Summer,5.8,7.8,178,46,60,584,1099,14,30,Rainfed,5.12,25696.0,56438.0,263268.0,0.42,0.86
Strawberry,Sandy,All,5.9,6.8,140,57,51,782,1002,19,34,Sprinkler,5.89,25696.0,56438.0,306725.0,0.39,0.93
Strawberry,Loamy,Kharif,5.5,7.6,69,43,134,528,1346,19,36,Rainfed,4.5,25696.0,56438.0,228276.0,0.19,0.62
Strawberry,Loamy,Rabi,5.1,6.9,159,87,136,554,1490,11,24,Flood,5.57,25696.0,56438.0,288665.0,0.51,0.65
Strawberry,Loamy,Summer,6.0,7.9,172,51,36,376,604,22,33,Drip,5.74,25696.0,56438.0,298259.0,0.3,0.88
Strawberry,Loamy,All,5.9,7.3,84,24,133,322,793,22,40,Flood,5.36,25696.0,56438.0,276813.0,0.57,0.91
Strawberry,Clay,Kharif,5.5,7.3,152,64,107,407,1316,21,36,Sprinkler,4.49,25696.0,56438.0,227712.0,0.42,0.74
Strawberry,Clay,Rabi,5.1,7.8,50,45,22,442,951,13,29,Rainfed,5.79,25696.0,56438.0,301081.0,0.53,0.8
Strawberry,Clay,Summer,5.1,6.6,81,46,131,672,1456,11,21,Drip,5.44,25696.0,56438.0,281328.0,0.18,0.92
Strawberry,Clay,All,5.9,7.6,46,31,58,401,1090,14,32,Drip,4.23,25696.0,56438.0,213038.0,0.51,0.92
Strawberry,Silty,Kharif,5.6,8.0,61,46,107,603,1314,11,22,Drip,4.93,25696.0,56438.0,252544.0,0.42,0.86
Strawberry,Silty,Rabi,5.1,6.7,157,72,79,685,1561,12,22,Rainfed,5.36,25696.0,56438.0,276813.0,0.47,0.63
Strawberry,Silty,Summer,5.1,7.1,73,43,25,361,1193,21,31,Flood,4.39,25696.0,56438.0,222068.0,0.27,0.86
Strawberry,Silty,All,5.5,7.2,103,45,138,618,1582,21,34,Rainfed,4.72,25696.0,56438.0,240692.0,0.2,0.73
Strawberry,Peaty,Kharif,5.2,6.5,85,78,103,748,1629,22,36,Rainfed,4.42,25696.0,56438.0,223761.0,0.49,0.66
Strawberry,Peaty,Rabi,5.1,6.5,141,87,37,772,1317,10,25,Drip,4.42,25696.0,56438.0,223761.0,0.24,0.65
Strawberry,Peaty,Summer,5.8,7.4,133,64,112,494,761,22,32,Drip,5.59,25696.0,56438.0,289794.0,0.38,0.72
Strawberry,Peaty,All,5.8,7.4,44,32,49,796,1460,11,23,Sprinkler,4.51,25696.0,56438.0,228840.0,0.57,0.79
Blueberry,Sandy,Kharif,5.1,7.8,106,29,133,680,1677,12,22,Drip,5.02,28589.0,30594.0,124991.0,0.57,0.75
Blueberry,Sandy,Rabi,5.4,6.7,99,83,55,330,700,19,29,Flood,4.57,28589.0,30594.0,111224.0,0.58,0.75
Blueberry,Sandy,Summer,5.9,6.5,98,36,36,740,1228,18,29,Sprinkler,3.89,28589.0,30594.0,90420.0,0.58,0.66
Blueberry,Sandy,All,5.9,7.4,41,48,109,663,1155,10,23,Rainfed,3.57,28589.0,30594.0,80630.0,0.41,0.92
Blueberry,Loamy,Kharif,5.4,7.2,155,67,74,757,1272,19,30,Sprinkler,4.1,28589.0,30594.0,96845.0,0.44,0.95
Blueberry,Loamy,Rabi,5.4,7.1,84,51,52,545,853,12,26,Flood,4.09,28589.0,30594.0,96539.0,0.16,0.79
Blueberry,Loamy,Summer,5.8,7.7,171,35,24,406,633,22,38,Drip,3.53,28589.0,30594.0,79406.0,0.3,0.87
Blueberry,Loamy,All,5.1,6.7,172,25,89,306,1035,11,26,Flood,3.54,28589.0,30594.0,79712.0,0.4,0.9
Blueberry,Clay,Kharif,5.1,7.0,55,79,30,400,1120,10,26,Flood,3.53,28589.0,30594.0,79406.0,0.13,0.85
Blueberry,Clay,Rabi,5.3,8.0,113,66,87,788,1270,17,31,Drip,4.7,28589.0,30594.0,115201.0,0.19,0.85
Blueberry,Clay,Summer,5.0,7.3,86,64,88,740,1480,20,35,Flood,4.07,28589.0,30594.0,95927.0,0.31,0.69
Blueberry,Clay,All,5.0,6.7,41,62,45,643,1638,13,29,Drip,4.74,28589.0,30594.0,116425.0,0.56,0.75
Blueberry,Silty,Kharif,5.3,7.2,140,75,125,376,656,15,26,Drip,4.75,28589.0,30594.0,116731.0,0.45,0.77
Blueberry,Silty,Rabi,5.0,8.0,143,73,74,351,869,15,25,Rainfed,4.69,28589.0,30594.0,114895.0,0.13,0.81
Blueberry,Silty,Summer,5.7,6.7,104,24,22,683,1553,14,27,Rainfed,4.74,28589.0,30594.0,116425.0,0.38,0.84
Blueberry,Silty,All,5.7,7.5,40,60,51,641,1565,11,26,Drip,3.43,28589.0,30594.0,76347.0,0.41,0.78
Blueberry,Peaty,Kharif,5.8,6.9,167,70,120,610,1351,17,30,Rainfed,3.69,28589.0,30594.0,84301.0,0.4,0.84
Blueberry,Peaty,Rabi,5.8,7.1,114,33,72,764,1355,11,23,Drip,4.17,28589.0,30594.0,98986.0,0.58,0.77
Blueberry,Peaty,Summer,5.6,6.9,84,61,75,393,808,21,39,Sprinkler,4.34,28589.0,30594.0,104187.0,0.56,0.95
Blueberry,Peaty,All,5.4,6.5,107,41,133,520,1396,12,22,Drip,4.14,28589.0,30594.0,98068.0,0.36,0.89
Raspberry,Sandy,Kharif,5.1,6.7,47,53,32,735,1493,22,33,Drip,3.98,10404.0,20233.0,70125.0,0.45,0.82
Raspberry,Sandy,Rabi,5.5,7.3,154,38,134,357,642,17,27,Sprinkler,4.92,10404.0,20233.0,89144.0,0.35,0.89
Raspberry,Sandy,Summer,5.9,8.0,142,53,58,573,914,12,23,Flood,4.95,10404.0,20233.0,89751.0,0.54,0.78
Raspberry,Sandy,All,5.7,6.8,152,84,67,524,735,18,30,Rainfed,4.73,10404.0,20233.0,85300.0,0.23,0.62
Raspberry,Loamy,Kharif,5.5,7.2,63,43,127,396,985,19,30,Sprinkler,4.36,10404.0,20233.0,77814.0,0.15,0.83
Raspberry,Loamy,Rabi,5.1,6.7,167,54,121,384,1198,20,36,Drip,4.14,10404.0,20233.0,73362.0,0.48,0.8
Raspberry,Loamy,Summer,6.0,7.9,162,26,54,322,1124,15,28,Rainfed,3.8,10404.0,20233.0,66483.0,0.5,0.88
Raspberry,Loamy,All,5.4,7.0,51,83,135,582,1439,13,25,Flood,3.84,10404.0,20233.0,67292.0,0.55,0.84
Raspberry,Clay,Kharif,5.6,7.0,136,65,33,698,1369,19,35,Drip,3.85,10404.0,20233.0,67495.0,0.12,0.81
Raspberry,Clay,Rabi,5.4,7.5,136,69,89,427,1364,14,30,Rainfed,3.81,10404.0,20233.0,66685.0,0.36,0.65
Raspberry,Clay,Summer,5.4,6.7,126,33,69,372,735,15,28,Flood,3.82,10404.0,20233.0,66888.0,0.37,0.6
Raspberry,Clay,All,6.0,7.9,96,54,88,504,1249,21,39,Drip,4.39,10404.0,20233.0,78421.0,0.54,0.65
Raspberry,Silty,Kharif,5.3,7.2,174,76,97,594,863,16,26,Rainfed,3.51,10404.0,20233.0,60615.0,0.14,0.95
Raspberry,Silty,Rabi,5.1,7.8,103,65,104,686,1500,20,32,Drip,4.56,10404.0,20233.0,81860.0,0.15,0.67
Raspberry,Silty,Summer,5.7,7.8,127,43,51,322,782,15,33,Rainfed,4.04,10404.0,20233.0,71339.0,0.49,0.85
Raspberry,Silty,All,5.9,7.0,111,58,83,374,842,11,22,Flood,3.9,10404.0,20233.0,68506.0,0.12,0.67
Raspberry,Peaty,Kharif,5.3,6.5,146,71,128,332,1013,22,39,Rainfed,4.66,10404.0,20233.0,83884.0,0.16,0.69
Raspberry,Peaty,Rabi,5.5,7.6,50,89,89,789,1735,10,26,Flood,4.76,10404.0,20233.0,85907.0,0.17,0.7
Raspberry,Peaty,Summer,5.4,7.1,66,48,127,467,1304,12,28,Flood,4.95,10404.0,20233.0,89751.0,0.37,0.82
Raspberry,Peaty,All,5.5,7.7,103,70,109,616,1378,17,31,Flood,4.32,10404.0,20233.0,77004.0,0.44,0.9
Watermelon,Sandy,Kharif,5.8,6.6,71,37,112,606,1501,12,22,Flood,3.76,34430.0,40241.0,116876.0,0.22,0.93
Watermelon,Sandy,Rabi,5.9,6.6,69,29,80,340,972,20,30,Drip,3.55,34430.0,40241.0,108425.0,0.37,0.87
Watermelon,Sandy,Summer,5.8,6.8,120,51,72,799,1725,20,32,Rainfed,3.16,34430.0,40241.0,92731.0,0.23,0.73
Watermelon,Sandy,All,5.1,7.2,52,23,96,635,1501,19,33,Drip,2.88,34430.0,40241.0,81464.0,0.59,0.69
Watermelon,Loamy,Kharif,5.0,7.9,136,55,120,762,1720,18,34,Flood,3.13,34430.0,40241.0,91524.0,0.13,0.88
Watermelon,Loamy,Rabi,5.3,6.5,119,60,74,742,1314,17,34,Sprinkler,3.18,34430.0,40241.0,93536.0,0.11,0.76
Watermelon,Loamy,Summer,6.0,7.7,96,44,120,559,1382,10,26,Drip,2.81,34430.0,40241.0,78647.0,0.49,0.69
Watermelon,Loamy,All,5.4,7.1,73,43,118,514,1058,21,35,Rainfed,2.65,34430.0,40241.0,72208.0,0.42,0.81
Watermelon,Clay,Kharif,5.3,7.9,42,74,40,738,1129,11,23,Drip,2.88,34430.0,40241.0,81464.0,0.58,0.88
Watermelon,Clay,Rabi,5.4,7.8,161,59,71,368,1350,15,26,Flood,2.54,34430.0,40241.0,67782.0,0.14,0.7
Watermelon,Clay,Summer,6.0,6.6,168,52,88,708,1437,20,36,Rainfed,2.52,34430.0,40241.0,66977.0,0.55,0.79
Watermelon,Clay,All,5.1,7.4,141,81,111,553,1325,12,25,Rainfed,2.73,34430.0,40241.0,75427.0,0.4,0.93
Watermelon,Silty,Kharif,5.4,7.7,43,54,77,369,1304,16,30,Drip,3.31,34430.0,40241.0,98767.0,0.31,0.65
Watermelon,Silty,Rabi,5.1,6.7,92,87,52,417,1370,22,39,Sprinkler,2.8,34430.0,40241.0,78244.0,0.27,0.81
Watermelon,Silty,Summer,5.4,7.6,52,79,90,479,1329,12,27,Sprinkler,3.7,34430.0,40241.0,114461.0,0.19,0.64
Watermelon,Silty,All,5.7,7.5,99,84,61,749,1208,15,29,Rainfed,2.55,34430.0,40241.0,68184.0,0.57,0.69
Watermelon,Peaty,Kharif,5.7,6.9,159,63,114,374,775,11,22,Drip,3.69,34430.0,40241.0,114059.0,0.18,0.85
Watermelon,Peaty,Rabi,5.4,7.7,165,30,77,524,1516,16,29,Drip,3.34,34430.0,40241.0,99974.0,0.42,0.84
Watermelon,Peaty,Summer,5.2,6.8,89,88,68,650,1023,11,28,Sprinkler,3.41,34430.0,40241.0,102791.0,0.43,0.62
Watermelon,Peaty,All,5.8,7.4,139,51,125,321,782,15,28,Rainfed,2.99,34430.0,40241.0,85890.0,0.6,0.94
Muskmelon,Sandy,Kharif,5.3,7.8,124,49,132,456,668,10,21,Rainfed,3.39,30403.0,38175.0,99011.0,0.3,0.77
Muskmelon,Sandy,Rabi,5.3,7.9,148,64,42,442,902,14,29,Sprinkler,2.83,30403.0,38175.0,77633.0,0.13,0.79
Muskmelon,Sandy,Summer,5.8,7.8,56,80,97,617,1039,17,35,Rainfed,2.52,30403.0,38175.0,65799.0,0.44,0.86
Muskmelon,Sandy,All,5.8,7.5,101,35,38,574,1241,18,36,Sprinkler,3.59,30403.0,38175.0,106646.0,0.47,0.88
Muskmelon,Loamy,Kharif,5.6,7.1,175,85,119,379,1361,21,31,Sprinkler,3.74,30403.0,38175.0,112373.0,0.26,0.8
Muskmelon,Loamy,Rabi,5.1,7.2,110,77,107,370,829,16,29,Rainfed,3.51,30403.0,38175.0,103592.0,0.53,0.95
Muskmelon,Loamy,Summer,5.5,7.9,104,42,54,367,775,18,31,Flood,2.7,30403.0,38175.0,72670.0,0.22,0.8
Muskmelon,Loamy,All,5.1,8.0,180,83,23,500,860,19,32,Drip,3.15,30403.0,38175.0,89849.0,0.36,0.62
Muskmelon,Clay,Kharif,5.6,7.9,82,38,35,322,641,10,22,Drip,2.72,30403.0,38175.0,73434.0,0.1,0.62
Muskmelon,Clay,Rabi,5.5,7.2,137,34,25,765,995,18,36,Flood,3.39,30403.0,38175.0,99011.0,0.16,0.79
Muskmelon,Clay,Summer,5.8,6.8,138,31,56,331,1272,13,31,Sprinkler,3.66,30403.0,38175.0,109319.0,0.42,0.82
Muskmelon,Clay,All,5.1,7.3,52,81,55,515,1484,22,40,Drip,2.74,30403.0,38175.0,74197.0,0.25,0.9
Muskmelon,Silty,Kharif,5.6,7.7,65,24,20,401,1351,22,32,Flood,3.54,30403.0,38175.0,104737.0,0.3,0.66
Muskmelon,Silty,Rabi,5.4,7.7,124,68,76,727,1003,15,25,Rainfed,3.04,30403.0,38175.0,85650.0,0.59,0.83
Muskmelon,Silty,Summer,5.4,6.6,43,70,137,489,995,11,22,Drip,3.73,30403.0,38175.0,111991.0,0.1,0.76
Muskmelon,Silty,All,5.3,7.1,108,80,25,567,1396,10,25,Drip,3.04,30403.0,38175.0,85650.0,0.37,0.7
Muskmelon,Peaty,Kharif,5.1,7.3,143,40,69,610,1280,22,32,Drip,3.17,30403.0,38175.0,90613.0,0.38,0.78
Muskmelon,Peaty,Rabi,5.6,6.7,175,82,120,614,888,15,25,Sprinkler,3.5,30403.0,38175.0,103210.0,0.31,0.73
Muskmelon,Peaty,Summer,5.8,7.4,136,22,108,604,1046,12,22,Rainfed,2.67,30403.0,38175.0,71525.0,0.54,0.87
Muskmelon,Peaty,All,5.4,7.8,173,43,68,307,816,11,29,Rainfed,3.45,30403.0,38175.0,101302.0,0.59,0.8
Pumpkin,Sandy,Kharif,5.4,7.3,70,78,82,533,1030,21,32,Drip,6.14,29167.0,57156.0,321769.0,0.29,0.66
Pumpkin,Sandy,Rabi,5.1,7.3,77,55,31,611,1540,19,35,Drip,6.01,29167.0,57156.0,314339.0,0.19,0.65
Pumpkin,Sandy,Summer,5.9,7.0,59,77,26,715,1639,14,29,Sprinkler,7.2,29167.0,57156.0,382354.0,0.15,0.79
Pumpkin,Sandy,All,5.7,7.1,51,60,75,699,1416,12,22,Drip,5.25,29167.0,57156.0,270901.0,0.53,0.77
Pumpkin,Loamy,Kharif,5.0,7.4,52,28,100,504,928,21,36,Flood,5.62,29167.0,57156.0,292048.0,0.13,0.66
Pumpkin,Loamy,Rabi,5.8,6.9,160,42,84,383,1156,19,34,Sprinkler,4.95,29167.0,57156.0,253754.0,0.14,0.78
Pumpkin,Loamy,Summer,5.9,7.7,86,40,108,434,1368,17,30,Rainfed,5.27,29167.0,57156.0,272044.0,0.31,0.74
Pumpkin,Loamy,All,5.9,7.9,135,20,81,333,593,22,37,Rainfed,5.16,29167.0,57156.0,265757.0,0.39,0.94
Pumpkin,Clay,Kharif,5.6,7.8,67,31,60,395,1032,11,21,Sprinkler,5.5,29167.0,57156.0,285190.0,0.51,0.88
Pumpkin,Clay,Rabi,5.1,7.4,91,25,24,536,808,22,38,Sprinkler,6.62,29167.0,57156.0,349204.0,0.1,0.77
Pumpkin,Clay,Summer,5.9,7.7,62,84,93,702,1221,18,33,Sprinkler,5.5,29167.0,57156.0,285190.0,0.42,0.88
Pumpkin,Clay,All,5.5,7.1,94,72,64,367,1176,14,28,Flood,6.83,29167.0,57156.0,361207.0,0.31,0.86
Pumpkin,Silty,Kharif,6.0,7.7,171,38,80,403,921,22,40,Rainfed,5.46,29167.0,57156.0,282903.0,0.49,0.87
Pumpkin,Silty,Rabi,5.0,7.0,79,65,119,587,1466,19,35,Drip,6.63,29167.0,57156.0,349776.0,0.13,0.91
Pumpkin,Silty,Summer,5.2,7.8,132,76,52,568,1550,13,28,Drip,5.98,29167.0,57156.0,312624.0,0.13,0.9
Pumpkin,Silty,All,6.0,7.2,149,77,44,601,1362,13,27,Sprinkler,7.24,29167.0,57156.0,384641.0,0.35,0.79
Pumpkin,Peaty,Kharif,6.0,7.0,98,68,137,708,1553,14,30,Drip,6.27,29167.0,57156.0,329200.0,0.27,0.62
Pumpkin,Peaty,Rabi,5.8,7.9,52,70,66,529,1363,15,30,Rainfed,5.84,29167.0,57156.0,304623.0,0.3,0.67
Pumpkin,Peaty,Summer,5.2,7.7,48,89,139,470,1454,15,26,Rainfed,6.16,29167.0,57156.0,322912.0,0.45,0.86
Pumpkin,Peaty,All,5.7,7.4,99,32,30,351,1024,22,40,Flood,5.17,29167.0,57156.0,266328.0,0.59,0.61
Bottle Gourd,Sandy,Kharif,5.7,6.6,85,41,101,312,927,21,36,Drip,2.91,33446.0,26157.0,42670.0,0.56,0.69
Bottle Gourd,Sandy,Rabi,5.9,7.5,40,30,105,369,755,17,32,Sprinkler,3.61,33446.0,26157.0,60980.0,0.13,0.66
Bottle Gourd,Sandy,Summer,5.4,7.7,52,30,60,356,901,13,25,Sprinkler,3.73,33446.0,26157.0,64119.0,0.43,0.84
Bottle Gourd,Sandy,All,5.3,7.5,126,24,76,444,688,17,28,Flood,3.4,33446.0,26157.0,55487.0,0.52,0.76
Bottle Gourd,Loamy,Kharif,5.6,7.9,133,23,136,418,1300,22,33,Rainfed,2.53,33446.0,26157.0,32731.0,0.3,0.94
Bottle Gourd,Loamy,Rabi,5.6,8.0,43,46,108,759,1551,11,21,Sprinkler,2.95,33446.0,26157.0,43717.0,0.57,0.91
Bottle Gourd,Loamy,Summer,5.4,7.3,112,28,29,577,1084,20,31,Drip,3.76,33446.0,26157.0,64904.0,0.27,0.82
Bottle Gourd,Loamy,All,5.9,7.9,131,64,117,684,1133,15,30,Drip,2.57,33446.0,26157.0,33777.0,0.29,0.61
Bottle Gourd,Clay,Kharif,5.4,7.2,43,22,70,592,1230,18,28,Rainfed,3.2,33446.0,26157.0,50256.0,0.46,0.77
Bottle Gourd,Clay,Rabi,5.0,7.5,101,81,84,436,1347,20,32,Drip,3.35,33446.0,26157.0,54179.0,0.39,0.7
Bottle Gourd,Clay,Summer,5.6,7.9,135,48,22,301,903,17,34,Flood,3.47,33446.0,26157.0,57318.0,0.52,0.72
Bottle Gourd,Clay,All,5.0,6.7,129,21,29,552,969,16,31,Sprinkler,2.68,33446.0,26157.0,36654.0,0.3,0.7
Bottle Gourd,Silty,Kharif,5.5,6.9,55,43,104,784,1570,21,33,Drip,3.51,33446.0,26157.0,58365.0,0.25,0.9
Bottle Gourd,Silty,Rabi,5.1,7.6,48,25,102,758,1389,20,30,Sprinkler,2.82,33446.0,26157.0,40316.0,0.42,0.94
Bottle Gourd,Silty,Summer,5.6,7.1,104,51,21,377,696,11,27,Flood,3.07,33446.0,26157.0,46856.0,0.5,0.82
Bottle Gourd,Silty,All,5.0,7.8,125,78,62,686,1462,18,36,Flood,2.92,33446.0,26157.0,42932.0,0.38,0.67
Bottle Gourd,Peaty,Kharif,5.2,7.6,148,59,41,502,749,13,26,Flood,3.36,33446.0,26157.0,54441.0,0.54,0.88
Bottle Gourd,Peaty,Rabi,5.9,6.7,134,65,86,395,674,14,31,Flood,3.63,33446.0,26157.0,61503.0,0.45,0.64
Bottle Gourd,Peaty,Summer,5.9,6.7,128,40,48,665,1634,18,28,Drip,2.75,33446.0,26157.0,38485.0,0.45,0.66
Bottle Gourd,Peaty,All,5.6,7.4,83,28,65,764,1501,22,33,Flood,3.42,33446.0,26157.0,56010.0,0.44,0.8
Bitter Gourd,Sandy,Kharif,5.2,7.1,180,90,30,673,1475,15,32,Flood,3.18,21585.0,49095.0,134536.0,0.45,0.73
Bitter Gourd,Sandy,Rabi,5.5,7.6,126,50,81,573,1556,22,35,Rainfed,3.74,21585.0,49095.0,162029.0,0.29,0.93
Bitter Gourd,Sandy,Summer,5.5,7.4,84,85,55,469,987,10,21,Drip,3.18,21585.0,49095.0,134536.0,0.48,0.66
Bitter Gourd,Sandy,All,5.1,7.3,115,88,36,620,1054,12,24,Rainfed,3.3,21585.0,49095.0,140427.0,0.24,0.77
Bitter Gourd,Loamy,Kharif,5.3,6.8,73,87,115,356,623,16,31,Drip,3.96,21585.0,49095.0,172830.0,0.44,0.86
Bitter Gourd,Loamy,Rabi,5.7,6.7,93,26,55,779,1710,21,33,Drip,4.19,21585.0,49095.0,184121.0,0.17,0.75
Bitter Gourd,Loamy,Summer,5.4,7.9,66,51,67,667,1065,10,22,Rainfed,3.55,21585.0,49095.0,152701.0,0.54,0.74
Bitter Gourd,Loamy,All,5.4,6.5,54,64,111,706,1515,13,30,Flood,3.61,21585.0,49095.0,155647.0,0.3,0.8
Bitter Gourd,Clay,Kharif,5.6,6.8,58,22,103,382,1194,11,27,Rainfed,3.62,21585.0,49095.0,156138.0,0.29,0.81
Bitter Gourd,Clay,Rabi,5.9,6.7,175,47,35,783,1012,14,27,Sprinkler,3.03,21585.0,49095.0,127172.0,0.29,0.66
Bitter Gourd,Clay,Summer,5.6,7.7,91,35,73,549,763,18,28,Sprinkler,3.53,21585.0,49095.0,151719.0,0.54,0.94
Bitter Gourd,Clay,All,5.4,8.0,140,78,116,749,990,16,29,Flood,4.3,21585.0,49095.0,189522.0,0.14,0.78
Bitter Gourd,Silty,Kharif,5.4,7.0,117,56,119,690,1150,14,24,Flood,4.35,21585.0,49095.0,191977.0,0.3,0.67
Bitter Gourd,Silty,Rabi,5.3,7.7,97,73,64,304,813,20,36,Drip,3.6,21585.0,49095.0,155156.0,0.16,0.66
Bitter Gourd,Silty,Summer,5.1,7.8,70,31,57,795,1145,14,27,Flood,3.91,21585.0,49095.0,170375.0,0.56,0.86
Bitter Gourd,Silty,All,5.9,7.3,122,54,106,377,680,20,38,Rainfed,3.72,21585.0,49095.0,161047.0,0.35,0.95
Bitter Gourd,Peaty,Kharif,6.0,7.4,144,38,101,422,1363,14,25,Flood,3.32,21585.0,49095.0,141409.0,0.2,0.72
Bitter Gourd,Peaty,Rabi,5.2,6.7,112,78,43,755,1329,20,30,Sprinkler,3.72,21585.0,49095.0,161047.0,0.21,0.69
Bitter Gourd,Peaty,Summer,5.2,7.7,101,29,30,661,1235,20,38,Flood,3.53,21585.0,49095.0,151719.0,0.29,0.85
Bitter Gourd,Peaty,All,5.4,7.2,139,54,83,469,1133,16,30,Sprinkler,4.32,21585.0,49095.0,190504.0,0.28,0.68
Cucumber,Sandy,Kharif,5.4,7.9,168,68,123,332,973,13,27,Drip,2.79,31146.0,34665.0,65570.0,0.27,0.73
Cucumber,Sandy,Rabi,5.5,7.9,125,59,85,344,893,12,28,Drip,3.12,31146.0,34665.0,77009.0,0.57,0.8
Cucumber,Sandy,Summer,5.4,7.8,86,34,129,772,1217,10,27,Sprinkler,2.87,31146.0,34665.0,68343.0,0.28,0.85
Cucumber,Sandy,All,6.0,6.9,138,35,139,716,1208,10,24,Drip,3.02,31146.0,34665.0,73543.0,0.55,0.93
Cucumber,Loamy,Kharif,5.8,7.0,121,59,47,667,924,17,33,Drip,3.57,31146.0,34665.0,92609.0,0.33,0.64
Cucumber,Loamy,Rabi,5.9,7.9,47,88,102,651,1599,11,28,Sprinkler,3.92,31146.0,34665.0,104741.0,0.17,0.64
Cucumber,Loamy,Summer,5.4,7.3,63,55,60,380,794,15,29,Drip,3.26,31146.0,34665.0,81862.0,0.55,0.88
Cucumber,Loamy,All,5.3,7.8,167,26,34,554,952,20,32,Rainfed,3.61,31146.0,34665.0,93995.0,0.31,0.72
Cucumber,Clay,Kharif,5.7,6.7,153,79,77,367,1158,16,32,Sprinkler,3.23,31146.0,34665.0,80822.0,0.2,0.6
Cucumber,Clay,Rabi,5.3,6.6,51,65,124,378,1027,18,29,Rainfed,3.93,31146.0,34665.0,105088.0,0.28,0.83
Cucumber,Clay,Summer,5.7,6.6,46,39,81,738,1636,12,24,Rainfed,3.1,31146.0,34665.0,76316.0,0.26,0.83
Cucumber,Clay,All,5.9,6.7,46,58,49,795,1582,21,32,Drip,3.71,31146.0,34665.0,97462.0,0.36,0.82
Cucumber,Silty,Kharif,5.1,8.0,48,45,35,401,988,19,34,Sprinkler,3.63,31146.0,34665.0,94688.0,0.36,0.74
Cucumber,Silty,Rabi,5.9,6.5,87,82,120,426,978,12,27,Sprinkler,3.79,31146.0,34665.0,100235.0,0.53,0.84
Cucumber,Silty,Summer,5.9,6.7,78,76,49,658,1488,13,31,Drip,2.68,31146.0,34665.0,61757.0,0.28,0.77
Cucumber,Silty,All,5.7,7.8,96,65,48,366,798,16,32,Rainfed,3.36,31146.0,34665.0,85329.0,0.59,0.76
Cucumber,Peaty,Kharif,5.1,6.6,157,25,85,395,993,19,36,Rainfed,3.71,31146.0,34665.0,97462.0,0.5,0.89
Cucumber,Peaty,Rabi,5.2,6.6,43,82,35,379,984,11,26,Drip,3.88,31146.0,34665.0,103355.0,0.38,0.8
Cucumber,Peaty,Summer,6.0,7.6,166,75,138,662,1642,14,32,Sprinkler,3.73,31146.0,34665.0,98155.0,0.34,0.71
Cucumber,Peaty,All,5.8,6.7,93,47,108,378,723,12,30,Rainfed,3.53,31146.0,34665.0,91222.0,0.48,0.7
Okra,Sandy,Kharif,5.9,7.3,87,42,113,790,1352,16,26,Flood,5.66,34741.0,28613.0,127210.0,0.54,0.95
Okra,Sandy,Rabi,5.3,7.1,52,69,51,726,1576,22,39,Drip,5.36,34741.0,28613.0,118626.0,0.42,0.79
Okra,Sandy,Summer,5.3,7.5,165,55,33,723,1164,10,27,Sprinkler,5.78,34741.0,28613.0,130643.0,0.38,0.71
Okra,Sandy,All,5.1,7.3,78,21,133,637,910,13,29,Drip,6.23,34741.0,28613.0,143519.0,0.13,0.87
Okra,Loamy,Kharif,5.7,6.8,161,66,69,332,853,21,35,Flood,5.31,34741.0,28613.0,117195.0,0.26,0.8
Okra,Loamy,Rabi,5.8,7.9,57,67,31,519,1456,14,25,Rainfed,6.66,34741.0,28613.0,155823.0,0.56,0.72
Okra,Loamy,Summer,5.4,6.5,63,68,95,408,1213,15,32,Flood,6.12,34741.0,28613.0,140372.0,0.19,0.77
Okra,Loamy,All,5.0,6.7,104,41,75,799,1161,20,30,Rainfed,6.8,34741.0,28613.0,159829.0,0.43,0.63
Okra,Clay,Kharif,5.7,6.6,118,29,140,403,1188,13,29,Flood,6.39,34741.0,28613.0,148097.0,0.38,0.76
Okra,Clay,Rabi,5.0,7.9,161,47,29,384,1020,17,34,Drip,5.4,34741.0,28613.0,119770.0,0.4,0.87
Okra,Clay,Summer,5.1,7.5,47,78,63,656,1446,18,36,Flood,6.87,34741.0,28613.0,161831.0,0.31,0.68
Okra,Clay,All,5.6,6.8,119,45,34,608,901,20,36,Sprinkler,5.99,34741.0,28613.0,136652.0,0.12,0.78
Okra,Silty,Kharif,5.7,7.4,125,43,49,363,711,10,22,Rainfed,6.71,34741.0,28613.0,157253.0,0.28,0.61
Okra,Silty,Rabi,5.3,7.7,109,56,92,627,1294,22,36,Flood,5.21,34741.0,28613.0,114334.0,0.12,0.65
Okra,Silty,Summer,6.0,7.2,118,59,89,640,1620,16,33,Flood,5.96,34741.0,28613.0,135794.0,0.32,0.76
Okra,Silty,All,5.3,7.9,147,45,69,755,1310,16,26,Sprinkler,7.41,34741.0,28613.0,177283.0,0.12,0.74
Okra,Peaty,Kharif,5.4,7.5,160,45,24,601,1557,16,30,Flood,6.79,34741.0,28613.0,159542.0,0.58,0.75
Okra,Peaty,Rabi,5.1,7.5,131,37,92,656,1245,13,28,Drip,5.32,34741.0,28613.0,117481.0,0.29,0.76
Okra,Peaty,Summer,5.0,7.1,68,40,87,382,1055,16,29,Flood,5.97,34741.0,28613.0,136080.0,0.59,0.9
Okra,Peaty,All,5.6,7.9,125,70,64,772,1260,16,32,Drip,5.96,34741.0,28613.0,135794.0,0.27,0.69
Fenugreek,Sandy,Kharif,5.3,6.9,58,59,98,362,967,19,32,Drip,6.81,28124.0,56321.0,355419.0,0.57,0.69
Fenugreek,Sandy,Rabi,5.6,6.9,109,72,53,308,1046,22,40,Drip,5.16,28124.0,56321.0,262490.0,0.12,0.71
Fenugreek,Sandy,Summer,5.4,7.4,162,47,93,642,1387,20,38,Sprinkler,5.04,28124.0,56321.0,255732.0,0.18,0.94
Fenugreek,Sandy,All,6.0,7.6,154,36,27,653,1030,11,28,Rainfed,5.96,28124.0,56321.0,307547.0,0.25,0.9
Fenugreek,Loamy,Kharif,5.3,6.9,145,67,63,541,1340,12,24,Rainfed,5.39,28124.0,56321.0,275444.0,0.12,0.7
Fenugreek,Loamy,Rabi,5.4,7.0,56,38,112,612,1040,19,29,Rainfed,5.14,28124.0,56321.0,261364.0,0.47,0.72
Fenugreek,Loamy,Summer,5.1,6.7,158,62,129,501,1065,18,34,Drip,5.6,28124.0,56321.0,287271.0,0.27,0.84
Fenugreek,Loamy,All,5.5,6.5,150,30,138,593,1417,13,24,Sprinkler,6.5,28124.0,56321.0,337960.0,0.38,0.67
Fenugreek,Clay,Kharif,5.7,7.1,96,30,29,414,1169,18,33,Rainfed,6.93,28124.0,56321.0,362178.0,0.25,0.66
Fenugreek,Clay,Rabi,5.8,6.7,74,24,129,427,826,14,31,Sprinkler,5.24,28124.0,56321.0,266996.0,0.3,0.83
Fenugreek,Clay,Summer,5.0,6.8,155,73,84,679,1588,20,36,Rainfed,4.88,28124.0,56321.0,246721.0,0.5,0.95
Fenugreek,Clay,All,5.7,7.6,76,55,68,685,1481,10,22,Rainfed,6.36,28124.0,56321.0,330075.0,0.59,0.75
Fenugreek,Silty,Kharif,5.3,7.2,88,24,58,406,932,10,22,Drip,6.09,28124.0,56321.0,314869.0,0.5,0.73
Fenugreek,Silty,Rabi,5.0,6.7,111,74,70,473,858,17,32,Drip,5.28,28124.0,56321.0,269249.0,0.17,0.95
Fenugreek,Silty,Summer,5.6,6.9,74,22,37,469,1079,19,30,Drip,5.3,28124.0,56321.0,270375.0,0.1,0.61
Fenugreek,Silty,All,5.2,7.1,152,28,113,654,979,20,36,Flood,5.68,28124.0,56321.0,291777.0,0.51,0.75
Fenugreek,Peaty,Kharif,5.4,7.7,128,60,51,760,1726,10,22,Sprinkler,6.35,28124.0,56321.0,329512.0,0.21,0.63
Fenugreek,Peaty,Rabi,5.9,7.9,106,82,41,420,649,13,27,Drip,4.92,28124.0,56321.0,248973.0,0.37,0.76
Fenugreek,Peaty,Summer,5.9,7.7,44,31,78,667,1033,12,24,Sprinkler,4.93,28124.0,56321.0,249537.0,0.29,0.75
Fenugreek,Peaty,All,5.9,7.1,106,89,79,673,1667,11,28,Flood,5.58,28124.0,56321.0,286145.0,0.23,0.64
Coriander,Sandy,Kharif,5.9,6.6,132,89,49,574,1225,12,29,Drip,5.08,31281.0,40835.0,176158.0,0.54,0.62
Coriander,Sandy,Rabi,5.2,7.4,127,69,70,688,1434,14,28,Drip,6.41,31281.0,40835.0,230468.0,0.34,0.82
Coriander,Sandy,Summer,5.5,7.7,59,43,32,366,652,11,21,Rainfed,5.5,31281.0,40835.0,193309.0,0.58,0.61
Coriander,Sandy,All,5.7,8.0,146,26,105,769,1044,17,27,Flood,4.98,31281.0,40835.0,172075.0,0.12,0.82
Coriander,Loamy,Kharif,5.2,6.7,66,52,108,481,863,19,34,Rainfed,5.42,31281.0,40835.0,190042.0,0.19,0.65
Coriander,Loamy,Rabi,5.5,7.1,105,51,48,585,1250,12,24,Rainfed,5.13,31281.0,40835.0,178200.0,0.24,0.65
Coriander,Loamy,Summer,5.4,7.1,122,53,95,750,1611,16,29,Drip,5.95,31281.0,40835.0,211685.0,0.1,0.79
Coriander,Loamy,All,5.2,8.0,115,58,76,749,967,14,32,Flood,5.45,31281.0,40835.0,191267.0,0.39,0.72
Coriander,Clay,Kharif,5.3,6.5,82,21,130,491,1319,20,36,Sprinkler,4.5,31281.0,40835.0,152474.0,0.48,0.71
Coriander,Clay,Rabi,5.8,7.2,105,43,70,518,1367,20,33,Drip,6.41,31281.0,40835.0,230468.0,0.4,0.71
Coriander,Clay,Summer,5.2,6.8,167,80,60,706,1080,12,27,Drip,4.38,31281.0,40835.0,147574.0,0.14,0.74
Coriander,Clay,All,5.5,6.7,74,23,103,488,1274,21,33,Drip,5.63,31281.0,40835.0,198617.0,0.16,0.71
Coriander,Silty,Kharif,5.9,7.9,145,47,25,377,1182,15,30,Flood,4.85,31281.0,40835.0,166766.0,0.22,0.83
Coriander,Silty,Rabi,5.8,7.5,84,57,105,691,1075,10,26,Flood,4.51,31281.0,40835.0,152883.0,0.43,0.82
Coriander,Silty,Summer,5.0,7.5,126,32,44,404,1345,11,24,Rainfed,4.44,31281.0,40835.0,150024.0,0.39,0.9
Coriander,Silty,All,5.2,7.8,56,30,42,735,1090,11,23,Rainfed,5.16,31281.0,40835.0,179425.0,0.25,0.83
Coriander,Peaty,Kharif,5.9,7.6,177,39,131,522,1278,16,34,Flood,6.5,31281.0,40835.0,234144.0,0.25,0.6
Coriander,Peaty,Rabi,5.8,6.7,123,53,91,575,834,16,30,Sprinkler,5.98,31281.0,40835.0,212910.0,0.52,0.84
Coriander,Peaty,Summer,5.0,7.1,168,83,76,626,1363,17,30,Sprinkler,5.48,31281.0,40835.0,192492.0,0.49,0.94
Coriander,Peaty,All,5.6,6.9,142,59,119,681,1002,19,35,Drip,4.82,31281.0,40835.0,165541.0,0.43,0.64
Cumin,Sandy,Kharif,5.2,6.8,44,59,108,332,578,14,26,Sprinkler,2.23,29834.0,56648.0,96491.0,0.5,0.64
Cumin,Sandy,Rabi,5.7,7.9,68,31,80,741,1570,17,29,Flood,2.28,29834.0,56648.0,99323.0,0.4,0.81
Cumin,Sandy,Summer,5.6,7.3,81,85,109,401,714,21,39,Rainfed,1.81,29834.0,56648.0,72699.0,0.54,0.75
Cumin,Sandy,All,5.0,7.5,83,20,27,302,858,13,25,Sprinkler,1.93,29834.0,56648.0,79496.0,0.3,0.91
Cumin,Loamy,Kharif,5.0,7.4,123,42,54,425,1167,13,31,Rainfed,2.59,29834.0,56648.0,116884.0,0.38,0.66
Cumin,Loamy,Rabi,5.4,7.7,83,27,27,530,1137,18,34,Drip,2.49,29834.0,56648.0,111219.0,0.48,0.93
Cumin,Loamy,Summer,5.9,6.8,92,84,98,757,1351,20,33,Drip,2.48,29834.0,56648.0,110653.0,0.3,0.86
Cumin,Loamy,All,5.5,7.5,178,71,42,503,1168,11,24,Flood,2.25,29834.0,56648.0,97624.0,0.58,0.64
Cumin,Clay,Kharif,6.0,6.8,169,40,45,760,1191,21,33,Rainfed,2.36,29834.0,56648.0,103855.0,0.52,0.86
Cumin,Clay,Rabi,5.2,7.8,158,28,87,544,1077,21,31,Flood,2.6,29834.0,56648.0,117450.0,0.34,0.73
Cumin,Clay,Summer,5.7,7.1,134,41,20,625,1376,18,29,Sprinkler,1.98,29834.0,56648.0,82329.0,0.14,0.64
Cumin,Clay,All,5.6,7.9,69,78,137,557,1468,11,26,Flood,2.27,29834.0,56648.0,98757.0,0.37,0.69
Cumin,Silty,Kharif,5.7,7.0,167,42,114,645,862,21,33,Flood,2.1,29834.0,56648.0,89126.0,0.45,0.89
Cumin,Silty,Rabi,5.5,7.6,130,32,37,465,1123,13,27,Drip,2.07,29834.0,56648.0,87427.0,0.21,0.7
Cumin,Silty,Summer,5.4,7.5,153,58,133,369,1162,19,29,Flood,2.0,29834.0,56648.0,83462.0,0.34,0.87
Cumin,Silty,All,5.4,7.4,117,28,117,524,1311,19,35,Flood,1.78,29834.0,56648.0,70999.0,0.1,0.87
Cumin,Peaty,Kharif,5.5,7.5,167,52,91,480,1382,19,33,Flood,2.01,29834.0,56648.0,84028.0,0.58,0.67
Cumin,Peaty,Rabi,5.6,7.3,117,34,72,536,984,14,31,Sprinkler,1.95,29834.0,56648.0,80629.0,0.47,0.79
Cumin,Peaty,Summer,5.5,8.0,114,88,23,435,931,15,25,Drip,2.35,29834.0,56648.0,103288.0,0.36,0.74
Cumin,Peaty,All,5.0,7.9,70,24,40,504,846,17,27,Flood,2.12,29834.0,56648.0,90259.0,0.38,0.92
Fennel,Sandy,Kharif,5.8,7.0,66,48,20,584,1336,19,37,Drip,1.83,15305.0,38129.0,54472.0,0.5,0.72
Fennel,Sandy,Rabi,5.3,7.7,100,80,53,726,1687,11,29,Sprinkler,1.54,15305.0,38129.0,43414.0,0.53,0.61
Fennel,Sandy,Summer,5.9,7.2,134,21,26,300,717,10,25,Flood,1.76,15305.0,38129.0,51803.0,0.3,0.81
Fennel,Sandy,All,5.9,7.4,92,22,136,795,1361,16,30,Rainfed,1.63,15305.0,38129.0,46846.0,0.48,0.67
Fennel,Loamy,Kharif,5.4,7.3,115,75,77,591,844,18,35,Rainfed,1.69,15305.0,38129.0,49134.0,0.37,0.66
Fennel,Loamy,Rabi,5.9,7.7,47,34,100,684,1092,16,31,Rainfed,1.3,15305.0,38129.0,34263.0,0.24,0.7
Fennel,Loamy,Summer,5.9,6.9,51,70,81,440,1321,15,31,Flood,1.79,15305.0,38129.0,52947.0,0.29,0.71
Fennel,Loamy,All,5.0,6.7,72,34,61,766,1318,19,35,Flood,1.36,15305.0,38129.0,36551.0,0.57,0.87
Fennel,Clay,Kharif,5.2,7.8,71,21,62,420,840,20,34,Flood,1.78,15305.0,38129.0,52565.0,0.23,0.71
Fennel,Clay,Rabi,5.9,7.0,113,61,67,605,1033,19,35,Sprinkler,1.38,15305.0,38129.0,37314.0,0.52,0.89
Fennel,Clay,Summer,5.5,7.0,165,30,37,447,988,21,36,Drip,1.34,15305.0,38129.0,35788.0,0.45,0.9
Fennel,Clay,All,5.6,6.5,103,70,36,637,1026,11,22,Flood,1.42,15305.0,38129.0,38839.0,0.49,0.65
Fennel,Silty,Kharif,6.0,7.2,148,54,88,628,1386,21,34,Sprinkler,1.63,15305.0,38129.0,46846.0,0.46,0.71
Fennel,Silty,Rabi,5.3,6.8,118,41,107,730,1284,12,27,Rainfed,1.53,15305.0,38129.0,43033.0,0.59,0.71
Fennel,Silty,Summer,5.4,6.6,57,27,63,769,1022,18,28,Sprinkler,1.47,15305.0,38129.0,40745.0,0.15,0.76
Fennel,Silty,All,5.3,7.2,133,47,65,695,1039,14,31,Sprinkler,1.34,15305.0,38129.0,35788.0,0.49,0.76
Fennel,Peaty,Kharif,5.4,7.0,157,45,53,448,1265,13,23,Sprinkler,1.42,15305.0,38129.0,38839.0,0.36,0.61
Fennel,Peaty,Rabi,5.2,7.3,147,30,131,703,973,21,34,Drip,1.8,15305.0,38129.0,53328.0,0.36,0.81
Fennel,Peaty,Summer,5.2,7.9,171,80,84,573,952,22,40,Rainfed,1.5,15305.0,38129.0,41889.0,0.19,0.79
Fennel,Peaty,All,5.2,6.9,151,43,60,650,914,15,27,Rainfed,1.56,15305.0,38129.0,44177.0,0.25,0.71
Cardamom,Sandy,Kharif,5.5,7.7,171,26,32,562,1340,11,26,Flood,5.16,27681.0,56476.0,263735.0,0.19,0.7
Cardamom,Sandy,Rabi,5.4,6.6,162,76,115,493,859,19,35,Rainfed,5.74,27681.0,56476.0,296491.0,0.21,0.88
Cardamom,Sandy,Summer,5.1,7.4,105,68,100,706,1346,14,29,Rainfed,5.02,27681.0,56476.0,255828.0,0.39,0.88
Cardamom,Sandy,All,5.7,6.7,176,90,63,545,978,19,29,Drip,5.44,27681.0,56476.0,279548.0,0.44,0.72
Cardamom,Loamy,Kharif,5.1,6.6,144,86,57,763,1257,12,26,Flood,4.38,27681.0,56476.0,219683.0,0.57,0.87
Cardamom,Loamy,Rabi,5.3,7.6,157,67,76,387,1161,15,32,Sprinkler,5.06,27681.0,56476.0,258087.0,0.39,0.86
Cardamom,Loamy,Summer,5.1,7.3,68,26,42,373,646,17,34,Rainfed,5.42,27681.0,56476.0,278418.0,0.25,0.79
Cardamom,Loamy,All,5.6,7.9,155,30,79,307,843,22,40,Sprinkler,5.6,27681.0,56476.0,288584.0,0.23,0.72
Cardamom,Clay,Kharif,5.1,6.9,92,74,83,689,1052,18,34,Rainfed,4.0,27681.0,56476.0,198222.0,0.46,0.82
Cardamom,Clay,Rabi,5.2,7.3,151,88,34,696,979,19,32,Flood,5.45,27681.0,56476.0,280113.0,0.14,0.93
Cardamom,Clay,Summer,5.3,6.5,45,41,126,353,1008,17,27,Sprinkler,4.45,27681.0,56476.0,223637.0,0.38,0.75
Cardamom,Clay,All,5.4,6.8,135,31,100,724,1596,15,33,Rainfed,5.29,27681.0,56476.0,271076.0,0.33,0.86
Cardamom,Silty,Kharif,5.8,7.5,89,36,106,502,722,21,32,Rainfed,4.95,27681.0,56476.0,251875.0,0.49,0.63
Cardamom,Silty,Rabi,5.2,7.8,72,80,59,368,1229,15,30,Rainfed,4.31,27681.0,56476.0,215730.0,0.31,0.8
Cardamom,Silty,Summer,5.7,7.0,176,32,129,557,1491,11,21,Sprinkler,4.47,27681.0,56476.0,224766.0,0.54,0.7
Cardamom,Silty,All,5.7,6.8,57,63,139,656,1399,17,30,Flood,5.3,27681.0,56476.0,271641.0,0.17,0.75
Cardamom,Peaty,Kharif,5.2,7.0,142,51,46,480,927,22,32,Rainfed,5.05,27681.0,56476.0,257522.0,0.37,0.94
Cardamom,Peaty,Rabi,6.0,7.8,150,31,66,624,1122,17,30,Rainfed,5.09,27681.0,56476.0,259781.0,0.53,0.89
Cardamom,Peaty,Summer,5.2,7.2,87,65,64,704,1022,11,27,Sprinkler,4.32,27681.0,56476.0,216295.0,0.58,0.81
Cardamom,Peaty,All,5.7,7.8,101,80,82,393,1060,10,22,Flood,5.76,27681.0,56476.0,297620.0,0.43,0.74
Clove,Sandy,Kharif,5.1,7.7,105,28,124,660,1559,16,27,Rainfed,3.72,12781.0,23970.0,76387.0,0.41,0.84
Clove,Sandy,Rabi,6.0,7.0,92,62,88,746,1596,14,30,Sprinkler,2.63,12781.0,23970.0,50260.0,0.29,0.64
Clove,Sandy,Summer,5.2,7.3,40,37,82,409,617,14,26,Flood,3.11,12781.0,23970.0,61765.0,0.31,0.93
Clove,Sandy,All,5.5,6.7,106,54,78,359,1100,22,35,Sprinkler,3.59,12781.0,23970.0,73271.0,0.56,0.8
Clove,Loamy,Kharif,5.6,6.6,166,71,53,655,1629,20,30,Drip,2.8,12781.0,23970.0,54334.0,0.37,0.9
Clove,Loamy,Rabi,5.9,7.3,109,60,116,791,1350,11,24,Sprinkler,3.26,12781.0,23970.0,65361.0,0.55,0.65
Clove,Loamy,Summer,5.5,7.2,90,22,102,795,1430,22,40,Rainfed,3.59,12781.0,23970.0,73271.0,0.48,0.89
Clove,Loamy,All,5.8,7.7,48,45,59,784,1197,19,37,Rainfed,3.22,12781.0,23970.0,64402.0,0.2,0.76
Clove,Clay,Kharif,5.7,7.0,171,48,113,419,838,16,30,Flood,3.15,12781.0,23970.0,62724.0,0.51,0.63
Clove,Clay,Rabi,5.7,7.4,68,64,44,562,1414,16,26,Drip,3.27,12781.0,23970.0,65600.0,0.3,0.72
Clove,Clay,Summer,5.8,8.0,107,28,103,733,1107,13,24,Rainfed,3.5,12781.0,23970.0,71113.0,0.28,0.76
Clove,Clay,All,5.0,7.6,56,22,27,662,1568,17,31,Rainfed,3.3,12781.0,23970.0,66319.0,0.18,0.73
Clove,Silty,Kharif,5.8,7.8,59,27,99,547,1478,19,33,Rainfed,3.8,12781.0,23970.0,78304.0,0.56,0.65
Clove,Silty,Rabi,5.3,7.9,47,80,39,681,1280,14,30,Drip,2.81,12781.0,23970.0,54574.0,0.29,0.95
Clove,Silty,Summer,5.8,7.7,87,57,21,435,1345,20,33,Drip,3.11,12781.0,23970.0,61765.0,0.15,0.89
Clove,Silty,All,5.1,6.8,137,87,75,350,1254,16,29,Rainfed,3.18,12781.0,23970.0,63443.0,0.17,0.74
Clove,Peaty,Kharif,5.7,6.8,78,24,24,604,1147,22,35,Flood,3.72,12781.0,23970.0,76387.0,0.31,0.65
Clove,Peaty,Rabi,5.6,6.8,179,23,21,473,1149,17,32,Rainfed,2.65,12781.0,23970.0,50739.0,0.35,0.65
Clove,Peaty,Summer,6.0,7.3,43,23,122,536,957,19,36,Rainfed,2.82,12781.0,23970.0,54814.0,0.49,0.83
Clove,Peaty,All,5.2,6.6,92,89,124,494,1273,10,28,Flood,3.71,12781.0,23970.0,76147.0,0.43,0.77
Black Pepper,Sandy,Kharif,5.3,7.9,111,72,121,357,1064,11,23,Rainfed,2.4,30238.0,13198.0,1436.0,0.1,0.69
Black Pepper,Sandy,Rabi,5.2,6.6,77,48,117,454,954,22,34,Drip,2.29,30238.0,13198.0,-15.0,0.15,0.74
Black Pepper,Sandy,Summer,5.1,6.8,109,30,38,788,1738,20,30,Sprinkler,2.24,30238.0,13198.0,-675.0,0.51,0.88
Black Pepper,Sandy,All,5.5,6.8,45,46,106,393,1023,20,35,Sprinkler,2.03,30238.0,13198.0,-3447.0,0.56,0.76
Black Pepper,Loamy,Kharif,5.1,7.2,116,23,106,368,844,15,30,Sprinkler,2.05,30238.0,13198.0,-3183.0,0.12,0.64
Black Pepper,Loamy,Rabi,5.6,6.7,177,31,41,712,1352,18,34,Sprinkler,2.65,30238.0,13198.0,4736.0,0.5,0.91
Black Pepper,Loamy,Summer,5.3,7.3,171,73,36,409,1083,16,26,Rainfed,2.43,30238.0,13198.0,1832.0,0.23,0.76
Black Pepper,Loamy,All,5.0,7.6,152,31,92,356,1141,10,27,Sprinkler,2.54,30238.0,13198.0,3284.0,0.38,0.63
Black Pepper,Clay,Kharif,5.3,6.6,175,45,70,611,1558,20,32,Drip,2.71,30238.0,13198.0,5528.0,0.59,0.7
Black Pepper,Clay,Rabi,5.3,7.2,154,25,84,380,700,13,31,Flood,2.25,30238.0,13198.0,-543.0,0.32,0.65
Black Pepper,Clay,Summer,5.9,6.8,82,45,115,672,1375,20,32,Rainfed,2.29,30238.0,13198.0,-15.0,0.26,0.91
Black Pepper,Clay,All,5.8,6.5,45,22,90,565,1150,13,27,Flood,2.38,30238.0,13198.0,1173.0,0.4,0.81
Black Pepper,Silty,Kharif,5.0,7.3,63,35,52,360,975,22,32,Rainfed,2.51,30238.0,13198.0,2888.0,0.53,0.63
Black Pepper,Silty,Rabi,5.6,7.6,78,50,37,650,1356,13,30,Flood,2.66,30238.0,13198.0,4868.0,0.41,0.74
Black Pepper,Silty,Summer,5.5,7.6,116,89,127,786,1070,18,34,Flood,2.91,30238.0,13198.0,8167.0,0.29,0.61
Black Pepper,Silty,All,5.0,7.4,171,55,107,412,867,16,27,Rainfed,2.64,30238.0,13198.0,4604.0,0.22,0.76
Black Pepper,Peaty,Kharif,5.9,7.3,61,60,31,639,1457,18,33,Sprinkler,2.26,30238.0,13198.0,-411.0,0.17,0.8
Black Pepper,Peaty,Rabi,5.8,6.7,44,44,101,433,1313,10,21,Sprinkler,2.14,30238.0,13198.0,-1995.0,0.48,0.7
Black Pepper,Peaty,Summer,5.4,7.2,136,52,56,597,1517,14,30,Flood,2.37,30238.0,13198.0,1041.0,0.46,0.63
Black Pepper,Peaty,All,5.6,6.9,44,37,110,694,1446,11,29,Drip,2.84,30238.0,13198.0,7243.0,0.43,0.78
Nutmeg,Sandy,Kharif,5.1,7.8,76,24,87,477,1189,11,28,Sprinkler,4.82,34140.0,48819.0,201167.0,0.55,0.76
Nutmeg,Sandy,Rabi,5.8,7.0,89,72,59,381,808,15,32,Rainfed,3.6,34140.0,48819.0,141608.0,0.14,0.82
Nutmeg,Sandy,Summer,6.0,7.3,75,90,109,469,778,18,29,Flood,5.27,34140.0,48819.0,223135.0,0.41,0.88
Nutmeg,Sandy,All,6.0,7.0,44,56,105,743,1350,11,21,Rainfed,4.42,34140.0,48819.0,181639.0,0.19,0.62
Nutmeg,Loamy,Kharif,5.4,6.5,61,36,91,424,1158,12,29,Rainfed,3.64,34140.0,48819.0,143560.0,0.46,0.86
Nutmeg,Loamy,Rabi,5.2,8.0,72,74,28,479,770,12,22,Sprinkler,5.28,34140.0,48819.0,223623.0,0.46,0.6
Nutmeg,Loamy,Summer,5.7,7.2,123,48,124,695,1643,22,36,Sprinkler,4.27,34140.0,48819.0,174316.0,0.12,0.91
Nutmeg,Loamy,All,5.7,7.8,152,73,48,736,1585,14,30,Rainfed,3.78,34140.0,48819.0,150395.0,0.14,0.68
Nutmeg,Clay,Kharif,5.4,7.6,92,59,82,732,1084,14,27,Sprinkler,4.59,34140.0,48819.0,189938.0,0.31,0.77
Nutmeg,Clay,Rabi,5.4,6.8,121,32,115,647,976,17,29,Flood,4.4,34140.0,48819.0,180663.0,0.1,0.74
Nutmeg,Clay,Summer,5.4,7.7,129,71,39,738,1071,14,25,Flood,5.17,34140.0,48819.0,218253.0,0.3,0.79
Nutmeg,Clay,All,5.5,7.8,115,80,79,724,1006,20,32,Rainfed,4.73,34140.0,48819.0,196773.0,0.28,0.61
Nutmeg,Silty,Kharif,6.0,6.7,170,58,84,589,1283,14,26,Drip,4.01,34140.0,48819.0,161623.0,0.53,0.88
Nutmeg,Silty,Rabi,5.3,7.0,147,68,90,378,691,12,23,Sprinkler,5.0,34140.0,48819.0,209954.0,0.32,0.69
Nutmeg,Silty,Summer,5.7,7.0,131,52,93,702,1078,10,26,Sprinkler,5.02,34140.0,48819.0,210930.0,0.42,0.63
Nutmeg,Silty,All,5.1,7.5,166,45,89,581,863,18,30,Flood,4.03,34140.0,48819.0,162600.0,0.53,0.75
Nutmeg,Peaty,Kharif,5.3,7.0,113,84,131,742,1456,22,34,Rainfed,4.53,34140.0,48819.0,187009.0,0.24,0.88
Nutmeg,Peaty,Rabi,5.5,8.0,143,53,130,696,914,15,26,Rainfed,5.37,34140.0,48819.0,228017.0,0.19,0.66
Nutmeg,Peaty,Summer,5.9,7.0,111,30,122,671,1061,13,23,Rainfed,4.86,34140.0,48819.0,203119.0,0.13,0.81
Nutmeg,Peaty,All,6.0,7.1,101,83,38,351,1281,21,39,Flood,3.68,34140.0,48819.0,145513.0,0.13,0.66
Vanilla,Sandy,Kharif,5.6,7.4,52,30,31,713,1195,10,20,Drip,5.97,24056.0,21679.0,105367.0,0.57,0.88
Vanilla,Sandy,Rabi,5.2,7.6,167,32,95,721,1398,22,40,Flood,5.32,24056.0,21679.0,91276.0,0.47,0.91
Vanilla,Sandy,Summer,5.8,7.8,79,65,107,666,1497,22,32,Sprinkler,5.45,24056.0,21679.0,94094.0,0.42,0.9
Vanilla,Sandy,All,5.6,7.7,124,66,137,304,1147,11,22,Drip,7.69,24056.0,21679.0,142655.0,0.27,0.72
Vanilla,Loamy,Kharif,5.2,6.7,160,41,91,570,1462,17,35,Rainfed,6.42,24056.0,21679.0,115123.0,0.49,0.81
Vanilla,Loamy,Rabi,5.1,6.8,68,73,33,518,746,18,36,Rainfed,7.22,24056.0,21679.0,132466.0,0.33,0.89
Vanilla,Loamy,Summer,5.1,6.8,138,52,81,551,1544,11,29,Drip,6.46,24056.0,21679.0,115990.0,0.52,0.61
Vanilla,Loamy,All,5.9,7.3,67,20,43,708,1201,18,28,Sprinkler,7.24,24056.0,21679.0,132899.0,0.33,0.94
Vanilla,Clay,Kharif,5.0,6.8,105,57,44,708,1694,12,25,Flood,7.7,24056.0,21679.0,142872.0,0.18,0.89
Vanilla,Clay,Rabi,5.4,6.6,138,68,90,480,1146,14,30,Flood,5.25,24056.0,21679.0,89758.0,0.5,0.84
Vanilla,Clay,Summer,5.4,7.2,70,51,93,735,1308,21,33,Rainfed,6.03,24056.0,21679.0,106668.0,0.47,0.89
Vanilla,Clay,All,5.9,7.7,139,29,20,545,754,13,26,Sprinkler,5.32,24056.0,21679.0,91276.0,0.57,0.88
Vanilla,Silty,Kharif,5.5,6.9,80,56,128,408,1327,21,32,Drip,6.7,24056.0,21679.0,121193.0,0.24,0.9
Vanilla,Silty,Rabi,5.5,6.8,42,58,136,354,1310,16,27,Rainfed,6.02,24056.0,21679.0,106451.0,0.21,0.65
Vanilla,Silty,Summer,5.4,6.6,161,66,117,713,1644,18,34,Sprinkler,6.25,24056.0,21679.0,111437.0,0.5,0.68
Vanilla,Silty,All,5.9,7.4,124,49,59,581,873,11,21,Sprinkler,5.24,24056.0,21679.0,89541.0,0.16,0.87
Vanilla,Peaty,Kharif,5.9,7.1,79,82,84,719,1518,22,38,Rainfed,6.03,24056.0,21679.0,106668.0,0.22,0.72
Vanilla,Peaty,Rabi,5.7,7.9,68,37,89,694,972,17,34,Sprinkler,7.3,24056.0,21679.0,134200.0,0.17,0.81
Vanilla,Peaty,Summer,5.8,7.2,65,63,66,432,790,16,26,Flood,5.62,24056.0,21679.0,97779.0,0.47,0.61
Vanilla,Peaty,All,5.3,6.9,134,55,74,695,1368,17,29,Rainfed,6.13,24056.0,21679.0,108836.0,0.32,0.61
Saffron,Sandy,Kharif,5.4,7.7,163,88,102,685,1120,17,27,Drip,2.11,20524.0,51692.0,88546.0,0.26,0.94
Saffron,Sandy,Rabi,5.5,7.7,153,57,125,337,845,18,33,Flood,2.69,20524.0,51692.0,118527.0,0.29,0.66
Saffron,Sandy,Summer,5.2,6.9,140,87,71,375,1036,12,30,Sprinkler,3.02,20524.0,51692.0,135585.0,0.32,0.75
Saffron,Sandy,All,5.1,7.2,136,46,38,544,813,21,34,Sprinkler,2.22,20524.0,51692.0,94232.0,0.37,0.92
Saffron,Loamy,Kharif,5.5,7.5,131,36,47,757,1498,16,34,Flood,2.63,20524.0,51692.0,115425.0,0.3,0.84
Saffron,Loamy,Rabi,5.0,6.9,173,70,95,647,1086,12,22,Sprinkler,2.8,20524.0,51692.0,124213.0,0.49,0.69
Saffron,Loamy,Summer,5.3,6.5,174,38,80,402,1193,16,27,Sprinkler,2.61,20524.0,51692.0,114391.0,0.32,0.93
Saffron,Loamy,All,5.8,7.0,122,72,77,329,1283,17,35,Flood,2.52,20524.0,51692.0,109739.0,0.27,0.69
Saffron,Clay,Kharif,5.4,6.6,47,50,126,700,1439,14,26,Drip,2.49,20524.0,51692.0,108188.0,0.53,0.86
Saffron,Clay,Rabi,5.1,7.6,86,27,110,390,769,20,32,Flood,2.12,20524.0,51692.0,89063.0,0.48,0.89
Saffron,Clay,Summer,5.8,7.5,165,74,97,361,1064,11,27,Drip,2.07,20524.0,51692.0,86478.0,0.25,0.82
Saffron,Clay,All,5.5,6.7,108,90,71,595,1361,13,23,Sprinkler,2.19,20524.0,51692.0,92681.0,0.15,0.75
Saffron,Silty,Kharif,5.6,6.8,85,43,23,760,1144,21,37,Rainfed,2.11,20524.0,51692.0,88546.0,0.59,0.69
Saffron,Silty,Rabi,5.7,6.9,59,27,74,579,804,11,28,Flood,2.9,20524.0,51692.0,129382.0,0.48,0.92
Saffron,Silty,Summer,5.8,6.6,89,77,133,698,938,15,25,Rainfed,2.31,20524.0,51692.0,98884.0,0.2,0.66
Saffron,Silty,All,5.8,6.8,111,68,93,414,729,22,39,Drip,2.58,20524.0,51692.0,112841.0,0.49,0.75
Saffron,Peaty,Kharif,5.2,7.3,178,48,92,316,1275,16,31,Sprinkler,2.08,20524.0,51692.0,86995.0,0.54,0.82
Saffron,Peaty,Rabi,5.6,8.0,123,33,109,609,1033,21,34,Drip,2.48,20524.0,51692.0,107672.0,0.18,0.87
Saffron,Peaty,Summer,5.2,7.8,80,35,125,498,925,15,25,Sprinkler,3.0,20524.0,51692.0,134551.0,0.38,0.75
Saffron,Peaty,All,5.1,7.1,147,77,70,630,1169,12,29,Drip,2.57,20524.0,51692.0,112324.0,0.25,0.94
Bamboo,Sandy,Kharif,5.6,6.5,40,84,129,579,1224,14,24,Flood,4.88,28221.0,24709.0,92360.0,0.6,0.86
Bamboo,Sandy,Rabi,5.8,6.5,51,89,21,640,1572,11,23,Rainfed,3.85,28221.0,24709.0,66910.0,0.49,0.92
Bamboo,Sandy,Summer,5.8,7.9,100,24,55,432,1187,19,29,Drip,3.86,28221.0,24709.0,67157.0,0.18,0.93
Bamboo,Sandy,All,5.2,6.8,82,51,65,334,575,12,27,Sprinkler,4.16,28221.0,24709.0,74569.0,0.59,0.64
Bamboo,Loamy,Kharif,5.9,6.8,126,56,62,707,1642,20,30,Drip,5.07,28221.0,24709.0,97055.0,0.39,0.88
Bamboo,Loamy,Rabi,5.8,6.9,93,44,116,697,1148,13,25,Sprinkler,5.06,28221.0,24709.0,96808.0,0.3,0.66
Bamboo,Loamy,Summer,5.4,6.5,177,23,64,588,1552,21,39,Drip,3.77,28221.0,24709.0,64933.0,0.52,0.88
Bamboo,Loamy,All,5.8,6.6,54,76,119,470,1439,19,35,Sprinkler,5.16,28221.0,24709.0,99279.0,0.41,0.82
Bamboo,Clay,Kharif,6.0,6.7,102,83,71,401,678,17,34,Sprinkler,4.6,28221.0,24709.0,85442.0,0.24,0.62
Bamboo,Clay,Rabi,5.0,6.8,108,31,92,404,1062,15,26,Drip,3.87,28221.0,24709.0,67404.0,0.32,0.85
Bamboo,Clay,Summer,5.1,7.1,142,36,140,516,996,17,32,Drip,4.74,28221.0,24709.0,88901.0,0.35,0.92
Bamboo,Clay,All,5.3,6.7,76,23,133,617,1252,11,28,Drip,3.6,28221.0,24709.0,60732.0,0.39,0.66
Bamboo,Silty,Kharif,5.7,7.3,108,60,131,370,846,10,23,Drip,4.8,28221.0,24709.0,90383.0,0.13,0.84
Bamboo,Silty,Rabi,5.9,7.0,121,32,54,407,1344,22,34,Rainfed,4.59,28221.0,24709.0,85194.0,0.15,0.68
Bamboo,Silty,Summer,5.8,7.3,153,82,137,602,1274,20,32,Sprinkler,4.38,28221.0,24709.0,80005.0,0.59,0.73
Bamboo,Silty,All,5.7,7.8,79,31,84,579,1020,21,35,Sprinkler,4.8,28221.0,24709.0,90383.0,0.37,0.64
Bamboo,Peaty,Kharif,5.2,7.9,41,58,118,577,1271,17,27,Flood,4.43,28221.0,24709.0,81241.0,0.29,0.8
Bamboo,Peaty,Rabi,6.0,7.8,83,75,65,348,914,19,29,Drip,4.16,28221.0,24709.0,74569.0,0.46,0.83
Bamboo,Peaty,Summer,6.0,6.9,173,62,101,557,1124,21,39,Drip,5.03,28221.0,24709.0,96066.0,0.37,0.94
Bamboo,Peaty,All,5.3,7.2,162,37,71,703,1079,10,28,Sprinkler,4.26,28221.0,24709.0,77040.0,0.16,0.8
Eucalyptus,Sandy,Kharif,5.8,7.8,135,30,120,599,1200,12,30,Drip,2.03,13851.0,26647.0,40242.0,0.53,0.6
Eucalyptus,Sandy,Rabi,5.1,6.8,143,41,116,752,1259,17,29,Flood,2.05,13851.0,26647.0,40775.0,0.48,0.91
Eucalyptus,Sandy,Summer,5.6,6.6,83,40,51,772,1252,11,25,Drip,2.43,13851.0,26647.0,50901.0,0.49,0.81
Eucalyptus,Sandy,All,5.7,7.1,153,25,37,509,1117,10,24,Sprinkler,2.65,13851.0,26647.0,56763.0,0.13,0.8
Eucalyptus,Loamy,Kharif,5.4,6.8,162,56,102,320,539,21,34,Rainfed,1.92,13851.0,26647.0,37311.0,0.48,0.8
Eucalyptus,Loamy,Rabi,5.2,7.6,177,42,37,382,887,17,28,Rainfed,2.76,13851.0,26647.0,59694.0,0.21,0.9
Eucalyptus,Loamy,Summer,5.7,7.1,45,87,38,536,1233,20,30,Sprinkler,2.25,13851.0,26647.0,46104.0,0.3,0.92
Eucalyptus,Loamy,All,5.7,7.7,54,80,75,745,1077,16,30,Drip,2.54,13851.0,26647.0,53832.0,0.46,0.72
Eucalyptus,Clay,Kharif,5.0,7.0,158,42,45,438,1071,11,28,Flood,2.49,13851.0,26647.0,52500.0,0.53,0.84
Eucalyptus,Clay,Rabi,5.2,7.8,90,72,34,306,1164,22,36,Sprinkler,2.54,13851.0,26647.0,53832.0,0.58,0.7
Eucalyptus,Clay,Summer,5.9,7.6,139,64,55,760,1254,11,24,Flood,2.04,13851.0,26647.0,40509.0,0.33,0.91
Eucalyptus,Clay,All,5.5,7.2,147,24,74,739,1648,13,27,Sprinkler,2.04,13851.0,26647.0,40509.0,0.59,0.89
Eucalyptus,Silty,Kharif,5.9,7.7,161,61,129,474,776,18,36,Flood,1.89,13851.0,26647.0,36512.0,0.14,0.9
Eucalyptus,Silty,Rabi,5.6,7.3,84,58,109,393,635,12,26,Drip,2.29,13851.0,26647.0,47170.0,0.23,0.69
Eucalyptus,Silty,Summer,5.8,6.8,108,64,74,699,1242,22,35,Flood,2.41,13851.0,26647.0,50368.0,0.32,0.87
Eucalyptus,Silty,All,5.0,7.0,115,88,67,681,1111,16,28,Flood,2.4,13851.0,26647.0,50101.0,0.12,0.84
Eucalyptus,Peaty,Kharif,5.2,7.3,108,28,103,306,509,19,34,Drip,2.34,13851.0,26647.0,48503.0,0.27,0.91
Eucalyptus,Peaty,Rabi,5.5,7.9,84,31,70,671,1156,13,28,Rainfed,2.66,13851.0,26647.0,57030.0,0.12,0.87
Eucalyptus,Peaty,Summer,5.5,6.6,149,26,59,550,1413,20,36,Rainfed,2.15,13851.0,26647.0,43440.0,0.33,0.93
Eucalyptus,Peaty,All,5.5,6.9,157,26,70,672,1256,11,29,Flood,2.66,13851.0,26647.0,57030.0,0.58,0.72
Teak,Sandy,Kharif,5.1,7.8,99,71,90,773,1773,11,26,Sprinkler,4.13,30925.0,55013.0,196277.0,0.14,0.73
Teak,Sandy,Rabi,5.5,7.4,48,27,39,531,1217,21,33,Rainfed,2.88,30925.0,55013.0,127511.0,0.36,0.72
Teak,Sandy,Summer,5.7,7.5,138,22,57,799,1240,15,31,Flood,2.91,30925.0,55013.0,129162.0,0.55,0.68
Teak,Sandy,All,5.2,6.9,148,85,51,408,635,16,33,Flood,3.82,30925.0,55013.0,179223.0,0.11,0.74
Teak,Loamy,Kharif,5.7,7.8,70,90,139,369,756,21,33,Flood,3.45,30925.0,55013.0,158869.0,0.53,0.92
Teak,Loamy,Rabi,5.6,7.7,44,85,77,560,1422,18,34,Sprinkler,3.17,30925.0,55013.0,143465.0,0.48,0.84
Teak,Loamy,Summer,5.8,6.6,160,46,93,512,921,14,26,Flood,4.28,30925.0,55013.0,204529.0,0.11,0.9
Teak,Loamy,All,5.8,7.5,45,58,93,370,712,11,28,Rainfed,3.24,30925.0,55013.0,147316.0,0.53,0.75
Teak,Clay,Kharif,5.7,6.6,142,76,23,508,1108,13,25,Rainfed,3.95,30925.0,55013.0,186375.0,0.3,0.66
Teak,Clay,Rabi,5.9,7.5,43,80,44,783,1577,19,31,Rainfed,3.83,30925.0,55013.0,179773.0,0.38,0.79
Teak,Clay,Summer,5.2,6.7,79,73,109,465,1452,13,26,Flood,2.99,30925.0,55013.0,133563.0,0.47,0.92
Teak,Clay,All,5.5,7.7,118,53,41,507,1308,14,26,Rainfed,3.16,30925.0,55013.0,142915.0,0.45,0.79
Teak,Silty,Kharif,6.0,6.9,62,50,61,454,1357,20,30,Rainfed,3.27,30925.0,55013.0,148966.0,0.49,0.81
Teak,Silty,Rabi,5.4,6.5,137,42,28,615,1163,18,35,Drip,2.87,30925.0,55013.0,126961.0,0.23,0.81
Teak,Silty,Summer,5.2,8.0,99,85,115,697,1181,20,33,Rainfed,3.86,30925.0,55013.0,181424.0,0.49,0.84
Teak,Silty,All,5.8,6.6,177,34,73,541,1255,10,26,Flood,4.23,30925.0,55013.0,201778.0,0.24,0.68
Teak,Peaty,Kharif,5.1,7.8,175,26,33,494,1360,14,26,Rainfed,3.33,30925.0,55013.0,152267.0,0.2,0.76
Teak,Peaty,Rabi,5.0,7.2,79,72,100,452,695,17,27,Drip,2.91,30925.0,55013.0,129162.0,0.41,0.61
Teak,Peaty,Summer,5.6,7.8,56,78,40,505,858,18,30,Flood,3.65,30925.0,55013.0,169871.0,0.43,0.87
Teak,Peaty,All,5.8,7.8,123,23,104,735,954,17,29,Sprinkler,4.22,30925.0,55013.0,201228.0,0.19,0.83
Neem,Sandy,Kharif,5.0,7.9,68,69,129,356,731,22,39,Flood,4.46,19312.0,16263.0,53222.0,0.11,0.61
Neem,Sandy,Rabi,5.1,6.5,70,78,27,625,1600,22,34,Flood,4.09,19312.0,16263.0,47205.0,0.55,0.69
Neem,Sandy,Summer,5.3,7.0,137,43,102,429,971,18,35,Rainfed,3.88,19312.0,16263.0,43790.0,0.11,0.86
Neem,Sandy,All,5.8,7.9,76,58,40,636,1218,13,29,Rainfed,4.82,19312.0,16263.0,59077.0,0.57,0.65
Neem,Loamy,Kharif,5.2,7.0,42,43,90,765,1237,19,36,Flood,5.26,19312.0,16263.0,66233.0,0.56,0.62
Neem,Loamy,Rabi,5.6,7.5,154,20,36,770,1742,14,27,Flood,4.32,19312.0,16263.0,50946.0,0.52,0.91
Neem,Loamy,Summer,5.3,7.0,96,74,52,556,1527,11,29,Flood,5.2,19312.0,16263.0,65257.0,0.49,0.7
Neem,Loamy,All,5.0,6.9,142,54,127,749,1471,18,30,Rainfed,4.38,19312.0,16263.0,51921.0,0.46,0.76
Neem,Clay,Kharif,5.5,7.3,110,71,72,377,779,12,25,Flood,3.8,19312.0,16263.0,42489.0,0.3,0.76
Neem,Clay,Rabi,5.8,8.0,144,56,94,337,669,15,29,Flood,5.53,19312.0,16263.0,70624.0,0.53,0.83
Neem,Clay,Summer,5.2,7.6,105,43,97,568,1164,12,24,Flood,4.78,19312.0,16263.0,58427.0,0.16,0.73
Neem,Clay,All,5.4,7.9,144,42,44,756,1309,16,28,Drip,4.13,19312.0,16263.0,47856.0,0.48,0.86
Neem,Silty,Kharif,5.9,7.1,171,79,110,553,1214,19,31,Sprinkler,5.43,19312.0,16263.0,68998.0,0.32,0.71
Neem,Silty,Rabi,5.2,7.3,52,86,130,713,1170,19,32,Rainfed,4.34,19312.0,16263.0,51271.0,0.4,0.86
Neem,Silty,Summer,6.0,7.4,79,36,71,305,535,10,21,Sprinkler,4.28,19312.0,16263.0,50295.0,0.43,0.83
Neem,Silty,All,5.5,7.1,57,59,114,633,1510,13,23,Sprinkler,5.09,19312.0,16263.0,63468.0,0.38,0.68
Neem,Peaty,Kharif,5.1,6.8,166,61,39,761,1611,18,35,Drip,3.79,19312.0,16263.0,42326.0,0.41,0.75
Neem,Peaty,Rabi,5.3,7.5,116,40,115,702,1585,21,33,Sprinkler,5.42,19312.0,16263.0,68835.0,0.26,0.94
Neem,Peaty,Summer,5.6,6.6,86,49,63,725,1162,10,27,Flood,4.52,19312.0,16263.0,54198.0,0.57,0.64
Neem,Peaty,All,5.9,7.3,142,36,137,780,1562,22,40,Rainfed,4.93,19312.0,16263.0,60866.0,0.53,0.74
Aloe Vera,Sandy,Kharif,5.4,7.4,40,77,98,509,1127,11,29,Flood,2.22,20794.0,12207.0,6306.0,0.59,0.65
Aloe Vera,Sandy,Rabi,5.8,7.9,114,20,59,426,940,17,31,Rainfed,2.34,20794.0,12207.0,7770.0,0.26,0.94
Aloe Vera,Sandy,Summer,5.7,7.2,120,71,32,306,559,17,34,Flood,1.9,20794.0,12207.0,2399.0,0.18,0.77
Aloe Vera,Sandy,All,6.0,6.6,147,31,116,594,1574,20,32,Rainfed,1.85,20794.0,12207.0,1789.0,0.27,0.82
Aloe Vera,Loamy,Kharif,5.8,7.4,58,45,86,547,945,13,30,Rainfed,1.89,20794.0,12207.0,2277.0,0.47,0.88
Aloe Vera,Loamy,Rabi,5.9,7.0,154,56,90,611,811,22,36,Flood,2.1,20794.0,12207.0,4841.0,0.32,0.94
Aloe Vera,Loamy,Summer,5.4,6.7,97,60,28,772,977,21,38,Flood,2.0,20794.0,12207.0,3620.0,0.49,0.81
Aloe Vera,Loamy,All,5.8,7.4,131,31,81,655,1099,20,32,Sprinkler,1.79,20794.0,12207.0,1056.0,0.28,0.67
Aloe Vera,Clay,Kharif,5.3,7.4,58,65,85,300,852,15,33,Rainfed,2.36,20794.0,12207.0,8015.0,0.5,0.71
Aloe Vera,Clay,Rabi,5.8,6.9,140,66,51,608,1490,11,27,Rainfed,2.29,20794.0,12207.0,7160.0,0.51,0.6
Aloe Vera,Clay,Summer,5.3,7.4,43,59,60,757,1276,11,29,Sprinkler,2.58,20794.0,12207.0,10700.0,0.6,0.69
Aloe Vera,Clay,All,5.9,7.6,78,42,30,711,1463,10,23,Flood,2.07,20794.0,12207.0,4474.0,0.18,0.93
Aloe Vera,Silty,Kharif,5.7,6.9,135,89,90,504,1404,14,24,Flood,2.19,20794.0,12207.0,5939.0,0.11,0.74
Aloe Vera,Silty,Rabi,5.2,7.5,63,68,56,654,1301,21,34,Drip,2.35,20794.0,12207.0,7892.0,0.27,0.75
Aloe Vera,Silty,Summer,5.2,7.9,159,58,53,735,956,18,36,Rainfed,2.38,20794.0,12207.0,8259.0,0.52,0.77
Aloe Vera,Silty,All,5.5,7.9,163,25,96,386,628,20,31,Rainfed,2.19,20794.0,12207.0,5939.0,0.46,0.84
Aloe Vera,Peaty,Kharif,5.9,6.9,96,30,31,402,1299,12,28,Flood,1.81,20794.0,12207.0,1301.0,0.27,0.7
Aloe Vera,Peaty,Rabi,5.3,6.6,81,71,50,395,1268,11,22,Flood,1.75,20794.0,12207.0,568.0,0.6,0.88
Aloe Vera,Peaty,Summer,5.7,6.7,44,60,48,607,1288,20,30,Flood,2.14,20794.0,12207.0,5329.0,0.24,0.85
Aloe Vera,Peaty,All,5.3,7.6,54,88,106,756,1651,22,34,Drip,1.8,20794.0,12207.0,1179.0,0.48,0.7
Mint,Sandy,Kharif,5.7,7.4,147,82,122,498,1115,12,28,Drip,4.7,23452.0,51498.0,218588.0,0.45,0.8
Mint,Sandy,Rabi,5.9,7.0,43,37,115,496,771,21,39,Sprinkler,4.22,23452.0,51498.0,193869.0,0.29,0.88
Mint,Sandy,Summer,5.9,6.5,139,86,71,324,862,10,26,Drip,4.27,23452.0,51498.0,196444.0,0.3,0.75
Mint,Sandy,All,5.0,6.6,175,31,102,624,1263,14,24,Rainfed,4.21,23452.0,51498.0,193354.0,0.21,0.62
Mint,Loamy,Kharif,5.1,6.7,100,23,38,486,824,10,24,Sprinkler,4.51,23452.0,51498.0,208804.0,0.2,0.93
Mint,Loamy,Rabi,5.8,7.4,133,49,129,357,1145,20,32,Flood,4.27,23452.0,51498.0,196444.0,0.41,0.79
Mint,Loamy,Summer,5.0,7.8,158,64,137,717,1421,14,29,Sprinkler,5.88,23452.0,51498.0,279356.0,0.59,0.81
Mint,Loamy,All,5.1,7.0,112,56,138,468,898,18,29,Rainfed,5.35,23452.0,51498.0,252062.0,0.42,0.64
Mint,Clay,Kharif,5.5,7.1,129,87,47,445,934,22,37,Flood,6.23,23452.0,51498.0,297380.0,0.18,0.66
Mint,Clay,Rabi,5.8,7.1,71,83,98,553,806,15,31,Flood,4.21,23452.0,51498.0,193354.0,0.58,0.74
Mint,Clay,Summer,5.8,7.8,119,89,74,315,973,10,24,Flood,5.99,23452.0,51498.0,285021.0,0.18,0.75
Mint,Clay,All,5.9,6.5,90,65,122,332,906,18,33,Rainfed,4.33,23452.0,51498.0,199534.0,0.58,0.84
Mint,Silty,Kharif,5.1,6.8,63,74,83,714,1010,15,31,Rainfed,4.91,23452.0,51498.0,229403.0,0.32,0.62
Mint,Silty,Rabi,5.1,6.9,59,46,51,602,1136,14,31,Sprinkler,4.3,23452.0,51498.0,197989.0,0.29,0.69
Mint,Silty,Summer,5.7,6.8,121,79,94,327,853,21,38,Rainfed,5.38,23452.0,51498.0,253607.0,0.47,0.87
Mint,Silty,All,5.9,7.5,176,70,75,793,1754,14,30,Drip,5.08,23452.0,51498.0,238158.0,0.29,0.64
Mint,Peaty,Kharif,5.2,7.8,166,53,100,643,1415,17,33,Rainfed,4.97,23452.0,51498.0,232493.0,0.33,0.87
Mint,Peaty,Rabi,6.0,8.0,162,80,122,674,964,18,32,Drip,5.97,23452.0,51498.0,283991.0,0.5,0.64
Mint,Peaty,Summer,5.2,6.5,132,75,82,423,845,13,25,Flood,4.63,23452.0,51498.0,214984.0,0.44,0.67
Mint,Peaty,All,6.0,7.1,106,25,43,744,1518,12,27,Drip,5.78,23452.0,51498.0,274206.0,0.51,0.93
Tulsi,Sandy,Kharif,5.6,6.8,82,76,80,770,1212,19,31,Drip,6.51,24667.0,34089.0,197253.0,0.53,0.83
Tulsi,Sandy,Rabi,5.0,6.9,86,22,93,348,805,21,31,Rainfed,5.8,24667.0,34089.0,173049.0,0.19,0.87
Tulsi,Sandy,Summer,5.2,6.9,75,47,58,553,1428,11,29,Drip,6.91,24667.0,34089.0,210888.0,0.1,0.84
Tulsi,Sandy,All,5.3,7.0,61,62,127,437,1343,15,27,Flood,4.92,24667.0,34089.0,143051.0,0.56,0.71
Tulsi,Loamy,Kharif,5.6,7.4,57,45,90,791,1217,11,21,Rainfed,6.5,24667.0,34089.0,196912.0,0.3,0.7
Tulsi,Loamy,Rabi,5.2,7.5,87,75,100,671,1668,12,24,Flood,5.86,24667.0,34089.0,175095.0,0.33,0.67
Tulsi,Loamy,Summer,5.1,7.8,169,24,70,505,1010,21,38,Rainfed,7.0,24667.0,34089.0,213956.0,0.32,0.67
Tulsi,Loamy,All,5.4,6.9,48,62,98,460,833,19,37,Sprinkler,5.11,24667.0,34089.0,149528.0,0.24,0.85
Tulsi,Clay,Kharif,5.0,7.2,116,26,36,759,1466,14,24,Flood,5.91,24667.0,34089.0,176799.0,0.48,0.78
Tulsi,Clay,Rabi,5.4,7.1,135,20,127,774,1414,12,22,Rainfed,5.37,24667.0,34089.0,158391.0,0.3,0.88
Tulsi,Clay,Summer,5.7,7.0,143,53,72,673,945,14,31,Sprinkler,5.54,24667.0,34089.0,164186.0,0.34,0.81
Tulsi,Clay,All,5.1,7.9,164,89,110,442,1254,22,33,Sprinkler,6.21,24667.0,34089.0,187026.0,0.45,0.75
Tulsi,Silty,Kharif,5.6,7.4,120,60,21,743,1231,19,32,Drip,6.75,24667.0,34089.0,205434.0,0.49,0.75
Tulsi,Silty,Rabi,5.2,6.7,96,52,134,495,798,12,23,Drip,6.5,24667.0,34089.0,196912.0,0.39,0.93
Tulsi,Silty,Summer,5.5,7.5,66,62,98,447,1222,15,28,Sprinkler,4.82,24667.0,34089.0,139642.0,0.45,0.66
Tulsi,Silty,All,5.5,7.6,81,37,136,398,1203,18,32,Flood,5.5,24667.0,34089.0,162823.0,0.51,0.93
Tulsi,Peaty,Kharif,5.2,7.1,158,84,109,551,816,18,36,Drip,6.96,24667.0,34089.0,212593.0,0.16,0.76
Tulsi,Peaty,Rabi,5.6,7.5,54,62,104,579,1076,11,27,Rainfed,5.7,24667.0,34089.0,169640.0,0.14,0.86
Tulsi,Peaty,Summer,5.7,6.9,134,71,59,539,1504,19,37,Sprinkler,5.72,24667.0,34089.0,170322.0,0.48,0.71
Tulsi,Peaty,All,5.4,7.2,108,69,44,752,1646,18,31,Rainfed,6.83,24667.0,34089.0,208161.0,0.53,0.76
Ashwagandha,Sandy,Kharif,5.5,7.4,76,73,30,496,1106,12,22,Rainfed,2.43,9369.0,50591.0,113568.0,0.28,0.71
Ashwagandha,Sandy,Rabi,5.4,7.3,111,62,83,640,1375,16,31,Sprinkler,2.76,9369.0,50591.0,130263.0,0.28,0.77
Ashwagandha,Sandy,Summer,5.1,7.9,105,80,75,440,645,10,20,Flood,2.53,9369.0,50591.0,118627.0,0.27,0.88
Ashwagandha,Sandy,All,5.4,7.3,73,57,107,329,894,11,27,Flood,2.36,9369.0,50591.0,110027.0,0.26,0.65
Ashwagandha,Loamy,Kharif,5.9,7.8,106,28,118,562,1364,19,36,Sprinkler,2.01,9369.0,50591.0,92320.0,0.5,0.89
Ashwagandha,Loamy,Rabi,5.2,7.1,176,74,22,562,1556,13,28,Flood,2.87,9369.0,50591.0,135828.0,0.47,0.76
Ashwagandha,Loamy,Summer,6.0,7.1,51,58,123,779,1253,12,25,Flood,2.07,9369.0,50591.0,95355.0,0.12,0.84
Ashwagandha,Loamy,All,5.7,7.3,176,48,23,611,1606,14,25,Drip,2.28,9369.0,50591.0,105979.0,0.39,0.8
Ashwagandha,Clay,Kharif,5.4,6.6,161,82,131,732,1521,17,29,Sprinkler,2.34,9369.0,50591.0,109015.0,0.18,0.69
Ashwagandha,Clay,Rabi,5.2,7.1,109,87,21,452,977,10,27,Drip,2.36,9369.0,50591.0,110027.0,0.49,0.86
Ashwagandha,Clay,Summer,5.5,8.0,43,61,83,627,1481,13,27,Rainfed,2.9,9369.0,50591.0,137346.0,0.39,0.82
Ashwagandha,Clay,All,5.5,6.7,150,20,41,667,1498,14,28,Drip,2.66,9369.0,50591.0,125204.0,0.5,0.62
Ashwagandha,Silty,Kharif,5.2,6.6,175,37,62,566,1053,19,29,Flood,2.2,9369.0,50591.0,101932.0,0.26,0.61
Ashwagandha,Silty,Rabi,5.1,7.6,157,80,56,572,1219,17,32,Sprinkler,2.96,9369.0,50591.0,140381.0,0.16,0.71
Ashwagandha,Silty,Summer,5.5,7.1,108,86,112,381,787,10,28,Drip,2.85,9369.0,50591.0,134816.0,0.26,0.82
Ashwagandha,Silty,All,5.9,7.5,110,33,93,515,877,13,26,Drip,2.98,9369.0,50591.0,141393.0,0.31,0.86
Ashwagandha,Peaty,Kharif,5.4,7.3,111,41,78,515,1207,14,32,Drip,2.1,9369.0,50591.0,96873.0,0.59,0.67
Ashwagandha,Peaty,Rabi,5.0,7.1,94,31,67,347,1089,22,33,Flood,2.55,9369.0,50591.0,119639.0,0.17,0.87
Ashwagandha,Peaty,Summer,5.9,7.7,127,59,73,618,1379,19,29,Flood,2.94,9369.0,50591.0,139370.0,0.22,0.76
Ashwagandha,Peaty,All,5.1,7.5,70,77,99,557,1350,10,22,Drip,2.23,9369.0,50591.0,103450.0,0.44,0.8
Stevia,Sandy,Kharif,5.4,7.7,178,77,27,643,1408,14,31,Flood,1.73,28599.0,51002.0,59636.0,0.45,0.62
Stevia,Sandy,Rabi,5.8,7.1,120,60,45,603,1340,11,29,Rainfed,1.91,28599.0,51002.0,68816.0,0.47,0.76
Stevia,Sandy,Summer,5.1,7.4,122,83,97,329,1100,19,33,Sprinkler,1.69,28599.0,51002.0,57596.0,0.4,0.85
Stevia,Sandy,All,5.4,7.1,180,46,84,434,1197,18,35,Flood,1.48,28599.0,51002.0,46885.0,0.11,0.65
Stevia,Loamy,Kharif,5.0,7.2,60,39,50,603,1211,20,31,Drip,1.42,28599.0,51002.0,43825.0,0.42,0.83
Stevia,Loamy,Rabi,5.0,7.8,62,90,132,713,1472,11,23,Flood,1.91,28599.0,51002.0,68816.0,0.49,0.63
Stevia,Loamy,Summer,5.8,7.7,46,82,20,768,1379,16,26,Rainfed,1.38,28599.0,51002.0,41785.0,0.39,0.68
Stevia,Loamy,All,5.8,7.4,76,69,90,610,1046,13,27,Flood,1.79,28599.0,51002.0,62696.0,0.4,0.76
Stevia,Clay,Kharif,5.0,7.6,51,73,82,467,1138,18,34,Drip,2.01,28599.0,51002.0,73916.0,0.2,0.72
Stevia,Clay,Rabi,5.4,7.7,153,50,114,351,1335,12,25,Rainfed,1.56,28599.0,51002.0,50965.0,0.27,0.61
Stevia,Clay,Summer,5.8,7.0,48,65,36,629,924,18,35,Drip,1.69,28599.0,51002.0,57596.0,0.46,0.7
Stevia,Clay,All,5.0,7.1,170,88,46,353,631,14,25,Sprinkler,1.94,28599.0,51002.0,70346.0,0.58,0.83
Stevia,Silty,Kharif,5.7,7.6,98,61,128,325,728,16,34,Flood,1.42,28599.0,51002.0,43825.0,0.41,0.74
Stevia,Silty,Rabi,5.9,7.3,59,24,94,627,1275,17,34,Rainfed,1.93,28599.0,51002.0,69836.0,0.17,0.82
Stevia,Silty,Summer,5.3,7.7,108,65,74,562,1060,14,30,Flood,1.73,28599.0,51002.0,59636.0,0.25,0.92
Stevia,Silty,All,6.0,7.7,148,74,58,716,938,11,27,Drip,1.97,28599.0,51002.0,71876.0,0.41,0.77
Stevia,Peaty,Kharif,5.8,7.3,93,35,65,598,1308,15,32,Drip,1.75,28599.0,51002.0,60656.0,0.45,0.65
Stevia,Peaty,Rabi,5.4,6.7,140,46,110,319,658,19,30,Sprinkler,1.72,28599.0,51002.0,59126.0,0.56,0.83
Stevia,Peaty,Summer,5.6,8.0,98,49,42,453,745,16,31,Rainfed,1.71,28599.0,51002.0,58616.0,0.41,0.69
Stevia,Peaty,All,5.2,7.1,139,23,79,766,1178,14,28,Flood,1.91,28599.0,51002.0,68816.0,0.45,0.74
Lemongrass,Sandy,Kharif,5.4,6.9,61,82,54,679,1503,11,27,Rainfed,5.02,25069.0,28578.0,118393.0,0.27,0.93
Lemongrass,Sandy,Rabi,5.9,6.6,64,71,92,582,855,20,34,Rainfed,4.58,25069.0,28578.0,105819.0,0.48,0.89
Lemongrass,Sandy,Summer,5.7,7.1,54,52,124,587,995,21,38,Flood,4.7,25069.0,28578.0,109248.0,0.47,0.64
Lemongrass,Sandy,All,5.8,7.8,177,71,56,640,1492,13,26,Rainfed,5.78,25069.0,28578.0,140112.0,0.31,0.9
Lemongrass,Loamy,Kharif,5.3,7.9,47,69,110,719,1110,11,29,Drip,4.96,25069.0,28578.0,116678.0,0.33,0.64
Lemongrass,Loamy,Rabi,5.7,8.0,145,75,29,300,642,15,31,Drip,4.68,25069.0,28578.0,108676.0,0.51,0.92
Lemongrass,Loamy,Summer,5.1,7.8,72,37,107,657,1082,14,32,Rainfed,4.26,25069.0,28578.0,96674.0,0.59,0.85
Lemongrass,Loamy,All,6.0,7.3,147,82,65,616,1574,10,21,Flood,5.88,25069.0,28578.0,142970.0,0.41,0.71
Lemongrass,Clay,Kharif,5.6,6.9,143,35,55,450,677,19,31,Drip,4.61,25069.0,28578.0,106676.0,0.53,0.62
Lemongrass,Clay,Rabi,5.3,7.1,132,75,132,457,800,22,38,Rainfed,4.33,25069.0,28578.0,98674.0,0.29,0.77
Lemongrass,Clay,Summer,5.1,6.8,131,68,134,613,1461,15,30,Drip,5.42,25069.0,28578.0,129824.0,0.34,0.75
Lemongrass,Clay,All,5.9,6.9,63,58,97,323,549,13,31,Sprinkler,4.11,25069.0,28578.0,92387.0,0.19,0.88
Lemongrass,Silty,Kharif,5.3,7.6,93,54,119,447,1346,14,32,Flood,5.1,25069.0,28578.0,120679.0,0.19,0.92
Lemongrass,Silty,Rabi,5.2,6.5,160,50,49,333,791,15,29,Flood,5.61,25069.0,28578.0,135254.0,0.45,0.73
Lemongrass,Silty,Summer,5.5,7.4,90,39,65,347,664,14,31,Flood,5.32,25069.0,28578.0,126966.0,0.26,0.62
Lemongrass,Silty,All,5.9,6.5,43,61,56,424,1075,17,33,Flood,4.3,25069.0,28578.0,97817.0,0.2,0.84
Lemongrass,Peaty,Kharif,5.8,7.3,55,32,112,656,1404,17,30,Rainfed,4.75,25069.0,28578.0,110677.0,0.39,0.71
Lemongrass,Peaty,Rabi,5.9,6.9,150,81,88,511,885,20,31,Rainfed,5.11,25069.0,28578.0,120965.0,0.37,0.79
Lemongrass,Peaty,Summer,5.1,7.4,143,87,60,516,1024,12,27,Flood,5.83,25069.0,28578.0,141541.0,0.3,0.79
Lemongrass,Peaty,All,5.8,6.7,149,45,51,773,1711,11,26,Sprinkler,4.48,25069.0,28578.0,102961.0,0.47,0.6
