crop,soil_type,season,irrigation_type,ph_min,ph_max,n_required,p_required,k_required,yield_ton_per_acre,cost_rs_per_acre,price_rs_per_ton,climate_score,risk_score,fertilizer_cost_per_kg_n,fertilizer_cost_per_kg_p,fertilizer_cost_per_kg_k
Soybean,Sandy,Zaid,Canal,5.5,6.5,53,80,48,2.14,27695,39670,93,35,7.39,21.8,16.44
Sugarcane,Black,Kharif,Drip,6.2,6.5,258,122,108,32.39,92863,3936,83,55,7.85,20.35,24.64
Capsicum,Clay,Kharif,Rainfed,6.5,6.7,215,82,88,20.01,91204,36978,67,24,5.77,28.1,19.82
Rice,Loamy,Kharif,Sprinkler,6.1,7.4,106,57,48,2.66,35735,23549,60,56,8.65,31.41,15.93
Groundnut,Sandy,Kharif,Drip,5.8,7.3,41,73,91,2.91,39210,43980,72,30,6.2,24.31,22.98
Maize,Black,Zaid,Canal,5.8,7.2,127,57,63,4.54,39391,21430,86,46,6.52,29.84,24.45
Maize,Loamy,Kharif,Drip,6.2,6.8,128,69,44,4.77,35273,16343,63,31,7.16,23.1,24.49
Potato,Sandy,Kharif,Canal,6.2,6.6,184,107,112,20.52,62908,17041,63,59,5.4,22.13,22.23
Capsicum,Clay,Kharif,Sprinkler,5.7,7.3,213,138,100,21.33,97357,27210,95,39,8.32,25.14,15.87
Potato,Clay,Zaid,Rainfed,6.0,6.7,225,84,84,26.31,67548,13950,68,41,5.42,22.02,16.81
Capsicum,Clay,Rabi,Rainfed,5.8,7.7,163,98,101,17.3,97838,23981,80,36,7.18,29.97,23.57
Maize,Loamy,Kharif,Drip,5.9,7.6,139,65,71,5.66,47044,21028,66,42,8.66,33.46,20.33
Cotton,Black,Rabi,Sprinkler,6.0,7.0,197,74,60,2.72,69038,64833,80,52,5.87,30.34,27.14
Capsicum,Red,Kharif,Drip,6.2,6.6,188,111,139,17.39,77457,44788,63,35,6.11,32.07,21.45
Tomato,Black,Zaid,Sprinkler,5.9,6.9,166,80,100,19.51,60905,9973,73,54,5.74,28.06,25.99
Rice,Black,Rabi,Sprinkler,6.0,7.1,113,66,70,3.96,46431,22122,93,40,6.88,26.32,26.22
Potato,Black,Kharif,Sprinkler,5.8,7.4,237,105,120,18.97,72652,18907,73,32,7.25,26.48,16.73
Maize,Red,Zaid,Drip,5.9,7.3,134,54,47,4.49,47807,20881,67,34,5.19,30.28,23.5
Cotton,Loamy,Kharif,Rainfed,5.7,6.7,142,90,76,3.77,59303,74230,93,22,8.66,33.24,21.72
Tomato,Red,Kharif,Drip,6.2,6.8,178,85,94,24.34,72415,12344,93,26,5.05,24.75,27.29
Maize,Sandy,Zaid,Sprinkler,6.3,6.9,165,85,64,5.26,46537,20678,85,39,5.81,29.83,20.72
Tomato,Sandy,Zaid,Sprinkler,5.8,6.6,228,90,120,29.13,80003,15488,82,53,7.75,22.88,25.66
Potato,Loamy,Zaid,Rainfed,5.8,6.6,189,130,91,26.11,57047,12043,63,51,5.67,21.19,19.83
Soybean,Loamy,Kharif,Sprinkler,6.4,7.4,52,88,54,1.66,29713,53410,82,55,6.92,34.95,15.41
Wheat,Sandy,Zaid,Canal,5.9,7.6,138,64,49,3.37,45518,18019,82,37,7.17,27.95,22.39
Groundnut,Loamy,Rabi,Rainfed,5.9,7.2,79,67,66,2.96,48213,53284,74,59,6.94,30.82,25.11
Rice,Sandy,Zaid,Sprinkler,6.2,7.6,114,56,53,3.13,46775,22210,83,39,6.0,23.37,17.93
Wheat,Clay,Kharif,Canal,6.4,7.5,112,63,69,4.29,35668,25235,86,38,6.11,29.18,18.8
Tomato,Black,Zaid,Drip,5.8,7.4,230,76,80,20.7,84370,10680,92,31,6.91,23.9,27.38
Rice,Sandy,Kharif,Canal,6.4,7.3,132,70,41,4.0,56931,23585,76,35,5.2,21.02,23.03
Cotton,Sandy,Rabi,Rainfed,5.7,7.4,141,68,65,2.52,45420,51096,87,22,8.92,23.83,27.85
Rice,Black,Kharif,Canal,6.5,7.6,109,55,57,5.48,37148,17096,73,35,5.9,30.95,15.04
Rice,Sandy,Kharif,Canal,6.4,6.9,116,57,63,5.04,59277,20136,83,41,7.37,33.79,28.63
Capsicum,Sandy,Kharif,Canal,5.5,6.7,230,115,140,24.97,116924,45015,81,26,7.41,28.15,20.02
Soybean,Red,Rabi,Sprinkler,5.9,7.8,60,99,68,2.89,42537,37799,63,20,5.26,32.46,27.56
Rice,Black,Rabi,Sprinkler,6.4,7.2,136,62,43,4.56,57197,19401,80,53,7.53,30.55,17.3
Potato,Black,Kharif,Canal,5.5,7.4,207,119,137,17.75,67126,17632,85,55,5.21,32.71,28.9
Potato,Loamy,Kharif,Drip,6.5,7.2,237,84,113,14.51,46700,13540,71,60,6.38,33.75,29.48
Sugarcane,Black,Kharif,Drip,5.9,7.6,266,85,111,58.75,89960,4161,71,21,8.87,21.7,17.01
Capsicum,Clay,Zaid,Drip,5.6,7.1,185,122,89,19.46,88463,30786,83,54,6.0,34.64,24.88
Capsicum,Clay,Kharif,Rainfed,6.4,7.7,196,93,132,22.33,100322,34610,80,26,8.11,32.33,21.17
Groundnut,Black,Kharif,Canal,5.8,7.5,78,64,77,1.81,42793,41718,91,30,5.14,33.61,19.79
Maize,Clay,Rabi,Sprinkler,6.4,7.5,170,84,64,6.21,31163,17110,95,48,6.65,30.76,20.71
Groundnut,Red,Zaid,Rainfed,6.4,7.3,78,82,100,2.77,48632,54269,66,33,8.98,23.31,18.32
Groundnut,Clay,Zaid,Canal,5.9,7.2,43,87,98,1.4,35818,47563,68,47,5.28,20.03,21.62
Wheat,Sandy,Rabi,Canal,6.0,6.6,121,43,42,2.18,30396,20941,83,27,5.61,30.71,29.21
Tomato,Loamy,Rabi,Canal,5.9,7.3,210,88,77,21.69,78120,15402,63,31,7.44,31.7,29.45
Soybean,Black,Zaid,Sprinkler,6.3,6.6,63,66,51,1.6,40819,44715,66,54,6.71,34.12,28.33
Capsicum,Sandy,Zaid,Sprinkler,6.2,7.5,235,124,99,26.18,83037,30080,64,35,8.09,23.98,22.66
Capsicum,Clay,Rabi,Canal,5.8,6.5,218,101,81,15.42,71765,39256,74,33,6.5,22.35,25.84
Tomato,Clay,Zaid,Drip,6.0,7.0,213,102,77,15.47,88197,10767,90,54,7.03,25.53,16.42
Maize,Loamy,Zaid,Drip,6.3,7.4,172,73,40,3.52,39742,15716,90,26,5.26,23.03,23.19
Groundnut,Red,Kharif,Sprinkler,5.6,7.4,75,67,70,2.53,48614,41903,94,57,8.47,25.84,22.76
Capsicum,Clay,Zaid,Canal,5.5,6.7,192,138,89,26.8,96461,30883,79,32,6.72,30.25,21.93
Potato,Sandy,Kharif,Rainfed,5.7,7.4,251,100,135,24.14,71028,19769,95,55,5.99,29.8,18.69
Tomato,Black,Kharif,Drip,6.4,7.0,228,79,104,19.46,86691,14043,69,39,8.42,20.04,19.45
Maize,Red,Zaid,Canal,6.4,7.5,134,88,75,3.09,36590,17795,67,58,5.06,26.7,29.21
Maize,Black,Zaid,Canal,6.2,6.7,176,56,57,4.16,30437,17691,62,60,8.14,21.62,26.81
Sugarcane,Black,Rabi,Sprinkler,6.2,7.0,290,105,93,30.33,64235,2864,92,30,7.46,22.09,28.89
Capsicum,Black,Zaid,Rainfed,6.1,7.4,150,132,106,27.43,90571,30193,82,55,6.77,24.21,29.93
Groundnut,Sandy,Rabi,Rainfed,5.5,6.8,61,90,85,1.78,41488,43338,64,24,5.8,30.9,19.03
Groundnut,Black,Kharif,Canal,5.6,6.5,43,97,84,1.95,36669,48799,71,35,5.53,28.07,29.59
Rice,Clay,Rabi,Sprinkler,6.1,7.6,125,40,63,5.27,51088,17716,83,26,5.09,28.14,22.1
Capsicum,Loamy,Kharif,Drip,5.8,7.1,161,118,126,25.71,109347,41014,81,55,5.36,25.08,29.47
Soybean,Loamy,Kharif,Rainfed,6.2,7.6,55,83,74,2.56,37027,38992,82,34,5.62,26.59,20.99
Wheat,Sandy,Zaid,Canal,6.2,7.8,95,69,70,3.41,47287,18430,79,34,7.76,33.17,19.24
Capsicum,Sandy,Zaid,Canal,5.8,7.2,185,124,140,21.58,116601,47360,66,48,6.68,27.57,21.03
Soybean,Clay,Rabi,Drip,6.5,7.5,75,83,75,2.38,35641,45763,68,45,5.52,22.52,25.25
Cotton,Sandy,Rabi,Canal,5.8,7.7,200,78,94,2.85,48063,69620,72,26,7.37,22.26,29.75
Rice,Red,Zaid,Canal,6.0,6.9,148,59,40,5.96,35123,17291,81,22,8.8,32.18,24.72
Tomato,Sandy,Zaid,Rainfed,5.5,7.2,208,90,112,24.57,80559,13576,85,53,5.04,34.29,18.12
Maize,Black,Kharif,Drip,6.4,7.6,152,69,80,5.0,31577,17996,94,56,5.81,34.59,29.72
Capsicum,Red,Rabi,Sprinkler,5.9,7.1,169,109,95,14.74,65433,39156,63,35,6.75,31.58,28.82
Tomato,Sandy,Kharif,Rainfed,6.4,7.8,168,100,87,27.15,76486,10891,66,29,6.42,25.9,24.71
Rice,Clay,Zaid,Rainfed,5.7,6.7,149,58,58,2.64,56444,23281,69,51,8.62,32.24,17.92
Sugarcane,Red,Rabi,Drip,5.6,7.5,214,110,99,43.57,89286,3218,76,36,5.8,21.6,28.08
Potato,Sandy,Zaid,Canal,5.5,7.3,196,136,108,24.14,69014,18104,84,26,7.65,22.37,28.36
Soybean,Loamy,Rabi,Drip,6.5,6.9,75,93,61,2.76,29856,40190,70,42,5.45,20.57,18.32
Rice,Red,Rabi,Drip,6.3,7.3,109,52,66,5.49,45518,16532,60,37,5.46,25.77,24.05
Maize,Sandy,Zaid,Sprinkler,5.6,7.7,149,87,72,6.63,28641,19739,69,59,7.91,31.14,25.1
Maize,Red,Rabi,Rainfed,6.1,6.6,131,85,77,6.21,32468,15509,60,31,8.98,32.64,25.66
Potato,Sandy,Rabi,Rainfed,5.9,7.1,181,129,91,29.82,76791,17585,63,51,8.07,31.76,27.02
Maize,Clay,Kharif,Drip,6.1,6.8,148,72,69,5.65,45599,19739,75,52,5.49,24.34,22.38
Potato,Loamy,Zaid,Canal,5.8,6.8,258,81,112,16.79,60473,12389,79,46,7.77,26.15,16.68
Maize,Sandy,Rabi,Rainfed,5.7,7.2,139,53,50,3.31,38806,20589,63,57,8.49,31.42,19.65
Wheat,Sandy,Zaid,Canal,5.9,7.4,99,57,62,4.31,32321,25732,82,43,6.27,22.73,22.24
Potato,Red,Kharif,Rainfed,5.7,7.7,201,101,100,13.56,46679,17055,90,46,5.99,27.86,19.54
Cotton,Loamy,Kharif,Sprinkler,5.7,7.5,157,69,91,2.12,54098,58210,77,57,5.44,32.45,21.3
Potato,Loamy,Rabi,Canal,5.8,7.0,217,119,108,20.03,57178,13134,67,59,8.69,27.53,24.23
Tomato,Clay,Zaid,Rainfed,5.5,6.7,233,70,73,23.79,70313,14683,88,27,5.44,28.09,24.81
Potato,Black,Zaid,Sprinkler,5.6,6.9,226,120,89,23.77,50462,13311,74,51,7.0,22.09,27.88
Maize,Loamy,Rabi,Sprinkler,6.4,7.1,150,77,80,5.75,40695,21784,60,41,6.25,27.68,22.68
Wheat,Sandy,Rabi,Drip,5.6,7.8,111,49,69,4.69,49545,22243,71,39,8.89,24.02,15.67
Sugarcane,Loamy,Zaid,Canal,6.4,7.4,275,98,94,46.99,64326,3977,81,30,5.95,33.28,16.11
Cotton,Sandy,Zaid,Canal,6.0,7.0,151,80,60,2.9,49826,55956,71,33,6.73,23.4,28.66
Potato,Red,Zaid,Drip,6.1,6.8,223,137,99,20.38,79961,19092,65,53,8.25,27.93,21.31
Potato,Loamy,Kharif,Canal,6.0,6.6,187,126,118,28.85,76814,15407,70,27,5.47,26.86,25.64
Groundnut,Sandy,Zaid,Canal,6.4,7.3,74,70,77,2.51,34403,64170,86,32,8.08,29.03,16.85
Potato,Clay,Zaid,Sprinkler,6.0,7.7,254,88,120,17.26,67658,15100,91,41,6.54,21.41,21.56
Cotton,Clay,Zaid,Drip,6.3,7.2,180,95,99,2.42,47815,59851,70,57,7.65,32.19,29.96
Cotton,Loamy,Kharif,Sprinkler,6.3,6.8,161,90,100,2.24,59676,67731,62,46,5.45,28.22,19.57
Wheat,Sandy,Rabi,Drip,5.9,6.7,93,55,53,4.95,32042,23555,90,22,5.39,20.19,17.16
Cotton,Sandy,Rabi,Rainfed,5.8,7.2,196,73,80,3.4,47722,76235,87,23,5.14,22.5,17.95
Sugarcane,Loamy,Rabi,Canal,5.8,7.7,241,117,115,31.9,94874,4032,72,56,8.54,32.28,17.38
Soybean,Loamy,Zaid,Canal,6.1,7.1,76,82,48,1.66,31127,35702,83,36,7.48,24.78,26.0
Soybean,Sandy,Kharif,Canal,6.5,7.2,62,92,69,2.16,43905,40774,92,51,5.29,25.84,19.75
Groundnut,Loamy,Kharif,Canal,5.8,7.6,59,70,95,2.13,30055,44351,74,25,7.21,29.17,16.34
Cotton,Black,Zaid,Canal,6.3,6.7,144,89,87,2.33,64568,55898,89,36,6.51,23.81,27.62
Capsicum,Clay,Kharif,Drip,6.1,6.8,221,80,135,12.47,88587,22475,85,42,6.98,31.61,23.59
Capsicum,Loamy,Rabi,Rainfed,5.6,7.7,183,124,126,22.2,76273,25990,63,53,7.28,31.89,24.02
Tomato,Loamy,Rabi,Sprinkler,5.9,6.6,229,98,110,18.42,66942,15314,69,48,7.93,23.46,23.18
Cotton,Red,Kharif,Rainfed,6.0,6.6,174,79,89,1.82,65701,78528,79,29,6.87,29.85,19.85
Groundnut,Loamy,Rabi,Sprinkler,6.2,7.4,70,82,67,2.13,35502,56473,62,31,8.13,29.79,22.86
Soybean,Clay,Zaid,Canal,6.1,7.0,67,96,64,2.64,28412,46370,68,21,8.3,32.32,27.51
Potato,Sandy,Rabi,Rainfed,6.1,7.7,197,134,125,26.61,51951,18816,90,42,8.98,31.72,15.75
Maize,Red,Kharif,Drip,5.7,7.2,134,72,44,6.68,36739,18151,80,24,7.11,27.17,20.27
Sugarcane,Sandy,Kharif,Rainfed,6.2,6.8,206,108,109,40.89,77737,2856,86,48,5.79,34.79,28.44
Potato,Sandy,Kharif,Sprinkler,6.2,6.5,234,86,110,27.94,69125,16299,73,38,5.34,30.01,21.49
Cotton,Red,Kharif,Canal,6.3,6.8,200,83,65,2.33,62780,73860,64,35,8.08,33.84,26.9
Capsicum,Sandy,Zaid,Sprinkler,6.4,6.5,190,101,127,23.65,111471,25954,79,29,6.14,25.81,24.04
Cotton,Loamy,Zaid,Sprinkler,5.7,7.6,164,87,99,2.72,56737,79663,64,47,7.41,28.43,22.0
Capsicum,Loamy,Rabi,Canal,5.9,7.2,162,103,115,25.81,67542,41855,85,47,7.43,20.96,29.61
Capsicum,Loamy,Rabi,Rainfed,5.9,7.5,182,121,117,10.28,93775,35705,84,47,5.96,26.17,22.99
Capsicum,Red,Kharif,Canal,5.7,6.9,209,140,84,18.19,89021,24304,74,54,6.29,33.03,26.89
Tomato,Black,Zaid,Canal,6.4,7.3,213,111,97,21.75,56603,10196,95,49,6.38,28.15,20.41
Wheat,Black,Kharif,Sprinkler,6.4,7.5,113,70,46,4.48,40401,25647,91,57,5.92,21.85,27.46
Groundnut,Black,Kharif,Sprinkler,6.1,7.3,57,90,60,2.97,49370,47433,89,58,8.87,32.99,15.74
Groundnut,Red,Rabi,Rainfed,6.3,6.6,56,61,69,1.85,36803,59752,71,43,6.15,20.7,18.07
Sugarcane,Black,Zaid,Sprinkler,5.6,6.7,280,106,113,47.54,61693,4021,72,60,7.14,23.25,26.11
Capsicum,Red,Rabi,Sprinkler,5.8,7.3,204,102,82,14.4,63199,42198,82,54,8.75,25.83,24.06
Soybean,Red,Kharif,Sprinkler,6.4,7.7,58,69,57,1.92,29005,36739,87,40,8.6,20.42,29.86
Wheat,Sandy,Kharif,Sprinkler,6.2,6.7,139,50,69,2.77,32001,23477,63,30,7.02,26.33,27.78
Sugarcane,Clay,Rabi,Drip,6.2,6.6,256,114,108,28.15,74294,4125,82,21,8.27,27.28,27.39
Groundnut,Sandy,Rabi,Canal,5.8,7.1,72,62,67,1.3,38114,57113,66,60,6.08,28.52,15.62
Soybean,Red,Kharif,Rainfed,5.8,7.8,55,66,79,2.71,43649,36634,82,53,8.93,22.93,17.9
Potato,Red,Rabi,Sprinkler,6.4,6.9,235,91,115,16.29,73453,17204,67,57,5.73,20.37,27.8
Rice,Sandy,Kharif,Drip,6.2,7.5,137,41,57,4.44,41208,17577,84,28,6.35,31.46,15.25
Maize,Loamy,Zaid,Sprinkler,5.8,6.6,177,57,77,6.88,34641,20318,76,38,8.5,21.81,16.66
Wheat,Loamy,Zaid,Drip,5.8,6.5,126,59,63,4.49,30616,18542,67,34,6.36,25.42,24.0
Maize,Clay,Zaid,Rainfed,6.2,6.7,147,89,40,3.33,35391,21863,94,24,6.46,23.71,17.26
Tomato,Loamy,Kharif,Canal,6.3,6.6,223,80,93,32.29,57711,11162,73,51,8.93,31.06,28.09
Sugarcane,Black,Rabi,Drip,5.8,6.8,274,117,135,26.29,98941,3427,65,45,8.75,28.19,26.57
Maize,Black,Rabi,Rainfed,5.8,7.7,136,87,66,3.45,46461,20859,84,42,6.15,34.99,24.53
Groundnut,Red,Rabi,Sprinkler,5.7,7.2,50,94,95,2.5,41169,53864,88,25,7.72,28.57,26.06
Cotton,Loamy,Zaid,Canal,5.8,7.7,185,92,71,3.44,55143,61539,60,40,5.42,24.09,22.04
Sugarcane,Loamy,Kharif,Canal,6.0,7.8,208,80,95,43.46,88715,3288,81,51,5.87,21.07,18.7
Rice,Sandy,Rabi,Canal,6.3,7.3,111,52,60,3.46,56217,17248,69,26,7.12,29.63,15.02
Soybean,Loamy,Rabi,Rainfed,6.1,7.3,59,86,70,2.27,26438,40970,95,53,8.66,20.66,25.05
Potato,Black,Zaid,Rainfed,6.1,6.7,181,136,97,21.78,77509,17052,81,60,8.71,26.89,17.29
Groundnut,Loamy,Zaid,Canal,6.3,6.7,62,87,60,2.68,40337,55792,61,20,5.29,25.39,28.94
Capsicum,Sandy,Kharif,Canal,6.3,7.2,154,112,94,23.0,105177,29194,64,25,8.23,21.25,15.72
Cotton,Sandy,Rabi,Rainfed,5.6,7.1,171,92,72,3.25,68368,63247,84,50,6.53,22.88,23.15
Tomato,Clay,Rabi,Drip,6.4,7.8,213,86,106,30.13,51519,9802,83,49,8.18,22.32,15.58
Sugarcane,Red,Zaid,Canal,6.3,6.7,216,82,101,52.12,73136,3287,92,33,6.15,29.74,24.25
Rice,Loamy,Kharif,Rainfed,6.2,6.8,134,78,60,4.41,43305,23849,68,26,8.55,29.19,16.38
Potato,Loamy,Rabi,Canal,6.1,7.7,197,110,118,14.78,53342,13214,85,59,6.76,26.99,29.36
Potato,Loamy,Rabi,Canal,5.8,7.5,197,99,136,21.43,46983,15752,72,59,6.32,21.22,18.61
Capsicum,Sandy,Zaid,Drip,5.6,7.2,193,127,82,16.39,97657,46739,77,59,6.36,26.33,24.17
Groundnut,Red,Zaid,Rainfed,5.5,6.7,65,88,62,1.24,32970,41906,94,25,6.65,22.05,24.22
Potato,Clay,Rabi,Canal,5.6,6.8,226,118,84,13.9,72979,16997,82,56,8.47,30.98,15.65
Rice,Loamy,Zaid,Rainfed,5.8,6.7,135,80,45,4.68,39794,16053,77,29,6.79,31.55,27.6
Capsicum,Black,Rabi,Sprinkler,6.5,7.5,166,121,88,19.57,114955,31974,60,60,6.86,25.83,28.89
Potato,Red,Kharif,Rainfed,6.1,6.8,243,102,92,12.44,70075,17587,84,35,5.95,32.53,15.53
Soybean,Loamy,Kharif,Canal,5.7,7.3,61,98,78,2.73,29557,52418,95,26,7.33,23.77,16.05
Maize,Loamy,Zaid,Sprinkler,6.1,7.3,122,71,69,5.61,28868,18005,83,32,6.41,34.96,20.75
Maize,Clay,Rabi,Sprinkler,6.0,6.5,133,68,47,6.99,46136,20943,93,48,5.09,23.05,18.94
Groundnut,Red,Kharif,Canal,6.1,7.5,76,87,91,1.95,40317,54931,63,55,6.1,26.83,27.69
Wheat,Red,Kharif,Sprinkler,6.4,7.4,133,70,59,3.82,34736,20706,69,57,6.4,25.71,25.53
Groundnut,Clay,Rabi,Rainfed,6.1,7.6,46,61,67,1.28,35670,51072,75,26,6.77,22.34,29.76
Cotton,Red,Zaid,Rainfed,6.2,7.7,174,99,92,3.67,57602,52778,61,21,8.32,29.47,17.75
Potato,Sandy,Zaid,Sprinkler,6.1,7.3,247,114,85,21.72,67307,16192,64,53,6.58,26.28,29.29
Sugarcane,Red,Rabi,Rainfed,6.4,7.6,209,89,103,50.08,67061,3493,62,58,6.92,31.48,19.8
Sugarcane,Black,Zaid,Drip,6.2,6.8,250,107,126,27.62,74531,2855,78,27,7.52,26.97,23.01
Tomato,Black,Zaid,Rainfed,6.3,7.7,178,106,115,28.82,67300,12090,69,21,6.77,26.53,24.74
Maize,Clay,Zaid,Rainfed,5.9,7.1,175,85,77,4.11,32306,19916,73,27,8.83,34.84,16.55
Capsicum,Sandy,Kharif,Canal,5.9,7.1,198,132,80,10.42,107351,32597,93,35,8.69,20.14,25.35
Sugarcane,Red,Kharif,Sprinkler,5.7,6.6,279,126,134,28.95,69664,3183,68,23,6.83,20.51,28.22
Capsicum,Sandy,Zaid,Rainfed,5.7,7.6,183,120,88,22.55,87461,25891,72,59,6.64,21.17,20.13
Maize,Red,Kharif,Canal,5.8,7.6,172,61,61,3.75,47032,14803,77,27,7.32,34.65,24.81
Potato,Black,Rabi,Sprinkler,6.2,7.7,182,117,105,21.17,76558,15906,76,43,7.26,25.98,28.54
Sugarcane,Red,Rabi,Rainfed,6.1,6.6,200,80,122,26.04,76434,3684,62,32,5.49,28.22,17.04
Wheat,Clay,Rabi,Sprinkler,5.8,7.6,125,61,63,4.22,38363,23053,86,52,5.78,26.93,21.22
Groundnut,Loamy,Rabi,Drip,6.0,7.7,43,60,61,2.17,36115,40095,72,57,8.95,33.22,23.56
Soybean,Clay,Rabi,Rainfed,6.2,6.6,77,88,58,1.52,27402,35319,91,34,7.82,32.56,26.55
Rice,Loamy,Kharif,Sprinkler,5.8,7.8,139,74,49,5.71,36033,20346,81,42,5.74,20.47,22.96
Capsicum,Clay,Zaid,Rainfed,6.3,7.7,198,126,138,18.62,82360,37753,89,53,7.31,21.72,22.68
Maize,Loamy,Kharif,Canal,6.2,7.2,147,60,70,6.58,37491,19851,66,21,7.53,33.22,23.64
Soybean,Red,Zaid,Rainfed,5.7,7.3,62,98,63,1.81,34032,42861,67,51,8.46,28.58,25.62
Maize,Black,Zaid,Drip,5.5,7.7,158,58,47,6.94,44713,17640,95,60,6.03,27.71,26.9
Rice,Red,Zaid,Rainfed,6.5,7.0,110,48,54,3.35,59731,16744,80,54,5.64,27.92,16.64
Rice,Black,Kharif,Rainfed,6.4,7.6,127,45,54,3.6,55687,23185,83,43,6.17,23.94,16.71
Potato,Loamy,Kharif,Canal,5.7,7.0,251,101,84,27.81,70846,13305,85,49,8.56,25.02,21.11
Soybean,Clay,Kharif,Drip,5.6,6.7,82,67,77,2.38,39325,37379,92,26,5.17,32.93,25.13
Wheat,Black,Zaid,Sprinkler,6.2,6.6,100,66,63,3.77,37307,18991,90,43,8.22,32.91,29.16
Maize,Sandy,Rabi,Sprinkler,6.0,7.0,134,71,70,6.85,30557,14147,95,58,5.5,23.38,16.8
Groundnut,Sandy,Zaid,Canal,5.6,7.7,50,82,88,1.6,40891,61393,60,20,6.53,24.63,28.96
Capsicum,Loamy,Kharif,Rainfed,5.9,7.5,172,138,90,12.83,75634,37584,78,42,5.05,32.34,21.36
Cotton,Black,Rabi,Drip,6.2,7.7,187,99,94,2.39,48226,63513,92,60,6.25,24.66,23.85
Groundnut,Red,Kharif,Drip,5.6,7.8,48,79,86,1.26,41832,41016,74,42,6.02,24.4,15.17
Capsicum,Clay,Kharif,Sprinkler,6.2,6.8,206,122,109,16.06,92571,35567,74,20,5.89,22.72,23.99
Sugarcane,Clay,Zaid,Sprinkler,6.2,7.7,203,109,121,49.92,89065,2999,91,22,8.05,29.43,22.59
Soybean,Black,Rabi,Sprinkler,5.7,7.0,78,79,58,1.6,30918,42319,73,23,8.81,25.53,27.26
Soybean,Sandy,Kharif,Sprinkler,6.1,7.7,79,79,62,1.72,36585,39536,95,33,6.46,34.85,18.2
Wheat,Loamy,Rabi,Rainfed,6.0,6.9,95,67,66,4.49,40063,18114,76,32,7.3,28.86,23.46
Capsicum,Loamy,Rabi,Sprinkler,6.3,7.7,178,92,98,29.53,85510,38919,93,29,5.78,24.68,28.49
Capsicum,Clay,Kharif,Drip,5.7,6.6,174,102,135,13.76,116920,37011,74,33,8.91,24.86,29.09
Sugarcane,Black,Rabi,Rainfed,6.0,6.5,234,138,133,44.58,68657,3020,79,36,7.55,27.86,17.14
Soybean,Black,Rabi,Drip,6.2,7.6,80,94,76,1.91,26114,41995,71,31,5.69,23.5,20.72
Potato,Clay,Kharif,Canal,5.7,7.1,217,101,95,29.97,71316,18253,84,55,8.73,20.08,17.05
Capsicum,Red,Zaid,Rainfed,5.8,6.7,229,101,139,25.96,63038,43720,86,42,6.53,25.98,26.11
Tomato,Red,Rabi,Canal,5.9,7.8,209,107,98,17.7,60709,12426,72,47,7.61,32.5,20.76
Sugarcane,Loamy,Zaid,Drip,5.9,7.4,287,115,126,57.46,67077,2943,84,54,7.54,27.71,21.54
Maize,Clay,Kharif,Sprinkler,6.3,7.4,126,59,42,3.89,45625,20515,74,47,7.81,20.39,21.88
Groundnut,Sandy,Kharif,Sprinkler,6.4,7.5,72,96,84,1.67,31574,53619,81,24,5.38,24.94,28.6
Wheat,Sandy,Rabi,Canal,5.9,7.4,134,69,70,2.38,39830,24926,79,34,6.91,29.62,23.45
Groundnut,Black,Rabi,Sprinkler,5.9,7.1,64,88,77,1.93,35964,55862,85,26,7.54,20.66,26.05
Cotton,Loamy,Kharif,Drip,5.6,6.9,182,99,74,3.85,63272,69776,89,29,5.14,22.91,27.69
Cotton,Black,Zaid,Sprinkler,6.0,6.7,143,97,61,3.45,46105,53009,80,30,8.21,29.63,25.69
Sugarcane,Clay,Kharif,Rainfed,5.7,6.8,279,126,122,31.94,67126,3391,79,27,8.71,21.88,24.16
Maize,Black,Rabi,Canal,6.3,6.8,154,52,54,4.34,46977,16399,65,20,5.98,27.53,28.92
Rice,Red,Zaid,Canal,5.6,7.3,116,44,68,5.69,36465,23639,79,30,7.73,30.69,27.82
Wheat,Clay,Rabi,Rainfed,6.1,7.6,121,41,52,3.94,34958,19109,81,52,7.2,28.13,23.9
Potato,Red,Zaid,Rainfed,6.4,7.2,185,111,93,14.04,64491,16381,92,25,5.73,26.6,17.89
Soybean,Black,Zaid,Canal,6.2,7.5,76,68,41,2.16,35659,45491,61,54,8.11,34.53,18.44
Groundnut,Clay,Zaid,Sprinkler,6.0,7.8,73,72,67,2.12,33307,52452,62,59,5.37,34.99,16.2
Capsicum,Black,Kharif,Drip,5.9,6.6,202,113,96,15.98,83298,24571,88,48,5.92,23.64,19.02
Rice,Clay,Zaid,Sprinkler,5.6,7.8,140,70,48,4.07,44431,21203,88,46,8.62,28.57,26.68
Sugarcane,Clay,Zaid,Canal,6.2,7.0,270,125,140,57.31,96362,3453,62,57,8.81,21.32,29.51
Sugarcane,Black,Rabi,Sprinkler,5.7,7.2,297,92,97,41.69,78119,2841,83,46,5.33,22.94,24.0
Soybean,Red,Rabi,Rainfed,6.4,7.2,75,100,57,2.65,32043,48152,84,40,8.61,22.04,16.89
Rice,Clay,Zaid,Drip,5.7,7.0,117,50,43,5.39,49233,19824,75,39,5.63,20.43,22.76
Capsicum,Red,Zaid,Canal,6.3,6.9,206,104,105,24.7,114196,27726,64,38,8.61,23.84,19.99
Maize,Clay,Zaid,Rainfed,6.2,7.4,138,50,42,4.67,29733,18594,60,60,5.65,28.28,28.11
Rice,Sandy,Zaid,Rainfed,6.4,7.0,132,62,45,3.31,52489,21839,71,58,6.78,21.57,15.24
Tomato,Red,Zaid,Canal,5.6,7.6,212,80,87,37.31,87527,14295,67,25,7.11,30.25,20.91
Capsicum,Red,Rabi,Drip,6.3,7.7,228,100,83,15.15,85413,44541,65,54,7.83,20.65,17.81
Sugarcane,Sandy,Kharif,Canal,6.4,7.1,250,86,122,26.36,78943,3237,89,30,5.8,22.49,22.6
Potato,Black,Kharif,Drip,6.4,6.7,211,80,85,25.33,75443,19150,84,20,7.58,22.09,25.81
Tomato,Loamy,Zaid,Sprinkler,6.3,6.8,226,119,83,24.6,53741,12076,87,48,6.18,33.74,18.37
Sugarcane,Clay,Zaid,Sprinkler,6.3,7.0,280,98,127,55.13,90284,3308,91,25,7.9,20.81,24.45
Cotton,Loamy,Rabi,Sprinkler,6.4,7.1,155,77,80,2.14,48014,55333,81,56,8.35,27.79,29.78
Capsicum,Sandy,Zaid,Drip,5.6,6.9,216,100,121,28.8,83828,26096,74,42,7.47,30.09,21.1
Wheat,Clay,Rabi,Rainfed,6.5,6.8,93,68,65,4.21,37491,25053,78,43,5.6,34.57,22.62
Groundnut,Black,Kharif,Sprinkler,5.8,7.1,62,98,95,1.68,46775,53757,71,58,5.08,32.36,16.19
Potato,Clay,Rabi,Sprinkler,5.8,6.8,250,127,86,25.4,49881,17302,67,33,5.61,26.08,20.93
Potato,Sandy,Rabi,Rainfed,5.6,7.1,217,126,135,17.88,49059,12162,76,35,7.55,22.9,16.54
Potato,Clay,Kharif,Canal,5.6,7.1,220,118,135,20.11,54304,14959,84,58,7.4,31.93,29.86
Rice,Clay,Zaid,Drip,6.1,7.2,104,75,41,3.0,52083,21475,68,56,7.16,32.59,24.2
Rice,Black,Rabi,Rainfed,5.8,6.9,138,59,42,3.32,38018,17434,93,35,8.15,25.38,27.12
Potato,Loamy,Kharif,Canal,5.6,7.2,202,129,80,26.77,47142,14930,75,43,5.8,30.1,18.79
Wheat,Red,Zaid,Canal,6.2,6.9,107,52,61,2.47,35660,19259,79,53,8.59,20.87,16.61
Wheat,Red,Rabi,Rainfed,6.2,7.2,108,47,45,2.5,30749,20628,83,60,8.87,32.88,29.41
Groundnut,Clay,Zaid,Canal,5.8,7.5,57,75,66,2.42,37352,44508,69,23,8.83,34.8,19.0
Tomato,Clay,Rabi,Rainfed,6.0,6.7,216,76,111,24.63,61849,16242,85,22,8.92,33.47,26.67
Capsicum,Black,Kharif,Drip,5.9,6.7,228,133,140,25.55,91476,36197,61,58,6.02,29.74,21.05
Potato,Clay,Zaid,Sprinkler,5.6,7.4,211,137,127,18.18,60511,19294,61,27,6.31,31.93,19.6
Soybean,Clay,Rabi,Sprinkler,5.8,7.5,69,79,73,1.81,29878,48322,94,47,7.95,32.29,25.52
Wheat,Clay,Zaid,Rainfed,5.6,7.5,125,48,56,4.35,38213,22386,70,52,5.33,20.22,22.18
Rice,Sandy,Zaid,Canal,6.4,7.7,143,58,57,3.98,45759,23649,74,25,7.0,28.38,20.32
Potato,Loamy,Rabi,Rainfed,6.2,7.8,204,118,95,22.44,57853,13458,94,50,8.38,30.11,23.61
Cotton,Red,Zaid,Drip,6.1,7.7,181,67,64,3.1,62683,52015,90,57,6.66,33.25,25.38
Potato,Red,Zaid,Sprinkler,6.2,6.5,209,138,88,18.23,58610,15028,69,39,5.12,30.27,18.92
Groundnut,Red,Kharif,Rainfed,6.4,7.7,58,91,94,1.94,36815,47535,87,29,7.52,28.15,17.72
Sugarcane,Red,Rabi,Canal,5.8,6.9,210,101,95,27.57,98931,3038,64,53,7.97,20.94,24.35
Sugarcane,Sandy,Rabi,Drip,6.5,7.3,218,82,104,41.68,82261,4124,64,59,6.47,30.33,26.99
Soybean,Sandy,Rabi,Drip,5.8,7.3,78,75,72,1.67,41282,53480,67,59,7.99,25.12,23.36
Capsicum,Red,Kharif,Canal,5.7,6.8,194,124,90,29.89,73008,23260,84,32,5.88,23.5,19.29
Sugarcane,Clay,Kharif,Drip,6.4,7.2,289,85,110,35.71,96343,4035,66,59,6.12,22.68,17.76
Wheat,Clay,Kharif,Sprinkler,5.6,7.6,136,58,46,4.83,33226,20219,73,24,5.01,26.75,15.34
Wheat,Clay,Kharif,Canal,5.9,7.6,120,67,47,3.54,34173,21029,62,39,7.25,22.11,23.15
Sugarcane,Black,Zaid,Canal,5.9,7.7,287,88,92,54.17,78393,4131,85,25,5.73,34.51,23.52
Sugarcane,Clay,Zaid,Drip,5.9,7.3,211,100,81,27.41,75309,3710,90,41,5.84,23.17,26.4
Sugarcane,Black,Rabi,Rainfed,5.9,7.3,290,98,81,48.39,73205,4075,78,44,8.05,26.22,24.95
Groundnut,Clay,Kharif,Rainfed,5.5,7.3,77,69,81,2.87,34872,55777,67,32,5.18,24.63,25.25
Wheat,Loamy,Rabi,Sprinkler,5.9,7.4,90,54,54,2.74,40399,18327,65,56,5.05,30.72,16.34
Capsicum,Sandy,Rabi,Canal,6.3,7.6,169,136,101,17.91,99180,38715,90,31,6.12,21.48,17.89
Tomato,Clay,Kharif,Drip,6.2,7.7,173,112,94,37.69,78436,13030,66,31,6.73,30.55,28.38
Tomato,Sandy,Rabi,Sprinkler,5.9,6.8,198,84,107,25.83,71669,14838,70,37,8.73,33.61,21.95
Sugarcane,Loamy,Kharif,Drip,5.9,7.2,266,95,81,52.77,69200,2885,89,32,8.12,32.93,22.61
Groundnut,Sandy,Kharif,Canal,6.2,7.0,66,72,90,1.98,31917,58384,77,36,5.05,30.77,22.57
Rice,Black,Kharif,Drip,6.4,7.8,150,43,60,3.0,36974,19067,94,53,8.16,21.29,18.65
Cotton,Clay,Kharif,Rainfed,6.2,6.9,181,63,97,2.75,54607,79319,75,20,8.65,23.11,23.79
Cotton,Loamy,Kharif,Drip,6.5,7.7,189,86,88,3.74,48784,69111,89,42,7.09,21.49,21.21
Tomato,Loamy,Rabi,Rainfed,6.0,7.6,186,72,78,18.84,59627,8978,73,52,8.96,29.13,23.24
Wheat,Clay,Kharif,Sprinkler,5.8,6.9,127,59,45,3.36,35892,19193,90,49,7.54,30.33,28.73
Tomato,Black,Zaid,Canal,6.2,7.6,235,89,97,23.91,51976,14327,64,25,7.6,34.26,23.9
Wheat,Red,Zaid,Canal,6.0,7.0,104,65,53,2.01,48927,25514,65,46,8.42,31.9,27.46
Cotton,Black,Zaid,Canal,5.6,7.5,174,97,64,3.42,45040,54035,90,49,6.29,28.82,19.56
Groundnut,Sandy,Zaid,Drip,6.5,7.5,57,80,86,1.72,34301,56960,95,52,6.22,29.71,25.56
Cotton,Red,Kharif,Drip,5.5,7.2,144,99,70,1.59,58825,70365,81,59,8.79,27.52,21.34
Potato,Black,Kharif,Sprinkler,5.6,7.4,181,92,137,29.34,63090,14125,71,22,6.67,30.47,28.58
Capsicum,Loamy,Rabi,Sprinkler,6.4,7.5,175,135,80,11.09,92348,35751,79,27,5.09,25.65,20.5
Capsicum,Loamy,Rabi,Canal,6.3,6.6,204,81,123,29.01,70390,37625,73,43,8.84,30.44,15.31
Sugarcane,Red,Rabi,Canal,5.7,7.7,257,116,98,44.54,82907,3838,65,37,5.75,26.19,17.6
Tomato,Black,Zaid,Canal,5.6,6.6,188,107,86,27.33,78607,13837,65,31,6.72,24.99,17.68
Cotton,Clay,Zaid,Drip,6.0,7.2,200,84,76,3.94,49897,67859,79,20,7.89,30.0,29.06
Potato,Sandy,Rabi,Sprinkler,6.3,7.7,257,114,117,16.43,68683,15111,82,42,7.89,21.96,15.12
Potato,Black,Zaid,Sprinkler,6.0,6.7,210,80,100,14.5,63674,14081,95,27,6.33,32.63,17.7
Tomato,Clay,Zaid,Drip,5.8,6.6,220,111,96,34.48,63967,16219,79,23,5.81,25.32,29.44
Rice,Sandy,Rabi,Canal,6.1,7.6,134,62,47,2.99,39771,17525,69,51,5.11,21.28,17.57
Groundnut,Black,Rabi,Rainfed,6.0,7.6,42,74,93,1.23,37706,42652,70,48,7.46,20.23,18.71
Cotton,Black,Kharif,Canal,6.1,7.5,188,74,86,3.55,69896,72134,72,57,6.41,23.3,19.28
Sugarcane,Clay,Rabi,Rainfed,6.5,7.0,248,117,91,32.52,83383,3561,60,55,6.19,24.07,17.0
Capsicum,Clay,Rabi,Drip,6.2,6.9,199,94,111,20.58,112971,38020,76,56,5.31,28.53,24.76
Groundnut,Black,Kharif,Rainfed,6.2,7.8,42,62,88,2.01,33671,40304,84,33,6.99,25.79,27.54
Rice,Clay,Kharif,Sprinkler,5.8,7.6,147,65,63,2.7,37521,22076,73,52,6.4,23.52,29.98
Potato,Sandy,Rabi,Drip,6.1,7.7,218,82,129,21.48,53556,12766,87,29,6.08,28.26,16.15
Wheat,Black,Zaid,Canal,6.1,6.5,101,46,61,4.48,41204,23676,84,30,8.06,32.06,15.57
Soybean,Red,Kharif,Sprinkler,6.2,7.8,81,98,58,2.73,37332,52390,87,58,6.36,20.2,27.72
Capsicum,Black,Rabi,Drip,5.6,7.1,201,82,133,21.7,78117,42182,72,47,8.08,24.57,24.12
Cotton,Red,Zaid,Sprinkler,6.4,7.0,141,98,75,3.18,49746,75213,72,36,8.3,24.14,23.9
Wheat,Clay,Rabi,Rainfed,6.3,7.4,125,62,54,2.22,36592,21165,63,59,8.44,33.12,15.18
Tomato,Sandy,Rabi,Sprinkler,5.8,6.6,173,79,89,31.81,55820,17146,82,20,8.9,20.84,27.71
Rice,Black,Rabi,Rainfed,5.9,7.2,141,46,78,4.14,41119,21901,65,45,5.55,21.47,27.38
Maize,Black,Zaid,Drip,5.8,7.7,151,69,45,3.75,29323,16221,87,45,7.72,30.04,20.1
Sugarcane,Red,Rabi,Canal,6.4,7.5,220,118,127,41.09,88513,4061,71,30,7.93,24.72,24.75
Sugarcane,Black,Rabi,Rainfed,6.0,7.5,253,94,125,25.32,73556,4106,88,30,8.5,27.69,21.86
Rice,Black,Rabi,Sprinkler,6.2,7.1,122,77,51,3.34,48198,16987,75,38,5.54,26.7,26.59
Maize,Clay,Rabi,Canal,6.3,7.4,175,72,62,5.02,36493,17271,90,56,8.71,27.03,19.78
Soybean,Loamy,Rabi,Sprinkler,6.3,6.7,67,61,48,1.52,43459,48471,84,51,6.19,31.66,24.64
Maize,Clay,Kharif,Sprinkler,6.3,7.0,137,73,52,5.37,41320,14023,73,20,6.3,22.04,27.65
Potato,Loamy,Zaid,Drip,5.6,7.5,226,85,87,19.44,55184,13473,65,22,7.32,25.03,17.21
Potato,Clay,Zaid,Drip,6.3,6.7,231,104,117,25.24,62898,16317,95,23,7.23,26.57,28.59
Wheat,Sandy,Rabi,Drip,6.4,7.7,130,59,40,2.14,46110,19313,65,33,7.59,29.85,25.67
Soybean,Clay,Kharif,Sprinkler,6.4,7.3,59,84,72,1.55,38360,35103,65,36,5.02,33.75,27.22
Capsicum,Loamy,Zaid,Rainfed,6.0,7.7,194,120,105,27.94,87660,23725,61,28,8.66,21.07,24.58
Rice,Clay,Zaid,Rainfed,6.1,6.7,142,76,53,4.87,37033,19957,62,29,8.14,22.05,29.36
Wheat,Black,Rabi,Rainfed,6.0,6.6,97,58,56,4.24,45388,18466,75,55,5.0,27.97,26.7
Sugarcane,Sandy,Zaid,Canal,6.3,6.5,299,105,93,52.97,72273,3361,92,26,5.84,35.0,29.77
Tomato,Loamy,Kharif,Rainfed,6.1,6.7,168,87,74,18.21,81561,16743,63,47,6.57,25.54,19.76
Rice,Sandy,Kharif,Sprinkler,6.1,7.6,133,57,75,6.0,59757,17103,87,36,6.38,28.9,25.04
Soybean,Loamy,Kharif,Rainfed,6.3,7.1,59,74,45,2.63,43236,40935,76,45,7.55,24.78,28.87
Sugarcane,Clay,Kharif,Sprinkler,6.1,6.6,259,119,129,56.8,69752,3523,89,21,7.14,34.58,16.99
Tomato,Black,Kharif,Sprinkler,6.4,7.6,221,95,70,35.15,77717,14022,87,39,8.78,34.31,29.06
Maize,Sandy,Kharif,Rainfed,6.3,7.8,166,74,55,5.31,30120,20123,82,31,7.68,33.26,22.34
Wheat,Black,Zaid,Canal,6.4,7.8,95,63,55,4.46,44907,21837,62,33,8.53,31.29,18.73
Groundnut,Sandy,Rabi,Canal,6.3,6.8,59,85,100,1.36,44257,48718,70,23,7.06,22.14,29.65
Maize,Loamy,Zaid,Rainfed,5.8,7.0,148,57,40,3.05,43736,20030,87,53,5.47,28.94,17.69
Tomato,Clay,Zaid,Drip,5.6,7.7,190,110,83,35.75,68466,13998,63,56,8.55,25.59,16.11
Tomato,Loamy,Zaid,Canal,6.1,6.6,230,102,115,33.76,86819,8218,76,56,5.75,25.72,16.44
Wheat,Red,Rabi,Canal,5.8,7.7,91,70,52,4.5,38219,21869,81,47,6.72,24.59,25.86
Sugarcane,Clay,Zaid,Canal,5.9,7.4,289,109,139,32.73,77030,3956,84,28,8.34,25.37,27.38
Tomato,Clay,Zaid,Drip,6.4,6.6,211,94,106,21.36,80585,16353,67,55,8.05,31.22,20.05
Soybean,Black,Kharif,Rainfed,6.0,6.9,89,87,45,2.63,36859,51148,88,21,7.75,29.11,23.17
Sugarcane,Sandy,Zaid,Drip,6.1,7.2,283,93,102,28.94,89665,3180,68,58,7.44,29.58,27.26
Maize,Sandy,Zaid,Rainfed,6.4,7.4,153,68,53,5.73,34266,18527,80,20,6.15,28.61,25.22
Groundnut,Sandy,Rabi,Rainfed,5.8,7.3,71,82,96,2.45,41277,41614,73,34,5.89,22.98,28.63
Soybean,Loamy,Kharif,Canal,6.0,7.2,74,97,43,2.95,42046,37290,94,32,8.94,30.31,26.8
Tomato,Black,Rabi,Rainfed,5.8,7.7,215,99,79,21.89,81216,15740,94,25,8.48,32.01,15.24
Maize,Sandy,Rabi,Sprinkler,6.3,7.1,143,67,54,5.46,38415,19154,93,47,7.1,32.06,15.27
Maize,Sandy,Zaid,Drip,5.6,6.5,141,59,72,4.03,38676,17223,73,40,8.43,25.77,22.21
Sugarcane,Sandy,Zaid,Sprinkler,6.3,6.8,283,128,93,39.18,72645,4136,65,40,7.79,21.76,20.88
Capsicum,Red,Zaid,Sprinkler,5.7,7.0,195,99,117,14.68,77504,20477,83,46,5.23,26.3,27.34
Soybean,Red,Zaid,Canal,6.5,6.7,90,60,75,2.68,28855,41689,65,46,7.98,22.52,16.38
Wheat,Loamy,Rabi,Drip,6.1,6.7,132,59,67,3.53,37587,22791,67,32,8.18,22.89,19.0
Soybean,Loamy,Kharif,Sprinkler,6.2,7.1,66,64,72,2.44,25831,37854,89,43,7.76,27.48,28.94
Potato,Sandy,Rabi,Drip,5.6,6.6,213,119,101,21.16,70165,18683,83,46,6.26,34.88,21.1
Cotton,Red,Rabi,Canal,6.3,7.4,180,66,93,2.91,58546,72412,73,41,5.92,23.64,19.45
Cotton,Loamy,Kharif,Drip,6.4,6.9,192,73,99,2.2,46324,66134,68,41,8.92,33.99,19.66
Capsicum,Clay,Rabi,Canal,6.4,6.8,213,103,114,29.26,64219,24452,73,24,5.97,30.35,27.76
Cotton,Clay,Rabi,Rainfed,5.7,7.4,150,62,90,2.08,69010,60077,60,56,8.9,26.51,20.34
Cotton,Loamy,Zaid,Drip,6.5,7.1,159,100,75,2.14,55742,78996,83,35,6.66,33.36,21.76
Maize,Sandy,Zaid,Rainfed,6.4,7.2,171,73,77,6.27,37150,19956,91,30,7.03,24.4,24.01
Tomato,Sandy,Zaid,Sprinkler,6.2,6.6,201,70,90,35.93,72145,13864,67,20,8.57,20.43,19.41
Capsicum,Red,Zaid,Rainfed,6.3,7.0,169,94,112,10.92,73928,21485,74,42,6.47,24.81,17.66
Groundnut,Clay,Rabi,Sprinkler,6.1,6.6,50,67,95,1.85,47649,61078,68,25,7.31,25.63,23.46
Groundnut,Loamy,Zaid,Drip,5.6,7.6,44,71,77,2.19,34245,53698,77,57,5.06,27.25,27.54
Capsicum,Red,Rabi,Canal,6.2,6.8,220,106,133,19.58,77169,24149,92,23,5.42,32.19,28.15
Potato,Clay,Rabi,Drip,6.3,6.5,258,134,136,19.26,65150,17795,85,39,7.43,23.99,20.03
Soybean,Clay,Rabi,Rainfed,6.4,7.4,55,64,75,2.28,30929,53362,63,49,7.25,31.96,27.49
Soybean,Red,Rabi,Canal,6.0,7.0,86,80,53,2.38,25614,49042,75,51,8.86,26.24,17.82
Sugarcane,Red,Kharif,Rainfed,5.6,7.3,298,116,116,45.19,74995,3848,73,36,6.27,21.3,26.58
Groundnut,Black,Rabi,Sprinkler,6.3,6.5,49,80,98,2.7,43220,42615,91,38,8.97,25.52,18.7
Wheat,Clay,Kharif,Rainfed,6.3,6.8,120,53,40,4.74,49617,18749,77,24,8.51,26.99,16.09
Groundnut,Black,Zaid,Rainfed,5.6,7.7,75,87,98,1.74,44580,43212,74,31,6.54,24.64,21.0
Potato,Clay,Kharif,Rainfed,6.5,7.7,214,103,109,14.72,62525,12378,68,59,7.54,28.35,21.77
Soybean,Sandy,Kharif,Canal,6.0,7.0,54,76,62,2.33,38370,39759,70,53,7.62,34.77,15.51
Wheat,Black,Rabi,Drip,5.6,7.2,113,52,54,4.37,37179,20000,82,27,7.6,32.26,24.12
Maize,Red,Zaid,Drip,6.3,7.5,141,74,51,4.24,36375,14334,64,21,8.82,30.01,22.76
Potato,Red,Kharif,Sprinkler,5.8,6.9,241,97,134,23.29,46844,18007,60,59,6.63,24.3,29.17
Cotton,Black,Zaid,Canal,6.0,7.1,187,99,82,1.99,58234,73583,73,46,5.52,25.07,24.4
Groundnut,Red,Rabi,Drip,6.2,7.7,79,78,95,2.13,49941,43694,92,44,5.3,23.47,24.05
Maize,Black,Zaid,Canal,5.7,6.7,129,71,74,6.55,43179,18522,60,45,5.82,30.69,20.78
Maize,Sandy,Rabi,Sprinkler,6.4,7.0,137,67,46,6.77,36573,20253,72,56,6.44,26.17,28.02
Maize,Clay,Kharif,Rainfed,5.6,7.7,177,77,70,3.21,43628,19806,60,30,7.15,20.43,25.26
Potato,Sandy,Zaid,Rainfed,6.3,6.6,210,124,120,20.26,65369,19512,93,20,8.51,32.49,15.79
Tomato,Clay,Zaid,Rainfed,5.5,7.5,175,90,88,34.86,88782,13471,90,60,6.08,26.25,19.63
Capsicum,Clay,Zaid,Rainfed,5.6,7.1,212,100,140,17.91,65183,21409,81,25,8.82,25.1,19.58
Tomato,Clay,Rabi,Drip,5.7,7.0,200,84,90,18.86,54637,12127,65,24,6.24,32.0,20.91
Soybean,Sandy,Kharif,Sprinkler,6.1,7.4,75,67,51,2.75,44071,37804,67,24,8.24,20.79,29.28
Cotton,Clay,Rabi,Canal,5.6,6.6,191,75,83,2.85,63900,61192,90,57,5.21,28.71,16.54
Wheat,Loamy,Kharif,Drip,6.2,6.8,94,70,51,4.6,31133,25428,94,53,6.08,21.18,29.62
Soybean,Loamy,Rabi,Canal,5.5,7.7,74,77,65,2.29,25235,47037,76,28,6.68,34.11,18.19
Capsicum,Sandy,Rabi,Canal,5.7,7.8,189,140,85,10.48,92188,38396,63,35,5.42,30.13,28.54
Sugarcane,Clay,Zaid,Canal,6.0,7.0,269,82,132,53.12,85225,4166,72,53,8.57,20.36,26.91
Potato,Clay,Zaid,Sprinkler,6.1,6.6,222,132,86,23.71,63366,13281,68,55,6.74,33.1,23.63
Cotton,Red,Zaid,Canal,6.4,7.0,140,76,63,1.7,51191,67492,93,21,7.68,28.79,15.02
Capsicum,Black,Rabi,Sprinkler,5.9,6.7,187,99,130,10.53,115117,40028,82,40,7.88,27.75,16.32
Cotton,Clay,Zaid,Sprinkler,6.0,7.3,144,65,93,2.45,60226,61547,61,32,6.65,21.53,25.65
Sugarcane,Sandy,Zaid,Drip,6.4,6.8,219,97,112,46.17,82941,2911,81,57,7.96,27.16,17.92
Sugarcane,Red,Kharif,Canal,5.8,7.2,224,121,95,54.57,74237,3551,73,34,5.44,33.63,23.15
Maize,Red,Rabi,Canal,6.5,7.5,127,76,43,3.77,35444,16614,93,44,7.24,25.84,27.55
Wheat,Black,Zaid,Rainfed,5.5,7.4,92,68,50,4.51,42468,22785,81,29,8.03,33.73,18.86
Cotton,Loamy,Kharif,Sprinkler,5.7,7.6,164,80,74,2.67,65066,70862,65,50,6.84,25.6,16.74
Wheat,Black,Rabi,Canal,6.4,7.5,91,62,45,3.6,39341,23897,69,47,8.24,22.06,21.16
Tomato,Sandy,Kharif,Drip,6.4,7.3,171,86,93,26.49,77013,14907,71,56,7.81,20.01,27.12
Potato,Clay,Kharif,Rainfed,6.1,7.7,223,103,89,26.39,78433,18081,61,40,6.39,23.31,17.29
Capsicum,Black,Rabi,Canal,6.1,7.6,162,100,121,14.45,92357,26986,61,50,8.64,26.33,22.87
Wheat,Loamy,Zaid,Rainfed,6.0,7.6,100,65,64,3.82,32331,25624,70,49,6.01,32.42,20.88
Sugarcane,Red,Zaid,Sprinkler,5.8,6.8,200,120,100,55.05,75831,2819,92,49,7.58,23.49,17.43
Cotton,Loamy,Kharif,Canal,6.5,7.0,169,70,67,2.5,49888,68833,88,41,6.95,29.16,20.04
Soybean,Loamy,Rabi,Rainfed,5.7,6.6,74,84,56,2.88,30603,41417,92,26,6.17,23.66,15.68
Tomato,Loamy,Kharif,Sprinkler,6.4,6.9,229,87,74,37.9,60626,9801,61,29,6.51,25.04,21.04
Cotton,Red,Kharif,Drip,5.8,6.7,175,85,83,3.35,49333,78169,82,60,6.72,33.66,27.74
Wheat,Loamy,Rabi,Drip,5.9,7.0,97,65,46,3.3,44366,21388,66,48,6.59,34.75,23.66
Wheat,Clay,Rabi,Sprinkler,5.5,7.8,127,63,55,4.19,30509,24204,60,50,6.99,32.88,21.56
Tomato,Red,Kharif,Rainfed,5.9,7.2,199,93,101,37.66,87141,9067,68,22,8.01,21.71,23.73
Soybean,Sandy,Kharif,Canal,5.6,7.7,82,85,44,1.58,44020,42064,72,51,8.98,30.38,28.26
Rice,Loamy,Kharif,Sprinkler,5.9,7.7,110,50,46,3.94,48656,18145,66,34,8.31,23.94,29.18
Tomato,Sandy,Zaid,Drip,6.4,7.1,237,89,115,22.01,61949,14944,83,44,8.44,26.5,18.58
Tomato,Red,Rabi,Drip,6.3,6.8,163,101,87,27.39,59879,13047,73,52,7.21,29.43,25.94
Rice,Sandy,Kharif,Drip,5.8,7.7,140,64,79,2.9,51334,20475,94,36,6.87,22.14,20.24
Soybean,Sandy,Kharif,Rainfed,6.5,7.7,80,81,68,2.1,39523,42840,75,45,6.83,27.05,15.25
Soybean,Red,Zaid,Rainfed,6.2,7.5,80,89,57,1.63,37743,40078,73,47,5.7,21.85,26.5
Potato,Red,Rabi,Rainfed,6.3,7.2,216,113,112,27.37,65032,18168,87,44,5.78,22.82,20.07
Cotton,Sandy,Kharif,Drip,5.9,7.3,166,91,74,1.91,60922,78039,92,34,6.98,27.17,29.97
Cotton,Black,Zaid,Canal,6.4,7.5,171,100,69,2.23,48652,59283,89,52,6.15,29.36,20.41
Potato,Red,Zaid,Canal,6.2,6.7,243,134,135,15.68,57533,12255,83,23,8.29,21.47,17.25
Groundnut,Red,Zaid,Canal,6.0,7.1,47,90,97,2.68,30202,55841,75,60,6.78,21.75,20.87
Capsicum,Black,Kharif,Rainfed,6.5,7.1,172,124,122,12.15,98654,33250,88,40,6.19,21.74,19.73
Maize,Red,Zaid,Drip,5.7,7.0,178,69,78,3.69,33327,21783,63,52,8.98,22.54,26.77
Groundnut,Loamy,Kharif,Drip,5.8,6.7,74,69,91,1.43,39577,51639,65,27,6.49,31.65,24.79
Cotton,Loamy,Zaid,Canal,5.7,7.6,193,76,75,3.71,61120,60522,90,32,6.61,34.55,28.54
Rice,Red,Zaid,Drip,5.5,6.7,128,52,55,2.72,54758,23014,74,29,6.83,21.07,25.78
Maize,Black,Rabi,Canal,6.0,7.5,128,77,58,5.94,30558,21735,76,37,7.18,25.93,20.25
Soybean,Loamy,Zaid,Rainfed,5.8,6.8,73,79,59,2.75,33890,44249,74,27,8.23,21.67,15.62
Cotton,Loamy,Rabi,Drip,6.0,6.6,160,62,79,1.75,67710,62753,69,33,6.57,21.93,23.91
Wheat,Loamy,Rabi,Drip,5.8,7.7,94,47,67,3.78,38681,24881,87,37,7.94,28.93,17.66
Groundnut,Loamy,Rabi,Rainfed,6.0,7.7,43,63,98,2.29,47290,43152,93,45,7.0,21.47,24.59
Rice,Sandy,Zaid,Canal,5.5,6.8,104,55,48,5.64,35612,21847,86,57,8.1,27.25,17.03
Soybean,Sandy,Kharif,Rainfed,5.5,6.5,57,79,75,1.74,26805,39570,77,49,5.63,33.0,29.51
Groundnut,Sandy,Rabi,Drip,6.3,7.5,73,90,98,1.22,47052,48436,82,24,6.93,27.97,15.54
Cotton,Sandy,Rabi,Canal,6.0,7.8,142,82,76,2.72,49509,55150,93,54,7.36,31.34,21.89
Soybean,Loamy,Zaid,Sprinkler,6.0,7.2,57,100,54,2.7,36052,43088,76,32,7.81,24.33,20.4
Capsicum,Black,Rabi,Canal,6.4,7.5,199,102,89,24.03,105808,45966,92,55,6.96,26.96,17.37
Potato,Black,Kharif,Drip,5.6,7.2,182,128,105,27.48,73674,12416,67,49,8.48,21.04,29.18
Soybean,Black,Zaid,Sprinkler,6.5,7.4,79,78,50,2.87,32457,39030,69,40,6.56,27.72,22.7
Sugarcane,Clay,Rabi,Canal,6.0,6.7,252,92,88,46.26,97221,3991,69,42,7.09,32.89,17.94
Groundnut,Loamy,Rabi,Sprinkler,6.2,7.7,48,66,69,1.84,43502,50204,74,38,5.14,25.3,22.11
Cotton,Sandy,Rabi,Rainfed,6.4,7.6,167,80,62,3.03,55824,61891,67,56,6.77,29.65,17.19
Tomato,Loamy,Zaid,Rainfed,6.4,7.0,162,78,118,29.23,74559,15990,95,42,8.59,24.18,24.2
Wheat,Sandy,Rabi,Rainfed,5.9,6.9,116,48,52,3.32,36588,25590,76,53,5.01,27.4,20.27
Capsicum,Clay,Rabi,Canal,6.1,6.9,195,126,133,20.98,115320,48987,90,38,5.56,34.35,28.32
Groundnut,Sandy,Rabi,Rainfed,6.0,7.5,69,60,63,2.02,41779,56078,76,31,6.07,27.21,29.11
Capsicum,Loamy,Rabi,Rainfed,6.0,7.7,176,88,112,29.34,67977,24469,63,39,6.21,29.52,27.45
Wheat,Clay,Zaid,Sprinkler,5.5,7.3,96,57,63,2.75,35581,24324,90,60,7.77,20.34,15.37
Wheat,Red,Zaid,Canal,6.4,7.4,110,42,44,4.72,33728,23428,69,46,6.98,24.9,25.21
Soybean,Loamy,Kharif,Drip,5.6,6.9,52,62,43,1.69,44844,48796,69,59,7.47,34.72,17.3
Potato,Red,Kharif,Sprinkler,5.5,7.6,188,126,123,19.22,65759,16402,64,29,5.8,31.31,17.21
Groundnut,Clay,Zaid,Sprinkler,6.1,7.1,53,72,94,2.59,44134,50457,63,31,8.59,28.39,27.13
Soybean,Black,Kharif,Drip,5.7,6.5,60,62,73,2.35,32971,53915,69,36,6.73,27.7,20.39
Maize,Red,Kharif,Sprinkler,6.3,7.7,123,63,65,5.81,47548,20736,69,25,6.56,31.17,17.43
Capsicum,Sandy,Rabi,Canal,5.9,7.2,181,84,84,18.13,97653,24289,70,45,6.89,28.41,15.72
Capsicum,Loamy,Rabi,Sprinkler,6.3,7.2,238,125,135,28.44,89157,48633,71,24,8.37,28.21,17.73
Capsicum,Loamy,Zaid,Drip,5.7,7.1,171,107,132,18.18,78814,38908,60,48,5.13,23.27,23.83
Capsicum,Loamy,Zaid,Rainfed,5.9,7.4,174,104,137,13.1,89159,32258,68,22,8.16,32.64,27.74
Wheat,Sandy,Zaid,Drip,5.9,6.6,93,66,64,3.65,41311,23410,87,52,7.0,29.69,18.69
Wheat,Black,Rabi,Drip,6.1,6.6,108,65,48,2.1,32137,25539,88,23,8.59,29.72,21.92
Cotton,Red,Kharif,Sprinkler,5.7,7.4,177,71,77,2.16,62536,72113,84,37,5.42,23.2,19.41
Soybean,Black,Rabi,Drip,6.2,7.3,84,94,53,1.75,34814,40977,68,46,5.09,24.89,27.11
Maize,Sandy,Rabi,Sprinkler,5.8,7.6,137,58,51,6.57,32237,20292,76,32,7.55,24.52,28.39
Tomato,Black,Rabi,Rainfed,6.2,6.8,206,70,105,34.18,75819,17304,74,25,6.9,22.9,16.97
Capsicum,Clay,Rabi,Canal,6.4,7.8,155,122,83,12.84,63050,42472,85,50,5.14,34.13,22.37
Potato,Loamy,Kharif,Drip,5.6,7.0,238,125,85,26.09,76930,19493,91,35,8.45,31.98,24.3
Tomato,Black,Zaid,Canal,5.6,6.8,207,120,74,21.92,71728,12267,87,41,8.17,25.25,26.31
Capsicum,Clay,Rabi,Drip,6.4,7.7,181,118,118,17.25,102281,29414,93,44,5.8,32.04,21.11
Potato,Black,Rabi,Canal,6.5,7.2,226,131,90,29.27,79703,19874,71,24,6.74,29.3,26.79
Wheat,Red,Rabi,Canal,6.0,7.1,102,68,46,2.27,46663,24898,84,20,6.45,21.64,20.58
Wheat,Clay,Kharif,Rainfed,6.5,7.4,96,70,49,4.61,33908,25232,65,41,6.23,25.77,22.51
Capsicum,Clay,Kharif,Drip,6.5,7.2,234,90,140,13.88,69432,31515,62,52,5.13,32.76,18.11
Potato,Red,Kharif,Canal,5.6,6.8,202,123,131,19.79,61166,16480,73,34,5.98,30.89,18.36
Wheat,Red,Rabi,Sprinkler,5.5,7.6,105,52,51,3.52,36050,19273,71,20,8.03,33.27,24.9
Cotton,Sandy,Rabi,Rainfed,5.8,7.2,194,85,73,2.24,56058,65868,82,33,8.95,28.29,25.61
Rice,Sandy,Zaid,Canal,6.4,6.8,130,77,50,4.57,43539,21928,83,26,7.76,20.71,15.7
Maize,Clay,Kharif,Rainfed,5.8,7.7,129,90,47,6.42,32939,21202,65,33,7.37,21.95,21.95
Groundnut,Black,Kharif,Rainfed,6.0,7.4,41,79,66,1.92,43777,57193,60,48,5.94,25.82,18.17
Maize,Red,Rabi,Rainfed,5.8,7.4,169,62,74,6.97,33592,17748,93,31,7.8,34.22,17.9
Potato,Clay,Kharif,Drip,6.4,7.8,230,84,83,20.78,66540,17805,88,57,8.42,20.35,26.28
Groundnut,Clay,Rabi,Drip,5.9,6.8,51,82,80,1.53,31632,46629,86,42,8.39,31.06,21.35
Cotton,Sandy,Zaid,Canal,6.0,7.6,160,71,84,2.2,67728,56890,88,49,5.55,21.44,25.25
Potato,Black,Zaid,Rainfed,5.5,6.9,217,127,130,27.4,66926,15146,91,23,6.32,28.5,16.04
Soybean,Clay,Kharif,Sprinkler,6.0,6.8,51,94,77,2.51,40436,36820,80,49,8.86,34.44,29.01
Potato,Sandy,Zaid,Drip,6.4,7.0,247,114,121,29.76,60074,18475,76,60,7.28,21.73,27.98
Rice,Red,Rabi,Canal,6.3,6.8,105,69,69,5.72,57757,16106,63,51,8.18,32.42,20.28
Soybean,Loamy,Rabi,Canal,6.1,7.4,59,64,53,2.79,36577,48712,75,51,8.94,26.11,19.15
Wheat,Black,Kharif,Sprinkler,5.6,6.7,124,50,48,3.74,44022,20143,93,27,6.09,23.57,25.05
Potato,Red,Kharif,Canal,5.7,7.2,243,100,126,22.02,62383,19809,85,26,6.81,29.45,17.17
Capsicum,Sandy,Kharif,Rainfed,5.6,6.7,207,93,89,18.84,108083,26211,93,34,5.39,20.6,17.87
Rice,Red,Rabi,Sprinkler,6.0,7.5,112,63,76,4.24,50170,19626,87,50,6.13,31.81,15.04
Groundnut,Black,Kharif,Rainfed,6.0,7.2,50,92,65,1.33,39886,52300,94,25,8.52,27.29,28.37
Cotton,Black,Kharif,Drip,6.2,7.5,163,74,85,3.33,53911,69341,78,50,6.49,22.58,29.3
Tomato,Clay,Rabi,Drip,5.7,6.6,187,115,110,23.66,52547,12984,82,20,7.75,34.45,16.53
Rice,Red,Rabi,Rainfed,6.2,7.5,130,63,58,5.89,48530,23257,92,54,8.45,25.79,18.4
Capsicum,Black,Kharif,Drip,6.4,7.7,167,135,138,21.28,79358,37530,69,33,6.7,21.43,23.34
Rice,Sandy,Kharif,Rainfed,6.0,7.6,124,65,60,4.86,59081,21591,84,24,6.87,33.63,21.55
Cotton,Clay,Kharif,Canal,5.8,7.5,144,66,69,2.9,58117,58442,68,47,6.6,21.77,23.54
Rice,Black,Kharif,Sprinkler,6.2,7.8,136,69,55,3.98,52649,22353,92,25,6.37,30.21,28.24
Soybean,Sandy,Zaid,Drip,6.4,7.5,66,80,73,2.87,33494,47334,82,55,6.05,25.09,23.08
Tomato,Clay,Zaid,Sprinkler,6.5,7.2,162,120,109,27.86,67297,17916,68,30,6.27,23.36,22.47
Tomato,Red,Zaid,Drip,6.2,7.1,219,112,90,35.6,62095,11530,83,36,7.22,25.45,22.11
Groundnut,Loamy,Zaid,Rainfed,6.4,7.2,41,93,60,1.68,48728,64199,86,57,6.54,25.22,16.87
Groundnut,Black,Zaid,Canal,6.0,6.7,72,62,81,1.64,33821,63255,90,58,7.16,33.67,19.34
Capsicum,Red,Rabi,Sprinkler,5.7,7.4,168,100,139,23.31,92095,46698,85,30,8.79,25.27,25.42
Tomato,Loamy,Kharif,Drip,6.1,6.9,235,87,119,37.4,74738,10119,60,26,6.51,30.7,29.23
Tomato,Sandy,Kharif,Canal,6.1,7.5,223,78,74,19.5,65337,17763,78,32,6.33,29.28,24.13
Capsicum,Clay,Kharif,Drip,5.7,6.9,220,115,126,27.09,89431,30009,77,38,7.74,33.83,21.28
Sugarcane,Clay,Zaid,Sprinkler,6.3,6.8,221,93,113,31.79,90868,3184,94,46,7.77,25.81,27.59
Potato,Black,Kharif,Rainfed,6.3,7.0,185,138,87,22.37,59673,15562,63,40,8.59,24.44,27.07
Capsicum,Black,Zaid,Drip,6.1,7.0,197,87,94,20.15,106488,43933,85,30,5.25,31.68,17.01
Tomato,Red,Kharif,Rainfed,5.9,7.5,162,76,105,22.77,80505,12650,91,34,8.64,24.84,19.11
Maize,Clay,Kharif,Drip,6.0,7.5,142,82,58,3.54,45683,18661,78,56,8.37,30.7,20.71
Maize,Black,Rabi,Canal,6.1,6.8,168,58,59,3.33,30643,16561,78,58,8.94,31.46,29.07
Capsicum,Sandy,Kharif,Rainfed,6.0,7.5,220,82,115,21.49,75621,31302,87,34,6.44,30.22,22.3
Cotton,Clay,Kharif,Sprinkler,5.9,7.3,194,61,95,3.29,64440,68000,77,26,8.97,33.5,19.37
Maize,Sandy,Zaid,Canal,6.2,7.6,122,88,58,4.68,47758,18803,69,38,8.14,20.93,18.44
Tomato,Black,Zaid,Canal,5.7,7.5,183,116,112,29.95,70767,16861,78,28,8.46,29.73,20.91
Potato,Loamy,Zaid,Drip,5.9,6.6,202,133,138,13.41,45315,14252,94,30,6.15,24.24,18.47
Maize,Sandy,Rabi,Drip,5.8,7.4,154,64,44,4.39,42981,19605,74,29,5.88,25.21,20.89
Wheat,Black,Rabi,Drip,6.4,7.5,125,62,48,3.06,31663,22768,71,51,7.7,30.25,29.41
Capsicum,Loamy,Rabi,Drip,6.4,7.0,161,140,86,27.89,75622,23612,63,23,5.99,24.15,29.32
Cotton,Loamy,Rabi,Drip,5.8,7.6,145,95,63,1.6,49683,62827,95,32,8.84,25.29,24.76
Wheat,Loamy,Rabi,Canal,6.1,7.3,124,56,46,4.52,31037,19323,80,36,7.75,28.93,24.78
Cotton,Black,Zaid,Rainfed,6.4,7.4,149,99,96,3.01,54234,74602,77,40,8.27,29.69,19.65
Maize,Clay,Kharif,Sprinkler,5.6,7.2,172,89,63,6.06,30137,21142,61,58,7.34,28.28,25.59
Wheat,Sandy,Zaid,Rainfed,5.5,7.4,108,52,68,2.09,39474,23304,67,47,8.38,34.18,24.32
Tomato,Black,Kharif,Sprinkler,6.3,7.6,233,119,93,30.15,66897,9405,67,51,5.83,34.83,21.97
Sugarcane,Black,Kharif,Sprinkler,6.1,7.5,206,108,91,31.28,89275,3830,69,58,6.94,20.37,15.37
Sugarcane,Clay,Kharif,Sprinkler,5.6,7.7,223,84,112,53.95,69427,3904,88,44,5.81,32.67,25.3
Rice,Sandy,Kharif,Sprinkler,5.6,7.5,133,66,56,5.02,39080,18634,67,24,6.17,22.96,16.67
Maize,Black,Rabi,Rainfed,5.5,6.5,145,58,44,3.34,41888,19897,91,45,5.66,30.76,27.27
Groundnut,Clay,Rabi,Sprinkler,6.0,7.5,67,70,62,2.04,31775,63590,64,22,5.15,21.71,17.6
Sugarcane,Sandy,Rabi,Rainfed,5.8,7.3,300,109,115,27.87,67881,3310,87,39,7.24,28.93,22.8
Rice,Black,Zaid,Rainfed,5.9,7.7,149,78,78,3.38,59782,20490,83,49,7.18,29.17,19.29
Soybean,Red,Kharif,Rainfed,5.9,7.2,73,98,46,2.24,27572,41650,77,40,6.32,21.39,28.06
Soybean,Clay,Kharif,Rainfed,6.1,7.7,56,82,42,1.89,30458,43973,94,60,7.93,30.71,24.4
Sugarcane,Sandy,Zaid,Drip,6.1,7.4,268,127,82,36.67,63226,3827,78,38,6.21,32.34,23.46
Rice,Black,Kharif,Rainfed,6.4,6.9,149,56,57,4.05,41559,21356,88,27,8.47,23.86,26.49
Soybean,Loamy,Kharif,Rainfed,6.2,7.7,53,87,68,2.82,30750,36127,85,50,7.12,27.65,28.8
Potato,Loamy,Rabi,Drip,6.2,7.0,182,111,89,15.16,71504,18102,91,54,6.13,33.06,20.14
Maize,Black,Zaid,Canal,6.0,7.6,122,83,54,6.27,39798,17725,61,21,7.3,33.92,28.81
Tomato,Black,Zaid,Drip,5.9,7.5,167,91,117,33.94,54548,17033,69,57,7.82,27.88,19.31
Soybean,Red,Kharif,Sprinkler,5.8,6.8,77,61,64,1.95,29177,47972,69,44,6.26,26.85,24.92
Rice,Clay,Kharif,Canal,6.0,6.9,135,58,52,5.57,55848,17539,65,42,5.95,31.96,28.76
Rice,Sandy,Zaid,Drip,5.9,7.1,146,76,63,4.25,54356,20179,63,51,8.0,32.74,16.16
Tomato,Loamy,Zaid,Sprinkler,6.1,6.7,223,89,84,25.42,62878,15461,84,48,7.5,25.39,22.38
Maize,Black,Rabi,Canal,6.4,6.7,177,87,68,4.78,30052,20223,72,51,5.75,21.95,24.41
Cotton,Red,Rabi,Rainfed,5.8,7.4,197,80,88,2.01,46019,78897,89,47,8.88,26.37,15.48
Cotton,Red,Kharif,Canal,5.6,7.3,146,66,95,3.99,47016,55908,93,54,5.23,26.54,20.68
Potato,Clay,Zaid,Sprinkler,6.4,7.4,218,102,128,28.98,62389,18784,77,34,5.47,28.35,23.06
Potato,Red,Kharif,Sprinkler,5.8,6.6,188,88,93,21.58,59965,18118,66,54,6.11,34.49,15.94
Maize,Sandy,Kharif,Rainfed,5.8,6.7,143,53,67,4.65,29506,21177,60,58,5.15,21.53,23.59
Capsicum,Red,Kharif,Rainfed,6.0,6.9,152,99,138,15.96,93962,49480,87,60,8.53,20.23,27.0
Wheat,Clay,Zaid,Canal,6.4,7.0,101,50,50,4.91,46247,19435,70,45,8.26,21.73,28.02
Potato,Clay,Rabi,Drip,5.7,6.9,229,82,103,28.08,78830,17045,85,33,8.54,21.0,16.27
Maize,Sandy,Rabi,Canal,6.0,7.3,167,66,43,4.78,47493,20798,63,21,6.26,20.34,23.42
Potato,Clay,Kharif,Rainfed,5.6,7.5,254,109,80,21.42,75969,13299,90,39,6.87,29.38,17.56
Cotton,Clay,Zaid,Rainfed,6.0,7.3,161,66,74,3.96,58218,59722,87,34,7.08,29.29,19.02
Capsicum,Clay,Kharif,Rainfed,5.7,6.7,200,93,93,17.79,110911,23364,72,32,7.8,32.91,18.26
Potato,Loamy,Zaid,Rainfed,6.2,7.5,260,99,131,19.16,64940,16703,92,52,8.85,21.36,20.03
Potato,Clay,Zaid,Canal,5.9,7.3,254,127,133,18.03,52174,18224,72,26,6.62,32.46,26.93
Maize,Black,Kharif,Sprinkler,5.6,7.8,134,68,47,3.31,44636,17662,67,43,5.72,24.98,21.17
Groundnut,Sandy,Zaid,Rainfed,5.6,6.6,76,79,94,2.37,42390,62979,78,41,7.99,31.54,24.05
Tomato,Loamy,Zaid,Canal,6.0,6.9,216,108,108,16.44,77068,11098,81,31,7.21,32.44,22.88
Tomato,Sandy,Kharif,Drip,6.0,7.1,170,117,89,16.41,61645,16507,95,45,5.08,27.17,29.98
Capsicum,Sandy,Zaid,Rainfed,6.0,7.7,174,132,127,13.44,79851,21719,95,50,7.32,22.19,26.29
Wheat,Red,Kharif,Sprinkler,6.3,7.1,106,65,62,2.33,49139,21701,93,26,5.02,25.28,18.02
Sugarcane,Sandy,Zaid,Canal,6.4,7.7,237,80,127,58.86,66302,2824,86,31,6.15,21.86,24.97
Wheat,Clay,Rabi,Canal,6.1,6.5,91,68,55,4.58,42000,20300,95,29,6.57,24.55,29.83
Sugarcane,Black,Kharif,Canal,5.6,7.3,247,117,104,56.45,90714,3057,92,53,5.62,29.91,26.24
Capsicum,Loamy,Rabi,Rainfed,6.3,6.6,206,81,99,29.34,99476,39907,81,56,8.21,24.39,23.82
Wheat,Black,Zaid,Rainfed,6.0,6.6,112,55,41,4.84,30131,21804,93,57,6.24,21.21,28.84
Tomato,Clay,Rabi,Drip,6.3,7.3,173,83,73,21.44,80609,17053,65,43,7.23,29.37,24.95
Wheat,Sandy,Kharif,Sprinkler,5.6,7.5,93,53,70,4.2,36219,25475,76,36,6.16,31.65,23.51
Soybean,Sandy,Rabi,Drip,5.6,7.5,66,91,68,2.24,43752,46398,72,50,6.86,31.42,21.4
Cotton,Red,Kharif,Canal,5.7,7.2,157,87,62,2.84,48591,61378,76,32,6.09,32.03,21.51
Groundnut,Loamy,Kharif,Drip,5.5,7.5,59,70,87,2.14,37262,63398,92,22,7.53,28.79,22.79
Groundnut,Sandy,Zaid,Drip,5.6,6.5,42,94,67,1.72,44862,60452,81,45,6.33,32.62,16.03
Cotton,Clay,Kharif,Sprinkler,6.3,7.4,190,61,90,2.45,50491,69327,86,31,5.47,21.85,20.45
Tomato,Clay,Zaid,Sprinkler,6.4,6.7,190,97,113,34.12,58682,9140,90,40,5.05,32.44,28.44
Maize,Black,Kharif,Drip,5.7,7.3,160,53,59,6.41,31882,19085,62,36,7.38,21.5,25.03
Wheat,Red,Kharif,Canal,5.9,7.2,140,41,47,3.68,40803,21339,75,28,8.86,24.83,20.88
Wheat,Sandy,Zaid,Canal,6.4,7.6,110,59,47,3.35,44984,18948,73,59,8.33,28.94,16.99
Cotton,Loamy,Zaid,Rainfed,5.6,6.7,154,84,71,3.78,47292,74929,72,34,6.64,34.54,16.81
Groundnut,Red,Kharif,Rainfed,5.6,6.5,44,78,72,2.84,43643,59365,89,46,6.03,32.54,23.12
Sugarcane,Black,Rabi,Sprinkler,5.8,7.6,285,115,126,42.64,74843,3141,73,34,8.5,23.56,22.85
Cotton,Black,Rabi,Rainfed,6.3,6.9,176,74,74,2.88,50510,50307,81,47,5.46,29.1,19.13
Tomato,Red,Kharif,Rainfed,6.2,7.6,180,120,114,39.94,53571,14980,71,39,7.86,34.72,20.71
Maize,Black,Kharif,Sprinkler,5.5,6.7,137,64,44,3.79,41006,14066,76,51,7.36,24.65,18.89
Sugarcane,Black,Zaid,Rainfed,6.2,6.7,283,114,123,43.48,66918,2909,76,24,8.15,33.57,28.22
Rice,Sandy,Rabi,Drip,5.9,7.0,121,68,61,2.79,53493,21430,84,38,8.93,26.71,26.94
Soybean,Clay,Kharif,Sprinkler,6.1,7.2,55,65,46,2.32,35618,48421,67,26,7.12,22.25,23.55
Rice,Sandy,Zaid,Canal,6.1,7.0,113,72,51,3.52,47544,18575,84,20,6.04,20.11,23.36
Rice,Sandy,Kharif,Sprinkler,6.2,7.0,144,41,60,5.38,48863,18364,77,58,8.25,30.47,20.48
Capsicum,Loamy,Zaid,Sprinkler,6.2,7.2,173,125,127,24.56,118940,27186,89,32,7.76,34.83,27.41
Wheat,Loamy,Zaid,Canal,5.9,7.7,108,50,60,4.81,36022,24287,69,33,8.15,24.35,16.96
Potato,Red,Kharif,Rainfed,6.5,7.8,226,85,116,13.76,73572,12674,65,51,7.89,29.71,21.74
Capsicum,Clay,Kharif,Rainfed,6.5,7.8,236,131,114,18.84,96544,48475,65,47,8.96,29.16,22.37
Potato,Clay,Kharif,Drip,6.1,6.9,256,101,134,15.01,55996,12204,64,43,6.79,29.58,28.05
Rice,Clay,Zaid,Rainfed,5.5,6.9,114,71,52,3.01,48339,20562,89,46,6.23,25.65,16.5
Rice,Black,Zaid,Canal,6.1,7.5,144,61,70,2.96,54064,20080,84,36,6.21,29.26,17.64
Maize,Red,Kharif,Sprinkler,6.4,6.7,179,83,58,3.85,38974,18393,79,51,6.57,30.55,22.78
Rice,Red,Rabi,Canal,6.4,7.3,137,62,57,5.56,55542,21353,95,42,7.78,27.91,20.31
Sugarcane,Loamy,Rabi,Drip,6.5,7.5,236,117,130,26.4,61010,3925,72,54,7.04,25.81,23.86
Sugarcane,Red,Rabi,Canal,5.5,7.4,222,137,105,54.95,69801,2933,90,55,5.05,30.12,29.29
Sugarcane,Loamy,Kharif,Rainfed,6.1,7.5,224,88,80,25.25,90951,3846,85,42,7.12,26.39,19.86
Tomato,Red,Kharif,Sprinkler,5.5,7.1,205,98,107,38.12,83497,15546,79,58,8.22,24.76,20.97
Tomato,Loamy,Kharif,Rainfed,5.9,6.9,205,113,71,37.91,75224,10872,67,32,5.16,23.77,17.83
Capsicum,Loamy,Zaid,Rainfed,6.1,7.7,172,140,116,29.74,64519,41900,94,35,7.89,21.55,17.58
Sugarcane,Clay,Rabi,Sprinkler,6.3,7.2,271,136,124,56.18,99108,2816,62,58,5.33,32.93,25.09
Tomato,Black,Zaid,Drip,5.7,6.9,204,85,112,17.29,77617,10779,68,42,5.57,28.11,21.64
Maize,Loamy,Rabi,Canal,6.4,7.3,130,61,74,3.95,29810,21314,64,54,7.3,24.87,26.45
Tomato,Loamy,Kharif,Drip,6.1,6.6,234,74,115,29.05,81731,17765,61,59,6.12,34.42,21.29
Cotton,Clay,Kharif,Sprinkler,6.1,6.9,192,91,97,1.77,56777,52212,76,34,5.97,28.91,20.13
Groundnut,Loamy,Rabi,Canal,6.0,7.2,66,95,74,1.49,32006,51290,85,31,6.85,22.66,23.54
Wheat,Clay,Kharif,Rainfed,5.7,7.1,99,53,59,2.39,30928,24503,81,32,5.15,21.44,15.99
Sugarcane,Black,Rabi,Sprinkler,5.6,7.7,298,108,131,49.89,93918,3147,61,36,8.31,23.46,22.51
Rice,Loamy,Rabi,Sprinkler,5.7,7.6,117,54,41,4.59,35805,17418,82,39,5.67,21.16,21.55
Groundnut,Black,Rabi,Sprinkler,6.3,7.5,74,81,68,2.9,30589,43266,86,25,5.04,27.0,15.15
Sugarcane,Sandy,Kharif,Drip,5.6,6.7,268,81,95,53.65,81729,3756,92,25,6.98,32.2,22.33
Wheat,Red,Rabi,Sprinkler,5.6,7.7,121,43,47,4.63,44663,20929,86,48,7.29,28.16,19.34
Wheat,Loamy,Rabi,Rainfed,6.5,7.6,111,53,61,4.67,31349,23366,67,58,6.31,24.77,16.66
Groundnut,Clay,Zaid,Drip,6.2,7.0,48,69,71,2.51,39485,50454,78,50,7.42,29.93,20.85
Maize,Clay,Zaid,Rainfed,5.6,7.6,147,88,59,4.29,31137,15755,71,25,5.97,31.62,28.49
Maize,Sandy,Kharif,Drip,6.4,6.8,180,53,62,5.39,38240,21726,66,56,7.31,26.36,17.39
Tomato,Red,Rabi,Canal,6.2,7.0,209,83,75,29.7,75238,13890,92,42,5.65,26.93,17.68
Maize,Sandy,Zaid,Rainfed,5.8,6.8,130,75,60,6.16,44973,18812,87,38,5.19,29.66,26.87
Sugarcane,Loamy,Rabi,Canal,6.2,7.4,264,82,130,32.01,96999,2805,66,46,6.35,32.28,16.14
Rice,Black,Kharif,Drip,6.4,6.5,105,63,70,5.47,53308,22168,72,31,7.92,23.21,16.97
Potato,Red,Kharif,Drip,5.8,7.5,196,84,107,16.03,49096,12644,79,49,6.09,27.64,17.24
Wheat,Black,Zaid,Drip,6.0,7.4,108,68,69,4.76,42318,21301,71,57,6.08,29.39,22.44
Groundnut,Sandy,Zaid,Sprinkler,5.6,6.5,62,88,87,2.97,49366,44954,86,45,8.18,20.63,25.48
Wheat,Red,Kharif,Rainfed,6.0,6.9,100,69,57,4.86,33112,23800,91,60,5.19,34.7,15.83
Potato,Sandy,Rabi,Sprinkler,6.3,6.6,247,95,125,23.26,78928,16243,95,47,5.75,31.36,22.13
Rice,Sandy,Kharif,Canal,6.2,6.6,135,76,46,5.5,40951,16340,72,35,8.02,30.15,15.67
Cotton,Loamy,Kharif,Rainfed,5.5,7.1,177,60,70,2.41,50411,53258,94,33,7.47,21.54,16.77
Potato,Loamy,Rabi,Drip,5.6,7.8,203,98,89,24.52,46710,13883,84,38,6.01,31.76,19.8
Sugarcane,Black,Rabi,Drip,6.2,6.9,280,109,109,41.1,72673,3583,60,23,7.44,20.98,15.5
Capsicum,Red,Zaid,Canal,5.9,6.8,165,112,129,18.11,107845,44629,93,49,5.63,32.27,26.62
Capsicum,Sandy,Zaid,Drip,6.0,6.6,174,109,86,18.03,100036,28642,63,50,5.76,31.79,23.03
Rice,Clay,Rabi,Rainfed,5.7,7.7,121,65,53,4.47,42008,17820,73,39,8.11,22.98,22.53
Wheat,Loamy,Kharif,Canal,6.5,7.8,92,48,49,4.68,43712,19521,64,26,7.63,31.14,26.47
Soybean,Loamy,Kharif,Rainfed,6.3,7.3,51,92,49,1.96,28085,50395,72,55,7.07,25.04,20.14
Tomato,Clay,Rabi,Canal,5.5,7.3,211,78,109,29.99,89283,9948,81,46,6.02,28.04,22.19
Sugarcane,Red,Rabi,Canal,6.1,6.5,257,80,87,39.29,97304,2992,74,36,7.44,25.38,15.08
Groundnut,Black,Zaid,Canal,6.2,6.6,56,66,100,1.34,34578,64999,60,51,8.31,20.09,25.09
Cotton,Loamy,Kharif,Sprinkler,5.8,6.8,148,71,88,3.49,46993,63834,71,58,8.46,31.93,29.4
Rice,Red,Zaid,Drip,5.8,6.8,107,47,63,3.04,59037,16064,71,46,6.21,28.24,24.81
Tomato,Black,Kharif,Sprinkler,6.1,7.5,236,79,93,16.69,77793,8841,94,46,5.73,29.4,27.14
Groundnut,Black,Zaid,Sprinkler,6.2,6.9,75,69,76,2.35,47506,51818,64,41,8.82,21.95,22.89
Tomato,Red,Zaid,Sprinkler,5.9,6.8,188,106,102,24.05,83824,15200,76,29,6.06,34.83,23.63
Rice,Loamy,Zaid,Rainfed,6.0,7.5,125,44,71,5.45,36186,17209,93,52,8.03,33.1,22.94
Tomato,Loamy,Zaid,Rainfed,5.5,7.3,169,88,77,16.77,87797,10926,86,20,6.7,30.93,23.83
Sugarcane,Red,Rabi,Sprinkler,6.4,7.0,229,122,130,51.33,76007,4103,88,23,6.04,26.74,23.79
Rice,Red,Zaid,Canal,5.5,6.9,128,51,67,4.2,40978,17993,77,34,5.9,25.12,24.2
Cotton,Red,Rabi,Rainfed,6.1,7.1,175,84,75,3.89,48935,58166,79,37,5.15,34.03,19.04
Maize,Loamy,Rabi,Canal,6.3,6.9,126,72,53,6.89,43291,16895,80,21,7.85,30.24,18.1
Cotton,Red,Rabi,Drip,6.1,7.7,156,68,62,1.9,64793,78178,89,40,7.54,33.54,28.6
Maize,Sandy,Rabi,Sprinkler,5.6,7.0,148,55,47,5.61,34150,17057,67,29,7.76,23.78,29.72
Capsicum,Black,Zaid,Canal,6.0,7.5,171,125,108,19.24,82465,26325,70,60,6.63,34.43,16.64
Tomato,Sandy,Zaid,Canal,5.6,7.0,176,85,104,25.23,66979,13142,94,25,7.89,23.87,17.8
Groundnut,Sandy,Kharif,Sprinkler,6.2,6.8,41,81,81,1.84,49929,63167,95,28,7.59,29.11,17.82
Groundnut,Red,Zaid,Sprinkler,5.8,7.7,63,69,89,1.35,47143,49305,66,35,8.84,23.4,16.46
Capsicum,Loamy,Kharif,Canal,6.3,7.4,206,116,140,13.33,85689,37528,92,28,8.74,27.19,20.41
Capsicum,Loamy,Kharif,Drip,6.1,7.3,191,109,130,28.14,83854,37849,73,41,6.28,33.62,17.12
Rice,Loamy,Zaid,Drip,5.5,7.3,121,72,55,4.96,53690,19933,72,23,8.59,22.18,20.47
Capsicum,Sandy,Kharif,Canal,6.1,7.7,204,125,114,16.57,85723,36368,92,40,6.67,30.47,19.29
Capsicum,Clay,Kharif,Rainfed,6.0,7.4,161,100,126,17.24,82119,24327,89,31,8.69,32.36,24.91
Rice,Black,Rabi,Drip,6.3,6.7,125,69,62,3.36,36622,16015,91,53,8.27,22.18,16.47
Wheat,Red,Kharif,Drip,6.1,7.4,111,47,68,3.53,34496,22037,88,44,5.37,32.1,17.37
Sugarcane,Black,Zaid,Rainfed,6.4,7.0,251,125,112,35.17,84258,2812,68,39,5.12,20.13,28.74
Capsicum,Red,Zaid,Rainfed,6.4,7.3,239,107,125,26.97,117720,28955,74,31,5.1,34.09,18.48
Sugarcane,Black,Zaid,Sprinkler,6.2,7.1,289,110,110,51.87,91233,3752,76,43,6.19,29.24,18.13
Soybean,Loamy,Kharif,Sprinkler,5.6,6.7,72,71,42,1.67,43028,50454,65,25,5.56,32.56,23.04
Wheat,Loamy,Kharif,Drip,6.2,7.7,106,48,48,3.26,42491,25979,63,60,8.83,23.01,18.18
Maize,Red,Rabi,Sprinkler,5.6,7.7,178,88,50,6.88,42462,16509,75,55,5.86,20.42,18.08
Sugarcane,Red,Kharif,Sprinkler,5.8,7.5,241,90,92,46.28,77786,3794,69,50,7.75,21.57,18.48
Sugarcane,Loamy,Zaid,Sprinkler,6.4,7.1,239,107,88,25.48,86116,3382,87,50,5.58,20.99,22.3
Potato,Clay,Rabi,Canal,6.4,6.9,231,104,99,13.94,76981,13555,90,44,7.43,22.58,26.29
Capsicum,Sandy,Rabi,Drip,6.0,7.1,155,112,117,13.41,89806,48711,84,35,6.32,32.65,27.92
Maize,Red,Kharif,Sprinkler,5.8,7.0,142,51,58,3.33,33406,15315,91,53,8.92,22.41,28.0
Sugarcane,Black,Zaid,Drip,5.8,7.3,243,109,107,44.53,72500,3087,74,31,5.87,23.9,22.97
Cotton,Sandy,Zaid,Canal,6.0,6.9,161,75,78,3.96,55669,79164,81,37,7.35,26.41,25.41
Groundnut,Black,Zaid,Canal,5.8,7.5,45,76,76,1.87,46861,46099,89,27,8.85,29.41,20.38
Sugarcane,Clay,Kharif,Canal,6.0,7.5,232,130,130,30.5,89006,3553,63,59,5.16,29.95,28.89
Maize,Sandy,Rabi,Rainfed,6.3,6.9,157,84,67,5.71,32919,18754,73,31,5.81,21.19,18.69
Sugarcane,Red,Kharif,Sprinkler,5.7,7.2,271,129,103,41.51,94436,4194,83,36,5.82,25.63,18.8
Cotton,Sandy,Zaid,Rainfed,5.9,7.1,168,60,100,2.8,66350,72202,65,55,5.45,32.58,23.79
Tomato,Loamy,Rabi,Drip,5.6,7.2,228,113,100,35.45,78763,10954,77,20,5.21,32.28,28.51
Rice,Black,Rabi,Sprinkler,6.4,7.6,129,51,69,4.57,42202,17195,71,51,8.32,29.99,19.84
Maize,Black,Zaid,Sprinkler,6.1,6.7,136,57,79,4.28,36357,14241,60,27,7.08,33.9,27.16
Capsicum,Clay,Rabi,Drip,6.0,6.5,175,90,104,18.82,84223,35654,95,39,6.25,20.01,23.06
Wheat,Clay,Zaid,Sprinkler,5.7,7.1,100,46,41,3.36,46138,18288,63,51,6.5,21.92,22.24
Groundnut,Black,Rabi,Drip,6.5,7.3,67,66,76,2.67,47657,44792,72,25,6.1,29.59,18.45
Groundnut,Clay,Kharif,Rainfed,5.8,7.3,77,97,96,2.57,38209,64747,64,44,5.28,24.91,26.42
Soybean,Clay,Kharif,Rainfed,5.5,7.7,80,75,41,2.92,40063,40213,95,31,7.02,29.01,27.94
Wheat,Clay,Zaid,Sprinkler,5.7,6.7,107,58,40,2.17,44481,18870,94,23,5.63,27.47,23.82
Maize,Clay,Kharif,Sprinkler,6.4,6.7,135,88,65,4.65,40816,19648,69,35,8.03,31.24,18.53
Maize,Sandy,Zaid,Rainfed,6.5,6.8,146,61,72,5.26,46603,18909,78,36,5.56,25.85,16.12
Potato,Black,Zaid,Canal,5.9,6.6,224,113,83,13.04,78381,19608,88,43,6.93,28.8,19.0
Wheat,Sandy,Zaid,Sprinkler,5.5,6.5,98,61,65,4.97,44492,20669,67,47,5.39,23.41,22.64
Maize,Red,Zaid,Sprinkler,6.3,6.7,132,60,41,4.73,28876,19834,67,54,6.24,20.78,20.83
Cotton,Sandy,Zaid,Rainfed,6.4,7.3,148,80,82,2.89,53394,61050,69,38,6.68,25.39,24.67
Potato,Clay,Kharif,Sprinkler,5.7,7.5,206,134,101,18.45,48514,12611,84,43,7.61,24.62,20.74
Wheat,Black,Kharif,Canal,6.3,7.1,103,61,64,3.03,33348,22095,89,22,6.04,28.32,22.44
Groundnut,Red,Zaid,Canal,6.3,6.6,50,87,99,2.13,32427,60737,61,36,8.69,31.89,15.09
Rice,Loamy,Rabi,Drip,6.3,7.3,128,62,63,3.89,47299,16902,68,33,8.01,33.15,21.63
Potato,Loamy,Rabi,Drip,5.9,6.6,214,96,91,18.57,65420,18012,84,60,7.61,22.72,20.5
Maize,Loamy,Kharif,Rainfed,6.3,7.3,166,50,48,4.6,45836,19105,70,45,5.44,28.69,21.49
Cotton,Black,Rabi,Rainfed,6.2,7.1,188,71,99,1.64,46365,65714,83,51,6.08,22.45,24.86
Sugarcane,Loamy,Zaid,Rainfed,5.7,6.8,205,84,129,58.42,82320,3137,71,29,8.91,25.75,26.69
Sugarcane,Loamy,Rabi,Rainfed,6.1,7.5,295,102,123,58.27,89943,3936,67,26,5.81,33.83,26.68
Wheat,Sandy,Zaid,Rainfed,5.8,7.4,140,52,49,2.78,31004,20921,94,32,7.15,22.63,26.53
Groundnut,Loamy,Zaid,Sprinkler,5.9,7.1,56,98,70,1.52,46023,60584,95,36,7.78,25.37,28.45
Groundnut,Black,Rabi,Drip,5.9,7.2,73,81,86,1.85,43299,58687,92,30,8.52,32.77,25.34
Tomato,Red,Rabi,Drip,6.0,7.6,181,84,92,39.66,61846,10254,61,46,6.18,23.6,18.63
Cotton,Red,Kharif,Rainfed,6.2,7.1,147,62,81,1.97,58964,52181,68,45,6.97,31.74,19.2
Tomato,Clay,Zaid,Rainfed,6.1,6.7,214,100,77,29.9,58855,17602,63,36,8.05,27.39,15.5
Capsicum,Clay,Kharif,Sprinkler,5.6,7.7,195,126,104,28.36,68500,24625,62,55,5.08,34.53,29.25
Cotton,Clay,Rabi,Sprinkler,6.0,7.7,191,73,76,3.26,47797,57460,95,34,5.05,34.18,24.58
Soybean,Black,Zaid,Rainfed,6.3,6.8,58,98,65,2.92,32240,40532,80,23,6.12,27.49,29.68
Sugarcane,Red,Zaid,Sprinkler,5.8,7.5,297,84,123,28.56,91434,3625,70,37,6.25,22.4,20.27
Maize,Black,Kharif,Canal,6.1,7.2,126,76,67,4.46,35014,20687,75,46,8.41,22.38,17.76
Soybean,Clay,Kharif,Canal,5.5,6.8,60,72,77,2.28,37434,40454,65,50,8.14,32.67,18.87
Cotton,Red,Zaid,Rainfed,5.9,6.9,168,67,99,2.9,54915,78471,94,29,5.68,30.62,27.99
Cotton,Sandy,Rabi,Canal,5.7,7.2,185,94,89,1.74,48675,71728,72,24,5.72,23.46,15.29
Sugarcane,Sandy,Rabi,Rainfed,5.7,7.8,261,121,108,51.15,71138,3157,69,25,7.26,32.37,18.71
Groundnut,Clay,Zaid,Rainfed,6.1,6.8,67,84,72,2.83,35093,50487,76,37,6.53,23.36,26.16
Capsicum,Red,Rabi,Drip,6.0,7.2,226,96,119,24.6,61395,35276,91,53,5.88,31.18,20.83
Capsicum,Clay,Kharif,Rainfed,6.2,6.8,154,100,82,12.08,69635,22961,63,48,8.47,29.6,27.88
Wheat,Red,Zaid,Sprinkler,6.0,6.9,95,49,42,4.15,44587,18182,73,56,7.07,30.07,18.12
Sugarcane,Red,Kharif,Drip,6.0,7.6,252,100,125,25.17,77264,3432,82,38,5.48,24.09,28.39
Groundnut,Loamy,Rabi,Rainfed,6.3,7.4,45,87,86,1.34,36993,48303,72,43,5.8,20.83,21.11
Sugarcane,Clay,Zaid,Drip,6.4,7.1,233,138,115,28.0,79841,3114,73,39,8.59,21.22,25.92
Capsicum,Red,Rabi,Drip,6.3,7.6,211,119,89,23.59,118887,38460,74,20,8.42,24.98,27.32
Wheat,Black,Zaid,Drip,6.0,6.5,131,63,51,2.4,35617,24263,80,40,7.28,27.26,18.92
Maize,Sandy,Kharif,Canal,5.5,7.8,125,81,73,5.82,37960,21610,68,42,5.87,33.29,17.1
Rice,Clay,Kharif,Sprinkler,6.2,7.2,121,54,57,3.06,51114,21767,74,44,6.33,27.3,28.35
Groundnut,Red,Kharif,Canal,6.4,7.6,68,63,71,1.47,37389,54186,65,53,8.47,23.87,19.15
Wheat,Loamy,Kharif,Canal,5.6,6.8,122,60,55,4.45,43796,20188,83,35,8.62,23.73,17.9
Cotton,Black,Kharif,Rainfed,5.6,7.1,183,96,67,3.61,61854,59982,79,57,5.05,27.57,23.1
Sugarcane,Black,Zaid,Canal,6.5,6.7,275,138,86,41.72,73409,3551,65,45,8.69,32.19,23.45
Groundnut,Sandy,Rabi,Rainfed,6.2,7.1,42,91,81,1.37,47722,47020,85,59,7.3,24.8,16.53
Tomato,Loamy,Rabi,Sprinkler,6.0,6.9,226,113,76,36.71,87704,15155,87,24,7.99,25.21,20.18
Capsicum,Red,Rabi,Drip,6.0,6.6,178,135,113,20.41,107644,49933,84,49,7.42,31.46,23.03
Potato,Black,Rabi,Drip,6.1,6.8,216,129,133,19.53,67690,15326,90,21,8.39,25.06,18.68
Rice,Loamy,Zaid,Sprinkler,6.0,6.7,142,55,54,2.58,53893,23873,77,21,7.97,32.13,20.43
Potato,Sandy,Zaid,Drip,5.8,6.8,230,126,99,23.71,78073,14223,85,50,5.71,30.44,18.42
Maize,Red,Kharif,Rainfed,5.9,6.6,122,83,71,5.36,46103,15360,83,39,6.59,24.57,26.17
Cotton,Red,Zaid,Sprinkler,5.6,7.5,199,88,71,1.6,64986,54355,72,30,7.15,31.64,20.98
Cotton,Clay,Zaid,Canal,6.4,6.8,155,77,68,3.95,55185,57697,87,46,6.94,22.47,17.09
Maize,Loamy,Rabi,Drip,6.0,7.0,140,88,69,5.81,47594,18742,67,21,5.72,27.41,22.52
Groundnut,Loamy,Rabi,Rainfed,6.2,7.0,42,60,61,1.44,33701,48287,95,23,7.69,32.18,25.33
Sugarcane,Clay,Rabi,Canal,5.9,6.6,231,125,113,28.16,71952,3707,65,20,7.36,26.32,17.77
Cotton,Loamy,Zaid,Drip,6.4,7.0,148,61,60,3.88,67837,70460,60,41,6.48,31.19,23.04
Wheat,Black,Rabi,Rainfed,5.9,6.9,130,63,70,3.45,32469,21134,75,50,7.06,31.44,16.32
Sugarcane,Red,Kharif,Drip,5.8,7.0,224,84,131,54.53,92589,4154,70,31,6.94,27.94,24.74
Groundnut,Black,Zaid,Canal,5.8,7.1,46,82,83,1.57,40058,55976,76,28,7.93,22.86,21.62
Tomato,Black,Zaid,Sprinkler,6.1,7.1,180,113,73,24.04,84884,16651,92,32,5.24,21.33,28.73
Potato,Black,Zaid,Rainfed,6.4,7.7,229,100,114,28.36,66425,14285,67,57,5.37,23.95,19.49
Tomato,Clay,Rabi,Drip,6.2,7.2,232,111,72,21.12,61484,11261,74,55,6.95,28.02,15.27
Soybean,Black,Kharif,Rainfed,5.8,7.8,62,75,70,2.19,35346,52016,87,37,6.63,34.09,28.65
Groundnut,Red,Rabi,Canal,6.2,6.9,66,82,62,2.62,40610,58602,92,28,7.82,25.44,17.44
Wheat,Red,Kharif,Rainfed,6.4,7.7,137,46,50,3.75,45079,23151,85,56,5.7,22.34,28.95
Groundnut,Black,Rabi,Drip,6.5,7.1,58,91,91,1.33,34636,64597,84,22,7.55,23.72,16.42
Sugarcane,Loamy,Zaid,Canal,6.3,7.1,269,107,90,38.11,85119,3613,61,24,7.82,34.91,17.99
Sugarcane,Sandy,Zaid,Rainfed,5.5,7.7,256,99,134,43.68,75898,3847,65,57,6.72,28.13,22.43
Tomato,Sandy,Kharif,Rainfed,6.4,6.6,232,115,97,24.84,51541,13069,87,39,5.34,24.57,18.64
Capsicum,Clay,Zaid,Drip,6.4,6.9,205,92,115,20.93,87948,45017,87,27,6.57,27.89,23.65
Groundnut,Sandy,Zaid,Rainfed,6.0,7.0,76,63,68,2.08,33461,41450,94,49,8.63,33.27,24.49
Soybean,Loamy,Kharif,Canal,6.5,6.9,60,60,61,2.23,37687,44559,88,41,7.99,20.53,19.13
Wheat,Clay,Zaid,Rainfed,6.3,7.4,129,53,55,4.37,42579,19818,67,46,7.83,24.49,27.25
Cotton,Clay,Rabi,Canal,6.3,6.6,182,97,96,3.07,59083,51914,61,60,8.58,32.08,21.62
Rice,Red,Zaid,Drip,5.9,7.1,118,68,67,4.72,56766,19312,85,22,7.41,21.62,18.52
Cotton,Black,Kharif,Sprinkler,6.3,7.5,174,63,85,2.43,49649,61617,85,42,7.67,20.99,16.78
Sugarcane,Black,Zaid,Rainfed,5.9,7.7,257,82,92,41.13,85807,2977,82,22,6.78,32.02,17.39
Groundnut,Sandy,Rabi,Rainfed,6.2,7.7,68,84,97,2.69,33144,47012,75,50,6.46,27.11,26.57
Groundnut,Red,Kharif,Drip,5.7,6.8,42,69,80,2.46,33346,57641,65,51,6.28,22.88,22.97
Wheat,Loamy,Rabi,Canal,5.8,7.7,108,41,64,3.89,39385,21879,72,39,8.2,20.12,15.23
Groundnut,Sandy,Kharif,Canal,5.5,7.5,48,67,77,2.94,41746,51264,70,58,7.34,24.62,20.07
Soybean,Loamy,Kharif,Canal,5.9,6.9,51,64,64,2.75,41034,44240,69,49,5.77,20.84,17.5
Potato,Red,Kharif,Canal,6.2,7.5,257,85,96,25.83,67744,12791,88,40,8.51,30.13,25.44
Groundnut,Clay,Rabi,Canal,6.0,7.0,80,82,89,2.72,30295,41916,70,58,5.34,32.4,16.75
Soybean,Sandy,Kharif,Rainfed,5.8,7.6,63,76,76,2.53,29534,45399,62,27,6.54,25.86,15.86
Wheat,Red,Rabi,Rainfed,6.0,7.2,116,62,62,2.75,46433,21354,60,24,6.87,22.03,29.69
Maize,Loamy,Zaid,Drip,6.0,7.7,166,76,57,3.11,30564,19236,86,23,7.58,21.06,17.43
Sugarcane,Red,Kharif,Canal,6.4,6.6,207,83,138,53.48,99748,3162,77,38,5.58,31.04,29.35
Wheat,Sandy,Rabi,Drip,6.3,7.7,131,51,62,3.83,41276,23246,71,30,5.41,20.03,17.86
Soybean,Red,Kharif,Sprinkler,5.7,6.7,86,69,40,1.61,38119,51529,88,36,8.29,23.79,22.91
Potato,Loamy,Rabi,Rainfed,5.8,7.1,250,134,101,13.24,65356,14032,82,40,8.26,29.06,25.03
Maize,Black,Kharif,Drip,6.3,6.5,173,76,68,4.89,43553,17163,79,45,6.49,21.19,24.17
Sugarcane,Red,Zaid,Drip,6.1,7.7,276,81,103,31.16,60490,3772,68,26,6.59,33.73,28.72
Cotton,Sandy,Kharif,Sprinkler,5.7,7.2,192,62,91,2.3,45523,56685,70,30,7.61,33.6,19.35
Wheat,Clay,Rabi,Canal,6.5,6.8,130,68,48,2.21,40561,25755,71,42,6.17,34.94,25.04
Tomato,Red,Zaid,Sprinkler,6.2,6.9,206,115,114,29.77,71722,16468,93,37,8.74,30.75,22.77
Potato,Clay,Kharif,Canal,5.6,7.5,242,90,136,18.31,79813,17610,70,39,6.68,25.56,21.75
Tomato,Black,Kharif,Canal,6.0,7.1,220,87,113,19.42,70151,12613,91,46,6.33,28.69,29.26
Potato,Sandy,Rabi,Drip,5.5,6.6,186,108,127,16.48,53661,19654,87,37,6.34,34.48,18.77
Groundnut,Loamy,Kharif,Canal,6.0,7.0,65,81,69,1.93,43918,46131,87,46,8.27,28.96,20.64
Rice,Loamy,Zaid,Drip,6.3,6.9,120,70,78,5.03,37741,16978,92,21,8.31,31.05,29.77
Wheat,Loamy,Kharif,Sprinkler,6.5,6.8,117,53,65,3.99,40674,20519,76,44,5.11,34.97,21.16
Wheat,Clay,Kharif,Canal,5.6,6.8,119,61,63,3.18,45632,20391,77,20,6.03,27.5,19.89
Capsicum,Red,Rabi,Canal,6.4,6.8,206,131,137,16.35,102601,29545,72,35,7.5,23.0,22.01
Wheat,Black,Rabi,Sprinkler,6.5,7.3,98,57,61,4.86,45526,19070,69,21,7.76,23.47,17.68
Wheat,Clay,Kharif,Drip,5.6,7.7,118,69,62,3.4,48403,21701,74,58,7.27,25.33,29.56
Maize,Clay,Zaid,Canal,6.0,7.1,120,67,80,3.56,42756,18555,83,48,7.41,32.16,29.96
Sugarcane,Sandy,Kharif,Sprinkler,6.4,7.5,258,127,86,32.24,76128,3719,68,37,5.94,27.14,16.56
Cotton,Black,Kharif,Sprinkler,6.0,6.7,148,64,64,3.1,66224,62753,68,37,8.71,30.54,26.98
Capsicum,Loamy,Kharif,Rainfed,5.6,7.0,234,114,103,27.96,109003,32495,80,53,5.07,34.39,17.77
Capsicum,Sandy,Rabi,Canal,5.5,7.6,175,122,118,18.76,66345,26406,79,29,7.12,22.43,23.67
Cotton,Red,Rabi,Canal,6.1,7.1,196,94,92,3.47,57493,70250,67,27,6.18,27.44,22.6
Potato,Clay,Rabi,Canal,6.1,7.6,237,137,132,20.98,59386,19443,82,43,7.63,22.0,26.57
Sugarcane,Black,Zaid,Drip,6.2,7.3,225,95,101,51.02,99368,4197,91,46,5.26,28.23,27.64
Tomato,Black,Zaid,Drip,5.6,7.8,172,74,88,17.35,62229,11522,66,38,5.82,31.06,16.52
Capsicum,Sandy,Kharif,Canal,5.5,6.6,174,111,135,12.09,66178,33721,81,49,5.79,34.93,26.97
Sugarcane,Clay,Kharif,Sprinkler,5.8,6.8,228,135,92,29.56,75743,2934,90,20,8.83,26.56,28.23
Capsicum,Black,Kharif,Sprinkler,5.8,6.9,159,129,89,29.63,73318,46879,79,22,8.58,31.41,21.21
Wheat,Sandy,Rabi,Sprinkler,5.9,6.5,100,51,67,3.63,36727,20193,70,24,7.29,29.72,19.66
Tomato,Clay,Zaid,Sprinkler,6.1,6.8,211,84,95,38.23,60605,14865,78,22,5.78,21.65,25.06
Potato,Sandy,Rabi,Sprinkler,5.9,7.0,256,134,80,19.88,53235,16253,82,23,8.63,27.57,26.98
Soybean,Sandy,Rabi,Canal,6.0,7.2,90,91,58,2.44,37224,35091,66,58,6.66,24.43,27.89
Cotton,Red,Zaid,Sprinkler,5.9,7.7,160,72,79,2.95,68499,76182,72,21,8.48,33.76,17.44
Cotton,Red,Zaid,Sprinkler,5.9,7.0,177,90,74,2.18,65250,53248,71,30,7.46,26.09,18.53
Maize,Loamy,Kharif,Drip,5.6,7.7,172,75,71,3.24,38725,14770,93,41,5.98,28.22,17.38
Rice,Clay,Kharif,Sprinkler,6.1,7.0,143,47,64,5.09,38887,16320,86,23,5.66,29.12,23.83
Maize,Red,Zaid,Rainfed,5.5,7.6,171,76,48,6.22,31677,14335,73,28,5.73,32.92,22.8
Capsicum,Loamy,Rabi,Rainfed,5.6,7.8,196,116,100,13.01,119479,21192,65,54,5.19,22.33,28.78
Rice,Clay,Zaid,Sprinkler,5.9,7.7,102,48,53,2.91,50143,23873,82,37,5.13,26.46,22.7
Tomato,Loamy,Rabi,Sprinkler,5.6,7.1,166,82,85,30.56,60146,12476,67,43,6.54,29.22,29.29
Rice,Sandy,Kharif,Canal,6.0,7.5,128,78,56,3.1,52225,18540,75,50,8.75,33.2,20.13
Wheat,Clay,Zaid,Sprinkler,6.3,7.0,118,57,50,4.78,45971,22749,90,24,6.19,20.34,16.37
Maize,Black,Rabi,Rainfed,5.6,6.6,141,76,62,5.35,29501,15729,93,58,7.23,26.53,29.78
Tomato,Black,Kharif,Canal,6.3,6.8,227,85,86,26.36,76394,13704,92,58,7.5,28.13,27.9
Soybean,Clay,Kharif,Drip,5.9,6.9,77,71,62,1.58,31675,50756,78,36,5.33,24.5,24.37
Maize,Sandy,Rabi,Rainfed,6.3,6.9,159,68,71,5.41,36599,18983,72,42,7.0,34.56,15.51
Wheat,Clay,Zaid,Drip,6.5,6.8,125,70,64,2.83,33443,21591,88,50,7.64,29.97,16.77
Rice,Sandy,Zaid,Rainfed,5.6,7.1,149,65,72,3.05,42237,18592,67,25,7.57,24.25,18.37
Sugarcane,Loamy,Rabi,Drip,6.3,7.7,280,125,82,57.23,65513,3663,74,29,6.52,25.33,25.13
Maize,Red,Zaid,Drip,5.7,7.6,150,65,55,5.84,34087,20495,70,37,8.32,22.82,15.87
Maize,Sandy,Rabi,Sprinkler,5.9,7.4,144,53,79,3.87,47820,19166,91,23,7.02,22.86,22.0
Capsicum,Sandy,Rabi,Sprinkler,5.8,7.2,220,134,122,18.09,95491,36526,80,48,6.58,21.54,16.94
Wheat,Red,Zaid,Drip,6.3,6.5,136,57,42,3.67,40853,23663,88,56,7.86,32.38,25.29
Capsicum,Sandy,Zaid,Sprinkler,5.7,7.7,186,82,101,19.4,60667,20236,63,47,6.27,33.66,21.33
Capsicum,Black,Zaid,Drip,5.7,7.4,172,104,80,25.51,105542,25893,64,20,7.09,24.89,22.44
Capsicum,Red,Kharif,Sprinkler,5.5,7.5,197,80,82,20.72,113498,38299,90,52,8.29,26.26,22.47
Cotton,Red,Zaid,Drip,6.4,7.7,156,76,69,1.67,47665,57767,90,21,6.99,28.14,22.04
Rice,Black,Rabi,Sprinkler,6.0,7.1,131,61,73,4.25,56381,18316,67,31,5.71,32.88,17.47
Tomato,Clay,Kharif,Sprinkler,6.0,6.9,192,75,91,17.63,51012,17068,93,45,5.51,29.7,15.04
Wheat,Loamy,Zaid,Canal,5.7,6.7,113,52,43,4.93,47705,23484,60,48,5.2,32.58,20.21
Rice,Black,Kharif,Sprinkler,5.9,7.6,105,41,74,5.39,50091,18918,60,39,6.63,21.85,17.54
Wheat,Loamy,Rabi,Rainfed,6.4,7.8,133,61,50,3.64,48101,19006,73,53,7.16,25.13,15.25
Potato,Black,Rabi,Rainfed,5.8,7.2,250,86,100,22.42,55217,13904,92,20,5.97,31.3,24.52
Rice,Sandy,Kharif,Rainfed,6.2,6.8,134,52,45,3.68,56542,16898,68,50,7.16,20.83,17.3
Sugarcane,Loamy,Kharif,Canal,6.3,6.8,216,134,138,59.36,68988,4067,77,40,8.09,25.49,25.51
Soybean,Clay,Kharif,Drip,5.7,7.5,68,86,50,2.5,37467,43484,93,45,7.43,27.82,15.35
Capsicum,Clay,Rabi,Canal,5.9,6.5,176,136,128,21.71,113099,31736,84,24,8.35,27.27,20.07
Cotton,Black,Zaid,Rainfed,5.7,7.6,179,85,64,3.46,50090,70902,60,42,7.16,24.03,26.11
Sugarcane,Black,Kharif,Sprinkler,6.0,6.7,219,133,84,43.55,76042,3459,68,32,8.0,29.71,23.13
Groundnut,Clay,Zaid,Rainfed,6.4,7.1,73,94,95,1.49,35997,49487,83,26,8.64,23.65,28.46
Maize,Loamy,Zaid,Rainfed,6.2,6.9,137,77,56,5.66,36898,18848,68,54,8.93,24.18,16.16
Groundnut,Clay,Zaid,Rainfed,6.5,7.0,74,85,76,2.84,49275,53754,71,36,5.36,25.52,19.91
Potato,Clay,Zaid,Drip,5.7,6.7,234,134,111,15.38,77749,16513,93,55,7.63,27.56,24.84
Rice,Sandy,Rabi,Drip,6.5,7.0,113,45,55,5.17,58907,22294,90,56,6.2,34.41,20.18
Soybean,Sandy,Kharif,Drip,6.5,7.0,78,73,51,2.44,32274,36552,64,20,5.2,27.24,26.11
Soybean,Sandy,Rabi,Rainfed,5.8,6.6,65,83,52,2.67,38186,39308,86,36,7.01,29.09,24.54
Soybean,Clay,Zaid,Drip,5.7,7.6,86,81,56,1.74,42329,36287,79,36,5.03,20.29,22.84
Capsicum,Clay,Rabi,Sprinkler,5.5,7.6,164,82,99,17.46,61164,43207,74,23,7.55,27.93,15.15
Capsicum,Sandy,Zaid,Rainfed,6.1,7.2,179,87,99,26.15,86808,31425,70,28,5.14,24.64,19.57
Cotton,Clay,Rabi,Drip,6.3,7.0,167,88,61,2.31,53703,51288,91,34,6.02,34.19,16.79
Maize,Sandy,Zaid,Canal,5.6,6.6,149,86,53,6.09,39320,18445,87,53,5.55,32.25,17.11
Maize,Clay,Rabi,Rainfed,6.4,7.6,148,68,71,5.12,34924,20063,83,49,7.16,20.11,18.62
Potato,Red,Rabi,Sprinkler,5.8,6.7,215,116,137,29.45,70418,13666,92,41,7.35,31.13,20.58
Sugarcane,Red,Rabi,Canal,5.8,7.7,216,122,119,53.42,77852,3580,80,30,7.42,27.46,23.62
Cotton,Sandy,Rabi,Sprinkler,6.2,7.5,186,89,61,3.23,65007,74804,87,41,6.39,30.19,27.64
Maize,Red,Kharif,Drip,5.7,6.8,172,51,68,4.4,32271,21733,67,36,6.58,29.82,18.23
Maize,Red,Rabi,Canal,6.2,7.1,168,74,76,6.14,42451,20328,81,51,7.22,34.8,21.99
Sugarcane,Loamy,Zaid,Rainfed,6.5,7.1,290,101,107,50.51,87206,3552,78,20,8.39,22.7,27.75
Soybean,Loamy,Rabi,Sprinkler,5.7,7.3,87,80,53,2.31,35323,39968,78,41,7.61,30.87,20.94
Soybean,Red,Rabi,Rainfed,6.4,7.7,80,87,69,2.72,42414,49265,73,32,8.29,27.84,29.84
Rice,Loamy,Kharif,Canal,6.2,7.8,107,63,66,5.68,57469,19894,92,51,7.05,31.74,29.22
Sugarcane,Sandy,Zaid,Sprinkler,5.9,7.6,238,118,110,46.56,88702,3937,64,27,8.59,25.49,26.65
Soybean,Sandy,Kharif,Rainfed,5.8,7.7,81,60,75,2.4,28319,40657,89,27,6.73,30.27,19.01
Soybean,Clay,Zaid,Canal,6.1,6.7,90,97,55,2.87,42671,41489,64,58,5.7,26.05,24.64
Tomato,Red,Rabi,Drip,5.7,6.8,184,115,75,29.64,84999,14544,81,45,5.01,31.07,26.33
Maize,Sandy,Zaid,Sprinkler,5.9,6.7,160,50,69,4.6,41679,16235,87,25,6.2,25.22,19.92
Potato,Red,Rabi,Drip,6.4,7.1,192,114,124,28.64,56639,13508,74,60,7.31,24.21,15.51
Tomato,Sandy,Kharif,Drip,5.7,6.8,216,75,113,30.6,82235,8259,77,49,8.06,25.07,18.9
Capsicum,Black,Kharif,Drip,6.2,6.9,167,117,126,17.12,66382,25568,90,41,5.43,23.63,28.11
Tomato,Red,Kharif,Drip,5.9,7.1,175,98,98,22.15,77101,16804,79,58,5.84,23.58,21.85
Groundnut,Sandy,Kharif,Sprinkler,6.0,7.0,76,71,90,2.19,48861,48350,94,33,5.01,21.42,23.69
Capsicum,Loamy,Kharif,Canal,6.1,7.5,216,140,89,27.96,65487,36468,68,55,7.31,27.68,26.69
Capsicum,Loamy,Rabi,Rainfed,5.9,7.0,232,110,105,28.7,86632,24156,79,28,7.11,33.27,27.54
Tomato,Clay,Zaid,Sprinkler,6.5,6.8,231,90,102,15.47,57159,9551,86,52,8.71,23.63,21.91
Rice,Clay,Kharif,Drip,6.0,7.5,126,61,53,4.96,49579,19197,82,58,8.99,32.8,19.04
Groundnut,Sandy,Zaid,Sprinkler,6.2,7.2,61,81,72,1.36,42736,59190,93,37,6.45,27.58,23.67
Sugarcane,Sandy,Rabi,Sprinkler,5.9,7.7,234,90,104,31.45,77402,4180,90,33,7.28,26.06,17.16
Tomato,Black,Zaid,Canal,5.9,7.6,192,96,73,23.42,70688,8844,87,43,8.7,24.33,21.95
Maize,Red,Kharif,Drip,5.9,7.6,149,62,78,6.79,29432,14456,67,54,5.92,27.56,21.93
Potato,Red,Rabi,Sprinkler,6.3,6.7,241,93,112,13.68,46404,12368,86,55,7.16,33.45,24.21
Soybean,Sandy,Rabi,Drip,6.2,7.7,59,85,77,1.63,42220,49102,67,55,7.05,20.28,18.54
Cotton,Red,Zaid,Rainfed,6.1,7.4,170,96,77,2.43,63945,56163,92,58,5.62,25.14,20.31
Wheat,Black,Rabi,Canal,5.6,6.6,122,70,58,3.23,48830,24238,82,32,7.06,30.34,28.8
Wheat,Red,Kharif,Drip,5.8,7.0,102,47,43,4.75,35734,21479,61,47,7.45,24.5,27.55
Cotton,Red,Rabi,Canal,6.1,6.5,143,68,79,1.73,53812,72159,94,30,5.67,27.65,18.25
Soybean,Sandy,Zaid,Sprinkler,5.9,7.7,78,99,77,2.88,31299,45403,83,40,7.89,30.27,22.49
Cotton,Black,Kharif,Drip,5.8,7.5,199,70,100,2.39,54000,66199,95,41,5.65,32.18,18.2
Capsicum,Sandy,Kharif,Drip,6.0,7.2,214,113,97,29.01,85096,24554,87,22,6.85,30.49,20.02
Cotton,Clay,Kharif,Rainfed,5.7,7.7,166,66,88,2.61,57941,51087,82,57,8.23,29.36,24.11
Tomato,Loamy,Rabi,Rainfed,5.8,7.7,237,78,99,30.11,56629,10281,93,59,6.65,30.66,20.84
Groundnut,Loamy,Kharif,Drip,5.6,7.7,55,60,81,2.36,34855,60999,83,51,8.98,20.17,25.69
Groundnut,Clay,Kharif,Canal,6.3,7.2,40,82,98,2.16,44468,56731,82,54,5.74,29.62,20.44
Capsicum,Red,Zaid,Rainfed,6.5,7.7,177,127,91,25.38,83254,45934,63,21,7.34,26.48,23.63
Rice,Clay,Rabi,Rainfed,6.5,6.6,148,55,51,4.29,41211,23860,93,59,5.7,25.61,27.11
Rice,Loamy,Zaid,Drip,6.1,7.7,114,78,67,2.64,57089,16306,73,32,6.02,22.53,29.35
Groundnut,Red,Zaid,Canal,6.2,7.0,49,88,96,2.97,38070,64846,76,42,7.64,30.84,29.1
Maize,Clay,Rabi,Sprinkler,6.2,7.8,138,88,65,6.87,31064,14730,91,30,7.72,23.38,28.57
Groundnut,Black,Kharif,Canal,6.3,6.8,51,96,84,2.2,46820,59471,63,42,7.79,29.76,18.76
Rice,Black,Kharif,Canal,6.4,7.1,114,43,40,4.13,54895,22461,76,50,7.47,31.36,21.94
Potato,Loamy,Kharif,Canal,5.9,7.6,218,116,108,14.61,56391,13133,77,22,5.3,28.91,17.85
Potato,Red,Rabi,Canal,5.9,6.7,200,120,94,28.62,59822,12603,81,55,5.36,20.45,25.17
Soybean,Black,Zaid,Canal,6.3,7.2,74,62,61,1.79,33641,47517,79,55,8.75,32.78,28.97
Rice,Sandy,Zaid,Canal,5.6,7.2,101,49,76,2.74,37578,19002,70,60,7.11,21.75,17.34
Maize,Red,Zaid,Rainfed,6.5,6.8,120,53,42,6.42,47697,18256,60,27,8.36,24.41,25.45
Tomato,Clay,Rabi,Rainfed,5.8,7.0,225,99,79,33.6,82814,15206,72,48,8.54,31.88,27.41
Wheat,Loamy,Rabi,Canal,5.7,7.3,134,64,63,2.41,39485,20855,64,37,8.92,31.46,20.88
Potato,Clay,Rabi,Sprinkler,6.0,6.7,235,105,113,12.09,70084,17461,78,45,6.17,27.7,24.83
Groundnut,Clay,Kharif,Rainfed,6.5,6.8,42,73,83,1.36,40825,60324,65,40,5.83,34.1,16.39
Rice,Clay,Kharif,Canal,6.5,7.0,114,40,63,3.72,47658,21285,80,57,7.88,27.97,28.59
Cotton,Black,Rabi,Sprinkler,6.1,6.9,141,71,65,2.06,54434,62446,85,31,7.99,28.32,20.29
Tomato,Sandy,Zaid,Drip,6.1,7.5,206,77,84,15.85,65429,15482,66,37,6.34,34.45,20.12
Wheat,Clay,Rabi,Rainfed,6.3,6.6,116,70,45,2.29,46642,20341,80,23,6.4,28.8,27.15
Groundnut,Loamy,Kharif,Rainfed,5.6,6.5,73,62,66,2.62,35237,64787,63,30,6.2,33.67,29.35
Groundnut,Black,Kharif,Drip,6.0,7.0,66,85,67,2.01,44540,42978,89,37,6.36,29.3,29.98
Sugarcane,Clay,Kharif,Canal,6.3,7.6,253,103,97,53.25,69818,3028,86,24,6.47,32.59,23.61
Groundnut,Loamy,Kharif,Rainfed,6.2,6.6,78,70,97,2.02,48290,52903,67,28,7.09,26.82,25.24
Groundnut,Loamy,Rabi,Canal,5.9,7.6,78,65,88,2.93,39634,44280,60,41,7.18,21.32,25.48
Capsicum,Black,Kharif,Canal,6.0,6.9,167,111,114,27.92,93864,33163,83,23,5.45,25.18,20.23
Groundnut,Black,Rabi,Canal,6.5,7.3,67,61,75,1.68,39858,60914,83,26,8.15,26.2,19.88
Maize,Black,Kharif,Drip,5.7,7.4,148,74,79,5.99,38400,18620,89,38,8.59,33.41,29.91
Maize,Sandy,Rabi,Sprinkler,6.4,6.6,170,88,67,5.4,42517,21391,64,53,8.57,28.34,28.46
Maize,Red,Kharif,Canal,5.9,7.0,125,88,59,4.21,37714,21077,67,47,5.52,29.19,18.61
Capsicum,Clay,Kharif,Rainfed,6.2,6.7,239,103,109,25.72,82637,33019,69,31,6.64,27.99,22.75
Sugarcane,Red,Rabi,Canal,5.7,7.1,292,115,125,29.79,92508,3303,94,31,6.54,33.19,22.05
Maize,Red,Rabi,Drip,6.1,6.8,157,79,68,4.71,38050,14460,69,51,7.81,34.63,26.99
Sugarcane,Clay,Zaid,Canal,5.6,7.5,300,102,95,45.88,76263,3433,94,59,7.79,24.61,22.84
Sugarcane,Clay,Rabi,Rainfed,5.8,6.8,268,108,130,34.18,67063,3861,67,48,6.98,30.67,24.93
Cotton,Black,Rabi,Rainfed,6.0,6.6,189,90,81,3.21,47059,59805,85,46,7.23,30.5,22.98
Tomato,Red,Rabi,Canal,6.5,7.4,215,74,84,17.98,89560,16371,75,42,7.01,34.57,17.61
Rice,Loamy,Zaid,Rainfed,5.7,6.9,121,78,51,4.88,59536,17533,92,28,7.21,30.31,24.96
Groundnut,Loamy,Kharif,Drip,5.6,6.5,56,79,91,2.13,36669,41252,71,50,8.01,24.87,29.41
Groundnut,Red,Kharif,Drip,5.6,7.2,70,87,83,1.98,44696,61109,89,31,5.01,31.37,19.45
Sugarcane,Loamy,Rabi,Sprinkler,6.0,7.1,288,87,113,45.37,68067,3093,76,47,7.3,21.9,19.72
Groundnut,Red,Zaid,Sprinkler,5.9,7.6,77,88,67,2.75,43748,50337,80,54,7.61,30.97,26.3
Sugarcane,Sandy,Rabi,Canal,6.3,6.8,209,137,124,28.91,99529,2836,81,31,5.69,20.9,19.49
Potato,Loamy,Kharif,Canal,6.5,7.4,242,116,131,14.38,76214,19347,83,30,8.33,30.51,22.85
Cotton,Black,Zaid,Drip,6.1,7.5,140,94,96,3.77,48500,74683,78,32,7.06,21.8,16.01
Rice,Clay,Kharif,Canal,6.2,7.3,131,72,65,3.54,49031,17516,60,55,8.43,28.14,20.19
Wheat,Red,Kharif,Canal,6.3,6.9,111,43,53,4.2,38454,23360,94,60,5.48,24.51,24.93
Groundnut,Red,Kharif,Sprinkler,5.7,6.9,69,69,92,2.49,32198,53191,89,32,6.93,28.22,23.43
Tomato,Black,Kharif,Sprinkler,5.9,7.7,209,75,83,27.81,84915,14434,94,45,6.94,28.02,19.8
Potato,Loamy,Zaid,Canal,5.6,6.7,212,109,123,17.64,68834,12398,87,22,6.21,29.22,17.97
Cotton,Sandy,Kharif,Rainfed,5.5,6.9,154,99,69,3.68,46467,65456,86,21,7.7,24.73,26.0
Cotton,Sandy,Zaid,Canal,6.4,6.8,183,94,65,1.75,50788,54636,86,54,7.95,34.12,29.33
Potato,Clay,Rabi,Canal,5.8,6.7,190,80,137,25.12,54471,12336,66,25,7.24,32.01,27.52
Groundnut,Clay,Rabi,Rainfed,5.8,6.8,60,64,97,1.82,39114,59711,84,45,6.76,27.87,19.57
Sugarcane,Red,Zaid,Drip,6.4,7.3,298,135,108,34.07,67280,3710,94,48,7.13,24.6,25.42
Rice,Sandy,Rabi,Canal,5.7,7.6,102,59,50,3.98,50696,17786,73,56,6.35,33.17,27.71
Potato,Loamy,Kharif,Sprinkler,5.6,7.5,231,81,98,25.99,74291,19859,71,29,8.18,31.02,28.39
Potato,Loamy,Zaid,Canal,6.4,6.5,189,95,110,15.61,72859,12974,78,23,7.16,31.75,25.84
Rice,Black,Zaid,Canal,6.3,7.6,149,68,57,2.59,42300,20475,75,42,8.62,20.74,19.01
Maize,Sandy,Zaid,Sprinkler,6.3,7.3,177,50,60,4.24,40839,18095,83,25,8.65,30.31,25.62
Cotton,Sandy,Zaid,Rainfed,5.7,7.4,160,71,73,2.28,69245,54056,78,21,6.32,20.9,22.55
Sugarcane,Red,Kharif,Rainfed,6.3,7.2,268,107,135,45.79,90654,3618,86,56,7.36,25.95,24.5
Cotton,Black,Kharif,Canal,5.9,7.5,182,90,76,2.39,64146,75713,95,29,5.61,26.37,15.38
Tomato,Sandy,Rabi,Rainfed,6.3,6.7,231,118,120,32.48,76576,14058,82,30,8.01,20.31,20.17
Potato,Clay,Kharif,Rainfed,5.6,7.0,192,81,127,12.89,68525,18379,72,30,5.52,31.98,29.27
Rice,Loamy,Zaid,Sprinkler,5.8,6.9,141,65,61,4.44,47979,16613,67,49,5.77,26.68,24.19
Potato,Sandy,Rabi,Drip,6.3,7.6,180,134,125,26.6,63824,17380,62,45,6.64,28.08,28.79
Soybean,Black,Zaid,Canal,5.7,7.2,61,67,56,2.86,39129,37447,78,56,5.9,29.89,28.9
Maize,Black,Kharif,Rainfed,6.3,7.0,173,89,62,6.21,47274,18111,84,37,7.6,31.24,26.71
Wheat,Loamy,Zaid,Canal,6.0,6.9,133,66,57,3.46,38334,22613,73,53,5.92,21.05,28.14
Groundnut,Sandy,Rabi,Sprinkler,5.7,7.6,72,69,74,2.01,35122,45948,65,25,7.14,31.91,20.84
Cotton,Red,Rabi,Drip,5.9,6.9,168,79,86,3.38,68884,57021,68,31,5.9,20.75,27.77
Rice,Sandy,Rabi,Sprinkler,5.8,7.0,128,50,59,5.27,52663,16634,74,33,6.98,31.59,17.17
Sugarcane,Clay,Rabi,Canal,6.4,6.8,222,138,116,40.7,89295,4131,88,57,5.87,28.2,15.71
Sugarcane,Red,Zaid,Rainfed,5.9,7.3,285,135,134,44.49,91093,3494,91,28,7.54,24.04,28.1
Wheat,Loamy,Zaid,Drip,6.2,7.0,98,44,61,4.97,37196,24124,90,37,6.87,21.81,26.33
Capsicum,Loamy,Zaid,Canal,6.5,7.7,189,102,92,24.42,89564,44397,60,40,6.6,21.9,19.95
Potato,Clay,Rabi,Sprinkler,6.2,7.7,247,119,98,29.76,67024,17279,74,21,8.28,28.9,26.14
Capsicum,Black,Kharif,Drip,6.1,6.9,195,95,139,26.4,92051,21972,66,45,8.28,26.78,24.64
Potato,Red,Rabi,Canal,6.1,7.7,260,104,119,18.59,54874,18074,60,22,6.5,26.46,26.33
Maize,Black,Rabi,Rainfed,5.5,7.8,123,82,76,6.09,45753,18265,78,36,8.06,34.98,25.49
Wheat,Loamy,Rabi,Rainfed,6.0,6.9,137,60,57,3.71,34189,24579,80,48,8.33,31.89,21.17
Soybean,Clay,Kharif,Drip,6.2,6.7,56,79,72,2.75,33954,37118,94,25,5.62,22.5,18.51
Capsicum,Black,Rabi,Rainfed,5.9,7.0,151,87,91,26.08,95305,41670,67,50,5.95,24.27,26.29
Soybean,Red,Kharif,Canal,5.6,7.6,79,63,68,2.43,44675,47309,93,60,8.25,27.39,19.11
Capsicum,Black,Kharif,Drip,6.3,7.1,168,131,100,20.21,72631,48211,94,42,5.11,25.38,28.95
Sugarcane,Loamy,Zaid,Drip,6.0,7.3,285,98,140,49.9,99891,3578,77,46,7.28,24.35,20.47
Tomato,Sandy,Rabi,Sprinkler,5.6,7.6,201,85,81,39.53,50259,16552,62,52,5.43,29.1,27.3
Wheat,Clay,Rabi,Canal,6.0,7.2,95,41,45,4.68,40120,22243,90,45,7.63,32.83,15.24
Rice,Loamy,Rabi,Rainfed,6.1,7.6,122,45,40,2.97,45157,22857,72,41,5.6,31.22,22.0
Wheat,Sandy,Rabi,Canal,5.9,7.5,137,49,61,2.95,49979,20836,80,22,5.91,30.32,29.26
Soybean,Loamy,Zaid,Canal,5.8,7.1,62,77,70,2.94,36270,53150,75,20,8.39,25.58,25.09
Soybean,Sandy,Rabi,Rainfed,6.4,7.2,90,87,54,2.4,31308,40293,84,42,7.42,33.57,15.99
Cotton,Loamy,Zaid,Rainfed,5.8,7.4,166,97,81,2.54,61668,53889,82,58,8.94,34.21,26.85
Wheat,Clay,Rabi,Sprinkler,6.1,6.6,104,46,67,3.93,34190,21642,88,42,6.37,34.58,29.32
Maize,Black,Kharif,Sprinkler,5.6,6.8,176,69,57,5.88,33083,14604,67,23,7.67,32.95,20.93
Groundnut,Clay,Kharif,Canal,5.9,6.6,68,75,69,2.33,45736,50953,67,53,5.43,33.71,26.54
Potato,Sandy,Rabi,Drip,5.6,7.0,222,124,88,26.88,52387,19694,78,32,6.27,24.19,26.55
Maize,Clay,Rabi,Sprinkler,5.9,6.7,170,87,69,3.43,37664,18328,79,26,6.77,27.54,29.51
Maize,Loamy,Kharif,Sprinkler,5.5,7.7,141,85,61,3.53,40669,18290,85,52,7.42,31.58,22.46
Tomato,Black,Rabi,Rainfed,5.7,7.4,227,120,116,32.39,81170,17859,86,22,5.52,33.08,27.21
Wheat,Sandy,Zaid,Rainfed,5.8,6.5,113,69,45,4.76,39267,18436,70,56,8.59,28.03,16.59
Cotton,Clay,Rabi,Canal,5.6,7.6,191,74,90,3.78,45323,58117,95,45,8.3,32.87,26.59
Potato,Sandy,Zaid,Rainfed,6.0,7.0,189,86,84,29.31,77319,16907,87,48,6.89,31.4,19.4
Capsicum,Loamy,Kharif,Rainfed,6.3,6.9,164,133,90,17.58,74459,22030,71,35,5.79,27.13,29.04
Sugarcane,Red,Kharif,Canal,5.5,6.5,212,105,90,50.42,94108,3043,95,30,8.1,27.87,15.1
Soybean,Black,Zaid,Rainfed,6.5,7.7,60,68,57,2.43,34713,44718,74,55,7.77,22.29,22.12
Capsicum,Loamy,Rabi,Sprinkler,6.5,6.9,202,120,122,16.62,96801,31878,88,30,5.31,21.39,29.94
Rice,Red,Rabi,Sprinkler,6.2,7.4,131,53,60,4.7,51444,23013,92,53,8.26,25.97,29.68
Potato,Red,Kharif,Drip,5.9,7.4,192,84,104,21.63,78490,19511,61,26,8.23,24.71,22.23
Maize,Clay,Kharif,Sprinkler,6.3,6.9,164,81,63,6.51,31117,16449,64,29,7.74,29.92,23.33
Groundnut,Black,Kharif,Canal,6.0,7.7,60,77,92,2.44,46088,57166,91,26,8.01,25.15,17.08
Maize,Loamy,Zaid,Canal,5.8,6.6,160,89,42,4.66,32796,17949,79,54,8.14,28.61,19.83
Sugarcane,Sandy,Zaid,Drip,6.3,6.8,241,96,131,30.39,87128,4147,88,26,8.35,32.73,28.81
Tomato,Clay,Zaid,Rainfed,6.2,7.7,193,95,78,29.56,76512,17325,65,47,6.49,24.94,25.11
Soybean,Red,Zaid,Sprinkler,6.0,7.4,57,97,54,2.95,27427,52909,71,22,8.79,22.21,20.06
Soybean,Red,Rabi,Drip,5.6,6.8,69,62,73,1.74,35776,53154,67,25,8.44,27.1,25.05
Soybean,Sandy,Zaid,Drip,5.7,7.3,85,61,67,2.97,36468,39656,62,26,8.81,25.46,23.1
Maize,Clay,Rabi,Drip,6.0,7.7,160,70,53,6.76,43178,20510,93,20,7.19,24.52,18.87
Sugarcane,Sandy,Rabi,Sprinkler,6.3,6.9,234,125,80,26.83,98643,3389,85,56,8.85,32.74,26.86
Sugarcane,Sandy,Rabi,Canal,5.8,7.0,295,90,130,32.42,81585,4198,68,41,8.8,22.63,28.2
Cotton,Black,Kharif,Rainfed,5.5,6.8,192,84,99,2.21,62024,53618,83,58,6.66,31.65,21.21
Wheat,Clay,Zaid,Rainfed,6.3,7.1,103,41,43,3.19,35564,24928,95,26,8.5,28.5,21.44
Rice,Clay,Kharif,Canal,5.5,7.7,120,72,61,4.47,42062,20469,63,31,8.69,32.05,19.19
Soybean,Clay,Zaid,Rainfed,5.9,7.5,76,78,68,2.47,28754,46808,91,24,6.27,27.55,18.01
Potato,Sandy,Rabi,Canal,6.4,7.2,236,131,81,17.56,79999,15385,94,59,8.97,24.49,21.1
Capsicum,Loamy,Zaid,Sprinkler,5.9,7.5,222,127,99,22.33,84311,48428,93,33,8.39,20.55,24.68
Wheat,Clay,Zaid,Rainfed,6.2,6.5,127,67,66,3.29,44237,24126,82,50,8.3,32.23,28.77
Potato,Black,Zaid,Rainfed,6.3,6.7,231,112,86,17.11,45506,16910,67,45,5.69,25.88,16.48
Sugarcane,Sandy,Rabi,Rainfed,5.9,6.5,287,82,104,58.89,79123,4103,91,28,8.59,27.46,21.95
Soybean,Black,Zaid,Canal,5.7,7.5,71,94,65,2.98,34968,54915,77,43,5.15,28.2,17.22
Wheat,Clay,Kharif,Drip,6.5,6.9,139,47,41,4.73,35958,25481,77,46,6.46,20.34,21.4
Cotton,Loamy,Rabi,Rainfed,5.7,7.0,156,96,84,2.89,54584,75579,84,23,7.31,29.69,22.36
Maize,Loamy,Zaid,Drip,6.1,7.2,163,77,57,4.49,42415,18580,75,44,5.15,22.12,19.68
Sugarcane,Clay,Zaid,Drip,6.1,7.0,225,80,132,38.38,76566,3690,69,21,8.04,33.1,20.92
Wheat,Red,Rabi,Rainfed,5.8,7.6,98,60,68,3.81,48852,21052,67,21,8.07,24.86,15.75
Wheat,Red,Rabi,Drip,5.9,6.8,111,57,50,4.25,30578,19024,68,47,6.36,30.14,18.32
Potato,Clay,Zaid,Rainfed,5.9,7.3,189,116,80,29.06,46587,14805,91,55,8.24,25.6,20.98
Rice,Black,Zaid,Sprinkler,6.5,7.7,134,49,45,3.14,57630,18172,69,26,8.25,24.96,28.82
Sugarcane,Sandy,Rabi,Canal,5.8,6.9,294,105,127,40.92,67645,3983,67,36,7.84,25.01,29.84
Wheat,Red,Kharif,Canal,6.3,6.7,97,54,42,2.73,32046,24882,91,59,6.59,23.83,23.04
Tomato,Loamy,Kharif,Rainfed,6.2,7.7,168,81,104,21.17,54715,16140,93,32,8.43,23.1,25.81
Groundnut,Black,Rabi,Sprinkler,6.2,7.8,54,94,90,1.87,34748,59429,61,29,7.25,22.68,20.92
Groundnut,Black,Rabi,Drip,6.3,7.0,61,93,97,1.48,35707,61564,68,22,7.54,22.98,21.47
Wheat,Sandy,Kharif,Drip,5.8,6.6,103,42,44,3.25,43671,20965,90,42,8.7,25.52,25.0
Cotton,Red,Kharif,Rainfed,5.8,7.1,161,68,79,3.36,62299,70986,94,21,6.4,21.21,21.55
Wheat,Loamy,Kharif,Sprinkler,6.0,6.6,95,49,59,4.39,44546,19820,76,31,8.75,23.68,25.12
Maize,Clay,Zaid,Canal,5.8,7.2,151,84,77,6.48,31998,17763,80,42,7.8,29.54,24.5
Rice,Loamy,Rabi,Drip,6.2,7.7,136,40,75,4.51,39279,17406,86,22,7.94,27.39,29.45
Rice,Black,Rabi,Rainfed,5.9,7.7,148,49,47,2.72,54052,19647,85,43,5.26,24.94,29.8
Maize,Sandy,Zaid,Sprinkler,5.6,7.3,171,89,79,5.43,35830,18044,73,20,6.81,28.24,23.22
Cotton,Loamy,Rabi,Canal,6.0,6.7,181,71,73,2.44,46154,70463,65,23,8.75,32.02,16.47
Cotton,Black,Rabi,Rainfed,6.0,7.7,176,79,70,3.98,54527,58256,71,46,7.16,25.52,24.61
Sugarcane,Black,Kharif,Canal,5.8,6.5,250,139,86,43.44,67029,3110,93,45,5.01,33.34,15.5
Capsicum,Red,Kharif,Drip,6.3,7.2,188,126,97,16.32,94900,44925,62,57,7.16,27.17,18.17
Tomato,Black,Zaid,Sprinkler,5.8,7.7,168,107,97,26.41,68964,15645,70,29,7.5,30.66,18.79
Tomato,Sandy,Rabi,Sprinkler,6.1,7.0,230,117,86,29.73,73343,15362,89,42,6.82,25.31,28.23
Potato,Red,Kharif,Rainfed,6.2,7.6,196,84,135,23.95,47925,14058,72,40,7.35,29.01,27.38
Cotton,Clay,Rabi,Rainfed,6.1,7.1,160,95,99,2.56,61501,62338,94,59,7.25,34.73,22.0
Maize,Loamy,Zaid,Drip,5.8,7.3,170,65,56,5.81,29894,17247,69,54,8.12,30.45,29.96
Tomato,Clay,Zaid,Canal,6.5,7.1,231,72,78,24.96,80504,16317,64,53,6.87,26.61,23.49
Rice,Black,Zaid,Drip,6.0,6.6,110,73,53,4.58,38182,23313,71,30,5.79,34.55,17.06
Wheat,Loamy,Zaid,Drip,6.4,6.6,110,56,67,4.74,39321,21309,92,60,7.91,23.84,21.82
Sugarcane,Black,Rabi,Sprinkler,6.1,7.1,276,111,81,59.61,84221,3609,89,31,6.74,27.31,16.8
Rice,Red,Rabi,Sprinkler,5.9,7.0,126,41,79,4.83,48258,20273,76,52,5.08,34.53,29.04
Soybean,Clay,Kharif,Rainfed,5.5,7.6,74,95,45,2.62,41440,47154,90,42,6.92,31.34,18.25
Sugarcane,Sandy,Kharif,Rainfed,5.8,7.8,289,136,128,38.85,68617,2865,84,49,6.15,25.3,28.26
Capsicum,Loamy,Rabi,Sprinkler,6.5,7.2,165,131,86,26.79,62401,24031,64,53,7.65,25.38,16.27
Cotton,Sandy,Rabi,Sprinkler,6.2,6.8,194,98,60,1.78,45811,54592,61,55,6.81,27.86,24.92
Wheat,Sandy,Zaid,Drip,5.7,7.2,133,61,44,2.59,41299,18215,72,32,7.82,25.45,18.68
Cotton,Black,Rabi,Rainfed,6.0,7.6,173,82,90,3.82,56564,77322,61,38,6.36,28.41,16.39
Maize,Clay,Rabi,Canal,6.4,7.3,178,61,51,4.75,39980,15731,80,55,7.78,30.56,24.12
Wheat,Clay,Zaid,Drip,6.0,7.4,114,65,44,3.76,41024,23847,63,33,8.04,30.32,16.75
Maize,Red,Rabi,Sprinkler,5.7,7.1,137,71,65,4.66,30045,17803,77,41,8.69,25.04,15.77
Potato,Red,Zaid,Rainfed,6.4,6.6,223,113,134,24.69,66144,12460,88,60,8.31,29.51,19.01
Groundnut,Sandy,Zaid,Sprinkler,6.2,7.1,60,83,83,1.71,45425,60116,93,31,7.11,21.45,17.36
Soybean,Red,Kharif,Canal,6.3,7.2,79,66,71,1.62,36947,54332,68,48,5.68,24.04,20.71
Capsicum,Black,Zaid,Rainfed,5.6,7.8,215,109,85,26.87,119932,35351,79,36,6.25,33.3,24.17
Cotton,Black,Zaid,Sprinkler,6.3,6.5,143,71,70,1.87,53964,68774,77,59,7.44,29.56,16.05
Rice,Clay,Kharif,Canal,6.4,7.8,138,57,65,5.73,53258,21913,69,23,5.5,29.59,16.34
Wheat,Clay,Zaid,Drip,6.4,6.8,135,46,63,3.66,37337,19591,81,24,7.97,23.41,21.64
Potato,Loamy,Kharif,Canal,5.9,7.5,235,139,124,29.28,66584,18446,89,45,8.05,29.12,29.35
Potato,Clay,Kharif,Canal,6.4,6.6,187,84,115,29.86,74270,12269,83,36,5.97,24.39,26.53
Cotton,Sandy,Kharif,Sprinkler,6.3,6.6,185,64,63,3.45,45730,79722,64,52,5.34,20.38,17.13
Cotton,Clay,Zaid,Canal,6.1,6.5,155,88,71,3.14,65690,68067,93,54,8.13,28.12,18.6
Cotton,Clay,Kharif,Sprinkler,5.5,6.8,165,88,96,2.24,52938,52445,88,42,7.62,32.65,23.92
Wheat,Sandy,Zaid,Sprinkler,5.9,7.0,115,56,66,4.31,37002,20254,76,21,8.68,29.38,20.73
Sugarcane,Black,Kharif,Drip,5.5,6.6,224,113,116,42.11,72547,3642,88,47,7.59,31.5,15.6
Soybean,Black,Kharif,Sprinkler,6.1,6.6,90,90,46,2.42,43092,48895,66,49,6.07,25.48,22.82
Groundnut,Clay,Rabi,Drip,5.9,6.7,58,83,95,1.51,43416,63077,72,41,6.14,26.09,19.79
Soybean,Loamy,Kharif,Canal,6.4,7.7,84,86,67,2.44,44471,47013,75,40,8.32,30.35,21.75
Sugarcane,Black,Zaid,Drip,6.3,6.7,266,80,109,29.35,92215,2947,74,38,8.64,29.23,18.37
Maize,Clay,Rabi,Rainfed,5.6,6.8,132,84,67,5.19,28403,21312,89,45,7.69,25.14,28.83
Sugarcane,Clay,Zaid,Drip,5.9,6.7,231,129,100,43.56,82320,4003,80,20,7.76,26.86,28.99
Tomato,Loamy,Rabi,Rainfed,6.1,7.6,236,114,100,35.12,53621,12440,93,36,7.06,24.39,19.25
Tomato,Black,Zaid,Drip,5.8,7.2,193,77,80,18.22,68898,16571,74,38,6.3,23.68,27.66
Tomato,Sandy,Kharif,Canal,6.0,7.4,190,72,77,34.46,78713,8186,83,41,6.04,29.77,26.42
Wheat,Black,Zaid,Drip,5.9,7.2,138,52,56,3.72,43793,23146,73,21,7.76,22.41,18.53
Capsicum,Loamy,Zaid,Sprinkler,6.4,6.6,207,116,113,25.38,67494,23266,73,48,8.4,21.89,16.8
Soybean,Sandy,Rabi,Drip,6.0,7.7,89,60,72,1.86,41860,36372,92,59,8.53,32.61,24.25
Wheat,Clay,Zaid,Drip,5.9,7.0,124,63,40,4.62,38837,19558,89,25,8.51,31.47,28.56
Sugarcane,Red,Zaid,Drip,6.2,7.1,278,110,109,47.55,97089,3439,68,30,6.01,32.0,16.42
Capsicum,Loamy,Rabi,Drip,6.5,7.1,201,123,123,13.37,77713,44940,76,23,6.49,27.1,17.25
Soybean,Clay,Kharif,Sprinkler,6.3,7.4,63,76,62,2.73,29969,39025,80,56,6.04,30.04,25.49
Soybean,Black,Zaid,Rainfed,5.5,7.1,70,94,55,2.74,25879,53711,70,42,7.67,24.83,27.41
Sugarcane,Clay,Zaid,Rainfed,6.4,6.6,274,109,108,46.6,89891,2865,60,53,8.19,20.86,20.18
Tomato,Black,Zaid,Canal,5.9,7.3,240,116,85,39.32,67273,12911,83,54,8.34,33.11,19.05
Rice,Black,Kharif,Sprinkler,6.2,6.8,125,70,55,3.11,41044,20644,79,24,6.38,20.09,15.24
Groundnut,Clay,Zaid,Canal,5.7,7.4,51,71,62,1.52,45243,50507,61,31,7.72,20.73,25.29
Soybean,Black,Rabi,Sprinkler,6.0,6.9,56,62,71,1.61,30906,37553,62,56,6.9,31.56,29.41
Wheat,Loamy,Rabi,Drip,5.8,7.4,135,43,62,3.72,41889,25888,87,27,5.48,32.09,21.51
Wheat,Loamy,Zaid,Rainfed,6.3,7.3,119,57,49,3.64,33573,19591,68,57,6.74,24.73,20.89
Tomato,Sandy,Kharif,Sprinkler,5.5,7.1,203,99,91,15.35,52876,13809,70,56,5.92,31.59,21.29
Tomato,Red,Kharif,Sprinkler,5.7,7.1,195,71,72,37.59,63507,12970,74,25,5.57,27.62,27.04
Maize,Loamy,Zaid,Canal,6.1,7.3,161,83,74,3.55,45627,21043,65,25,5.21,25.41,26.92
Cotton,Black,Kharif,Drip,5.9,7.2,160,97,95,1.53,68020,76219,70,44,8.69,21.62,24.18
Cotton,Loamy,Zaid,Sprinkler,6.0,6.9,150,73,60,2.71,69209,79660,83,51,7.08,26.13,27.26
Maize,Black,Kharif,Rainfed,6.4,6.6,137,58,56,5.7,31757,15894,78,53,6.55,22.06,26.5
Tomato,Clay,Kharif,Rainfed,5.5,7.3,193,110,93,27.42,74024,10093,64,43,6.63,24.78,24.56
Wheat,Red,Kharif,Sprinkler,5.6,6.7,101,58,66,4.53,40160,23213,66,60,7.9,23.75,23.68
Groundnut,Red,Zaid,Sprinkler,6.2,7.0,64,100,83,2.42,44472,51955,73,28,5.9,24.57,26.68
Capsicum,Red,Rabi,Drip,5.9,7.1,207,92,100,18.47,83035,30613,94,58,7.49,22.77,16.76
Rice,Sandy,Kharif,Drip,5.9,6.8,147,57,42,2.94,53827,17851,72,54,7.97,22.5,23.31
Sugarcane,Clay,Kharif,Canal,5.6,7.8,276,111,86,59.51,84201,3088,86,50,8.78,22.56,21.24
Sugarcane,Black,Rabi,Drip,6.4,6.9,289,111,100,44.64,76627,3946,79,24,6.56,33.92,24.3
Tomato,Red,Zaid,Sprinkler,5.6,7.7,207,88,116,20.4,51410,14667,94,51,6.81,26.84,16.07
Capsicum,Sandy,Kharif,Drip,5.5,6.9,207,139,115,23.61,95931,30495,71,58,5.37,20.44,22.17
Rice,Black,Rabi,Sprinkler,5.6,7.6,105,42,48,5.27,47728,19543,68,22,8.21,30.95,28.42
Capsicum,Sandy,Zaid,Drip,6.3,7.5,163,102,133,26.54,60874,46318,93,32,5.02,34.25,23.96
Cotton,Black,Zaid,Sprinkler,6.4,6.6,175,93,62,3.49,60946,55187,83,39,5.02,28.39,15.54
Wheat,Clay,Kharif,Sprinkler,5.9,7.1,95,51,54,3.4,49011,19986,69,56,6.73,29.65,20.2
Capsicum,Sandy,Rabi,Drip,6.0,6.8,165,105,114,21.31,100914,48268,73,54,7.94,29.63,16.92
Soybean,Sandy,Rabi,Rainfed,5.7,7.4,65,73,78,1.96,35799,48982,70,56,5.43,24.88,15.21
Wheat,Sandy,Rabi,Rainfed,5.6,7.5,113,54,50,4.63,40898,21738,60,29,5.74,29.36,21.37
Sugarcane,Loamy,Rabi,Sprinkler,6.2,7.6,252,135,128,45.49,76242,3961,86,60,6.06,20.16,16.96
Capsicum,Loamy,Kharif,Drip,5.9,7.7,153,84,116,15.38,77055,49415,66,47,8.46,20.18,27.55
Tomato,Black,Kharif,Canal,6.1,7.4,169,83,93,23.32,76406,17038,73,51,5.24,32.1,15.76
Soybean,Loamy,Kharif,Rainfed,6.2,7.2,83,78,52,2.44,30559,36149,71,43,5.77,30.18,17.37
Tomato,Sandy,Rabi,Canal,5.8,7.1,218,85,94,25.52,65925,8828,62,35,5.98,32.32,19.86
Maize,Sandy,Rabi,Drip,6.3,7.0,179,56,54,3.42,32548,20649,87,21,8.4,26.49,18.35
Capsicum,Black,Zaid,Sprinkler,5.6,7.6,158,137,89,12.72,84667,47496,85,23,7.97,20.52,23.33
Wheat,Black,Zaid,Drip,6.4,7.2,113,51,67,3.25,31877,22549,65,40,8.09,26.38,22.77
Maize,Clay,Rabi,Rainfed,6.5,6.8,154,73,45,3.98,35490,15425,88,45,8.31,33.74,18.06
Rice,Clay,Kharif,Rainfed,5.8,7.4,120,77,79,2.62,56017,17724,91,24,7.49,32.54,27.4
Cotton,Loamy,Zaid,Canal,6.4,6.9,182,79,86,2.95,54929,72489,78,37,7.65,29.49,23.03
Maize,Black,Zaid,Canal,6.2,7.7,128,66,75,4.42,47551,14465,85,53,6.04,30.32,20.07
Maize,Loamy,Kharif,Sprinkler,5.7,7.3,129,86,64,5.67,39536,21148,72,58,5.07,22.03,23.7
Maize,Loamy,Kharif,Drip,6.2,7.1,176,51,58,3.24,47702,19639,86,28,5.73,20.28,16.64
Wheat,Clay,Rabi,Drip,5.6,7.7,140,64,65,2.26,40679,21441,83,41,7.71,28.13,23.39
Rice,Sandy,Rabi,Rainfed,5.5,7.5,145,72,48,5.82,48917,16834,76,41,5.46,26.2,26.78
Soybean,Red,Kharif,Rainfed,6.0,7.7,58,100,40,1.71,25002,47952,75,22,5.49,24.8,24.39
Maize,Red,Zaid,Drip,6.4,6.9,158,66,40,3.92,32565,17727,63,29,5.08,29.1,21.07
Sugarcane,Black,Kharif,Drip,6.2,6.6,221,80,109,49.19,91748,4133,90,22,8.04,29.43,23.98
Potato,Sandy,Zaid,Sprinkler,5.7,6.7,202,125,99,24.51,49925,16929,70,31,5.45,25.78,17.93
Wheat,Black,Kharif,Sprinkler,6.0,7.1,101,64,48,2.18,36337,22843,93,36,8.29,21.84,19.0
Capsicum,Black,Rabi,Drip,6.0,7.5,227,137,111,28.55,80354,47582,70,50,5.41,31.75,22.24
Groundnut,Sandy,Zaid,Rainfed,5.6,6.8,43,100,100,2.56,46720,64081,76,34,8.06,32.17,25.81
Soybean,Clay,Kharif,Sprinkler,5.6,7.6,82,100,57,2.02,39518,36215,71,36,6.07,23.04,15.81
Soybean,Sandy,Kharif,Rainfed,5.9,7.7,57,100,43,1.94,37696,38636,71,46,7.38,26.02,25.25
Cotton,Black,Zaid,Sprinkler,5.9,6.8,197,79,90,3.69,63647,68208,82,39,6.45,33.96,18.38
Soybean,Clay,Rabi,Canal,6.4,7.0,62,64,41,1.59,43709,35565,87,20,6.94,21.89,21.65
Wheat,Clay,Zaid,Canal,5.9,6.6,139,42,49,2.68,47648,25282,71,49,5.9,29.97,20.23
Capsicum,Red,Rabi,Sprinkler,6.3,6.9,189,128,95,10.93,93321,29244,75,33,7.31,24.23,24.05
Wheat,Clay,Kharif,Canal,6.0,7.3,130,65,45,4.84,47643,21572,70,34,7.21,33.32,20.56
Groundnut,Sandy,Zaid,Rainfed,6.2,6.6,65,65,97,2.52,37803,51724,86,44,7.83,27.22,20.01
Sugarcane,Loamy,Rabi,Rainfed,5.5,6.7,253,135,103,27.98,85894,3974,80,42,5.78,32.06,19.0
Tomato,Red,Zaid,Rainfed,5.7,7.4,168,96,83,33.11,60269,14022,88,24,6.47,28.97,25.71
Capsicum,Clay,Zaid,Canal,6.5,6.6,212,139,114,14.7,80695,30623,74,43,6.51,33.35,16.65
Capsicum,Black,Zaid,Sprinkler,6.4,6.6,222,134,125,16.99,96804,45822,68,50,5.63,27.81,17.95
Capsicum,Black,Rabi,Canal,6.1,6.8,186,118,82,17.55,117174,22558,95,59,7.96,25.75,23.62
Tomato,Sandy,Zaid,Sprinkler,5.6,6.8,180,102,109,15.67,81587,11282,71,22,7.37,28.33,22.47
Groundnut,Sandy,Zaid,Sprinkler,6.3,6.6,44,64,68,2.3,34849,63974,65,22,8.24,21.73,16.9
Capsicum,Black,Kharif,Rainfed,6.1,6.8,160,122,117,21.87,73969,48428,61,36,5.84,20.29,21.6
Tomato,Black,Rabi,Canal,6.1,6.7,228,80,94,28.19,72011,13760,93,35,6.03,29.47,19.82
Wheat,Clay,Zaid,Rainfed,5.9,7.6,111,42,57,3.25,36253,22110,74,43,6.41,25.91,28.94
Cotton,Sandy,Zaid,Drip,5.9,7.4,191,87,78,3.44,68265,68091,79,45,6.29,25.68,27.92
Capsicum,Loamy,Rabi,Rainfed,5.9,6.5,208,114,97,15.27,83624,40544,75,40,8.38,27.9,21.61
Capsicum,Loamy,Rabi,Drip,5.8,7.6,216,115,108,28.91,61410,33238,77,54,7.37,28.21,19.23
Soybean,Clay,Rabi,Drip,5.5,7.6,64,94,59,2.75,34118,41027,82,42,8.53,28.55,20.34
Maize,Sandy,Kharif,Drip,6.1,7.6,162,50,51,4.1,47163,17796,95,47,7.71,24.9,23.68
Cotton,Loamy,Rabi,Rainfed,5.8,7.7,192,96,87,3.78,53296,53774,84,53,8.17,25.29,24.29
Sugarcane,Clay,Rabi,Canal,5.8,7.0,226,134,136,37.3,71897,3817,79,31,7.14,32.22,15.59
Groundnut,Clay,Kharif,Drip,5.7,7.3,55,94,82,2.03,31588,44109,85,23,6.22,33.52,18.12
Tomato,Red,Rabi,Rainfed,5.9,7.7,239,102,93,32.03,65599,12172,95,43,8.17,27.42,26.52
Capsicum,Loamy,Rabi,Sprinkler,6.3,6.6,196,104,123,13.69,70889,40247,87,26,7.94,33.46,26.54
Capsicum,Loamy,Kharif,Rainfed,5.7,7.5,152,102,103,26.3,86825,32401,69,33,8.64,26.25,18.57
Rice,Loamy,Zaid,Sprinkler,6.3,7.8,139,73,48,4.47,36865,18069,89,25,7.26,30.4,19.36
Cotton,Red,Kharif,Sprinkler,5.8,7.3,155,81,75,1.74,50748,53246,88,49,8.38,26.28,18.45
Soybean,Red,Kharif,Drip,6.0,7.3,76,83,51,2.48,34685,45227,74,54,5.81,33.95,16.57
Cotton,Sandy,Zaid,Canal,6.5,7.6,197,99,63,2.18,53730,60825,95,35,7.13,33.85,15.67
Rice,Black,Zaid,Drip,5.6,7.1,141,66,71,4.99,54524,22724,75,38,8.7,22.39,17.88
Tomato,Loamy,Rabi,Rainfed,6.5,7.4,169,101,95,21.42,89768,10675,61,23,6.62,24.12,24.73
Potato,Clay,Kharif,Rainfed,5.9,7.3,191,88,93,20.94,52921,17433,72,46,5.93,32.64,17.38
Cotton,Black,Zaid,Drip,5.6,6.5,150,69,94,2.89,69913,60669,72,58,5.75,28.88,19.87
Sugarcane,Loamy,Kharif,Sprinkler,6.3,6.6,283,102,134,30.5,65513,3287,65,27,7.42,28.76,16.51
Sugarcane,Black,Zaid,Rainfed,5.9,6.6,263,101,123,55.11,91893,2941,82,37,5.67,21.97,25.83
Potato,Black,Rabi,Rainfed,5.9,7.1,247,98,129,23.7,78582,13490,94,31,6.02,33.55,19.92
Potato,Red,Zaid,Drip,5.8,7.8,189,138,130,21.46,66449,13142,91,53,6.69,25.92,15.67
Rice,Sandy,Zaid,Drip,6.4,7.1,106,47,62,3.68,50171,20927,87,37,6.37,29.64,23.87
Potato,Red,Zaid,Canal,6.3,6.8,231,103,95,18.36,58983,18432,60,42,7.09,22.11,29.13
Cotton,Red,Zaid,Drip,5.6,7.6,170,66,76,2.87,68026,74862,88,24,8.36,25.26,18.31
Groundnut,Clay,Rabi,Drip,6.4,6.6,65,94,92,2.91,39640,54775,86,53,6.63,22.64,17.42
Cotton,Red,Rabi,Sprinkler,5.7,7.2,169,91,80,2.8,49296,54963,85,50,7.84,27.42,19.47
Maize,Black,Rabi,Canal,6.0,6.7,166,78,72,5.42,30854,15566,91,53,7.84,32.01,20.67
Tomato,Sandy,Kharif,Drip,5.8,7.5,194,80,89,32.89,56769,9180,69,40,7.95,29.22,27.4
Soybean,Sandy,Zaid,Canal,6.1,6.9,81,63,66,1.98,35377,38183,72,56,5.9,28.44,18.52
Capsicum,Loamy,Kharif,Canal,5.7,7.0,210,117,93,24.35,83632,40424,77,23,5.32,29.91,18.27
Potato,Loamy,Rabi,Sprinkler,5.8,6.7,219,136,134,14.63,63798,13286,88,32,7.27,26.04,16.42
Potato,Red,Zaid,Drip,6.0,7.1,193,91,104,27.25,68679,18800,61,60,5.51,34.46,26.97
Soybean,Loamy,Kharif,Rainfed,6.2,6.6,52,82,75,2.31,26063,51469,68,20,8.09,31.95,28.21
Capsicum,Black,Rabi,Drip,5.8,7.7,198,103,100,20.83,70597,37459,75,48,8.31,23.33,23.25
Sugarcane,Clay,Zaid,Rainfed,5.9,6.7,293,82,93,34.91,80757,3520,61,55,8.58,30.45,27.25
Rice,Clay,Kharif,Sprinkler,6.4,6.7,101,65,65,5.99,46173,17227,66,31,8.72,20.02,29.48
Groundnut,Loamy,Kharif,Canal,5.7,6.9,40,92,64,1.42,39060,51444,75,50,7.3,29.6,17.52
Rice,Black,Zaid,Canal,5.9,7.6,150,80,59,4.83,39782,22946,66,49,7.72,31.85,29.56
Sugarcane,Red,Zaid,Sprinkler,6.2,7.4,273,137,128,56.13,76495,3884,63,31,8.54,32.02,25.28
Soybean,Red,Kharif,Sprinkler,5.7,6.5,80,87,74,2.2,32076,53531,85,43,8.36,30.53,26.11
Groundnut,Black,Rabi,Canal,6.0,6.8,69,65,96,1.71,43621,55016,67,53,7.89,20.36,27.29
Groundnut,Black,Rabi,Drip,6.2,6.7,72,65,94,1.39,38674,45054,61,60,7.57,22.37,21.97
Maize,Red,Zaid,Drip,6.1,7.2,126,67,49,4.94,36443,16169,73,31,8.97,33.3,19.98
Capsicum,Black,Kharif,Sprinkler,5.6,7.5,164,122,135,26.2,119961,21747,91,45,8.68,23.38,21.5
Sugarcane,Red,Zaid,Sprinkler,5.7,7.6,204,107,121,28.39,84711,2935,88,27,8.51,34.79,27.84
Capsicum,Clay,Zaid,Rainfed,5.8,6.8,182,80,120,20.26,111440,35156,90,58,6.07,27.5,21.23
Groundnut,Black,Zaid,Sprinkler,5.9,6.9,60,85,80,2.46,34876,50903,93,38,8.88,25.66,23.04
Sugarcane,Loamy,Kharif,Sprinkler,5.9,6.7,284,126,124,32.4,97036,2831,75,38,8.05,32.08,24.4
Groundnut,Clay,Rabi,Drip,5.6,7.8,58,71,62,1.93,40090,45934,79,24,5.83,23.77,19.93
Soybean,Loamy,Zaid,Canal,5.5,6.7,77,64,73,2.13,41050,45363,89,39,7.15,26.06,17.06
Rice,Clay,Zaid,Canal,5.5,7.6,117,47,46,3.17,50837,18059,78,36,6.45,34.35,17.05
Soybean,Red,Kharif,Rainfed,6.2,6.9,83,71,51,1.92,36354,43613,77,45,7.79,30.64,28.93
Sugarcane,Loamy,Rabi,Drip,6.2,7.6,215,107,107,59.19,65561,3696,87,27,6.19,29.27,17.82
Soybean,Sandy,Zaid,Canal,5.9,7.5,84,89,49,2.96,32659,52750,81,21,5.49,32.17,29.17
Sugarcane,Loamy,Kharif,Sprinkler,5.8,7.0,210,93,95,54.17,97547,2918,71,37,5.52,21.47,20.01
Groundnut,Loamy,Kharif,Sprinkler,6.4,6.7,78,63,96,1.36,34873,62980,88,39,6.23,26.83,29.6
Potato,Sandy,Kharif,Rainfed,5.9,6.9,230,124,119,18.06,63489,12554,82,49,5.09,24.37,27.61
Capsicum,Clay,Kharif,Canal,6.5,7.6,210,139,91,17.18,78010,31491,92,48,6.31,23.7,19.55
Cotton,Sandy,Rabi,Rainfed,5.8,7.5,154,62,70,1.61,50493,66737,84,59,8.57,23.81,17.31
Potato,Black,Rabi,Canal,6.1,6.6,249,111,114,26.42,61140,13477,94,54,7.94,20.19,28.52
Wheat,Loamy,Kharif,Sprinkler,6.2,7.0,117,46,52,2.81,46483,24689,82,31,6.74,32.1,26.58
Sugarcane,Clay,Rabi,Drip,6.4,6.5,266,99,82,35.99,71113,3964,84,38,8.1,22.19,27.08
Groundnut,Sandy,Kharif,Sprinkler,5.7,7.5,42,82,97,1.73,34244,63774,88,58,5.22,32.51,22.95
Cotton,Clay,Rabi,Rainfed,6.4,6.9,144,93,82,2.5,55216,60223,73,31,7.79,30.87,27.02
Capsicum,Loamy,Zaid,Canal,5.7,6.8,208,85,117,16.41,66241,33727,84,52,7.06,28.85,25.02
Sugarcane,Sandy,Zaid,Canal,5.5,6.7,222,92,98,50.14,64601,3684,77,35,6.54,30.72,15.21
Groundnut,Black,Zaid,Drip,5.6,7.7,56,68,98,2.35,30177,47012,90,50,5.31,34.6,19.9
Capsicum,Red,Rabi,Sprinkler,6.3,7.2,231,95,122,23.2,112051,25253,60,55,7.74,25.76,21.16
Capsicum,Loamy,Rabi,Drip,5.7,7.2,176,129,111,11.67,96672,45838,75,32,6.28,26.91,15.98
Soybean,Red,Rabi,Drip,6.0,7.7,80,97,72,2.11,32739,37880,89,43,7.71,25.51,27.09
Groundnut,Sandy,Kharif,Sprinkler,6.0,7.7,80,73,60,1.32,45466,42678,87,34,6.59,23.69,21.78
Soybean,Loamy,Kharif,Drip,5.7,7.6,79,88,68,2.65,37946,42926,67,38,6.16,22.6,16.19
Tomato,Loamy,Zaid,Rainfed,5.7,7.5,219,100,90,37.41,65569,10688,79,24,7.4,32.99,23.97
Capsicum,Clay,Zaid,Drip,6.3,7.1,154,85,80,27.78,101917,41049,95,26,5.79,34.01,28.34
Soybean,Black,Rabi,Sprinkler,5.7,7.6,68,81,45,1.84,35871,37558,61,60,5.32,20.05,24.93
Wheat,Loamy,Kharif,Canal,5.7,7.6,107,42,64,3.12,48766,24206,86,56,5.14,25.3,28.18
Tomato,Loamy,Zaid,Canal,6.1,7.8,193,113,97,30.27,82077,8330,69,58,5.49,32.04,27.72
Soybean,Sandy,Kharif,Rainfed,5.8,7.2,82,82,44,1.93,44560,44331,69,39,7.12,29.92,24.56
Capsicum,Black,Zaid,Sprinkler,5.7,7.6,158,119,109,27.47,108469,34419,82,54,6.88,31.96,15.92
Sugarcane,Loamy,Zaid,Sprinkler,6.1,7.6,300,103,107,31.57,68699,3761,76,29,7.99,31.12,21.78
Tomato,Black,Rabi,Sprinkler,6.3,6.8,217,98,118,35.8,67989,12246,90,53,6.32,24.57,21.68
Potato,Sandy,Kharif,Canal,5.7,6.9,221,111,100,20.71,58891,14993,92,29,6.82,30.11,16.46
Capsicum,Sandy,Kharif,Rainfed,6.5,7.4,172,83,135,21.5,108287,44483,63,25,7.0,21.67,23.4
Soybean,Black,Kharif,Rainfed,5.9,7.1,58,61,51,3.0,41442,51654,82,27,7.72,33.26,15.09
Potato,Clay,Kharif,Rainfed,5.7,6.5,188,85,84,21.17,72813,13402,84,26,6.48,30.79,18.32
Capsicum,Sandy,Kharif,Rainfed,5.9,7.0,150,105,106,12.21,69384,40787,94,26,8.36,27.17,25.47
Tomato,Red,Zaid,Sprinkler,5.5,7.3,181,102,101,15.91,87193,14843,85,40,6.93,28.56,18.38
Rice,Black,Kharif,Drip,5.7,7.2,104,68,67,4.54,41646,16392,88,27,7.42,29.97,24.2
Sugarcane,Black,Kharif,Drip,6.2,7.1,228,133,85,52.37,96955,4155,76,35,6.98,22.59,20.11
Maize,Black,Zaid,Canal,5.6,7.1,154,54,49,3.19,45938,15899,78,52,7.38,28.47,27.06
Maize,Clay,Zaid,Sprinkler,6.3,7.3,177,66,42,6.68,42725,18814,62,49,6.29,28.66,26.07
Maize,Red,Kharif,Canal,6.4,7.1,137,57,78,4.0,42410,15695,64,50,5.83,25.96,17.55
Capsicum,Black,Kharif,Drip,6.4,6.6,214,89,102,18.74,90773,40406,69,40,6.51,31.52,22.16
Rice,Red,Kharif,Drip,5.8,7.1,123,70,64,5.8,56603,23788,89,47,7.36,24.78,17.59
Capsicum,Black,Zaid,Canal,5.9,7.4,228,82,83,23.1,71713,35943,65,32,6.08,22.77,20.9
Groundnut,Clay,Kharif,Canal,6.5,7.0,70,85,66,2.82,48346,52859,94,23,5.61,31.24,15.39
Cotton,Black,Rabi,Sprinkler,6.2,6.7,173,67,76,3.33,56158,51246,69,56,5.17,20.62,20.26
Potato,Red,Zaid,Rainfed,5.8,7.6,206,137,123,26.88,57586,18733,64,24,6.72,28.96,22.08
Soybean,Clay,Zaid,Sprinkler,5.6,7.6,54,72,51,1.82,39842,50333,67,28,8.83,25.16,17.42
Cotton,Black,Zaid,Rainfed,5.9,7.4,187,90,88,1.98,62990,62838,90,41,7.79,26.38,27.25
Potato,Loamy,Rabi,Canal,6.1,6.8,192,138,140,19.78,66260,14965,65,55,5.07,29.35,23.7
Potato,Loamy,Rabi,Sprinkler,6.0,7.1,188,88,99,17.37,45641,19377,92,24,5.14,23.54,16.92
Tomato,Sandy,Kharif,Drip,6.1,7.4,189,105,77,37.53,55909,11933,69,40,7.0,32.83,19.41
Rice,Loamy,Zaid,Drip,5.6,6.6,122,44,43,5.51,42260,19542,74,24,8.14,32.31,18.04
Soybean,Clay,Rabi,Sprinkler,6.2,7.1,50,81,66,1.99,42885,40770,81,31,7.19,24.59,25.39
Groundnut,Sandy,Rabi,Canal,6.0,7.2,57,79,86,2.1,41557,61721,89,50,5.06,30.13,25.82
Sugarcane,Clay,Rabi,Sprinkler,5.6,7.8,230,101,97,37.66,77671,4015,83,57,7.08,26.82,15.13
Rice,Black,Zaid,Canal,5.5,6.5,146,40,69,3.57,36194,21577,88,31,6.84,27.43,17.16
Wheat,Red,Kharif,Rainfed,5.8,7.6,90,70,63,4.71,48147,20907,86,58,7.65,26.81,28.44
Capsicum,Sandy,Kharif,Drip,6.4,6.7,232,134,128,19.37,115929,36792,66,42,6.2,26.04,27.29
Cotton,Clay,Zaid,Rainfed,6.5,7.5,171,97,99,1.88,57232,66572,64,40,7.17,27.26,23.24
Groundnut,Loamy,Zaid,Rainfed,6.1,6.6,47,69,78,2.52,37093,43070,83,59,7.09,26.39,29.74
Sugarcane,Clay,Kharif,Drip,6.3,7.7,265,117,132,59.33,94909,3513,79,21,7.85,23.96,27.98
Soybean,Black,Zaid,Drip,5.6,7.5,50,86,48,2.92,38736,35520,92,54,5.13,22.26,24.92
Groundnut,Black,Zaid,Rainfed,6.1,7.5,71,70,86,1.61,35024,45091,74,36,5.52,33.06,16.36
Wheat,Loamy,Rabi,Rainfed,5.5,7.1,92,69,44,4.52,44956,19394,91,51,7.26,21.71,20.92
Wheat,Black,Zaid,Rainfed,5.9,7.6,119,69,49,4.02,34080,19077,81,45,8.25,34.67,24.8
Cotton,Clay,Zaid,Drip,5.5,7.2,168,71,84,3.33,56398,68865,88,29,8.72,33.02,20.34
Groundnut,Clay,Kharif,Rainfed,6.1,6.8,53,79,82,2.14,37564,64178,79,27,5.45,33.41,29.91
Sugarcane,Clay,Kharif,Canal,6.0,6.5,223,97,131,40.09,82541,4080,86,32,6.11,24.95,28.27
Potato,Loamy,Zaid,Sprinkler,5.8,7.2,201,112,97,20.35,78612,17777,68,49,8.65,31.97,24.55
Sugarcane,Loamy,Kharif,Drip,5.9,7.4,261,101,133,33.22,95160,3607,66,40,6.19,33.04,25.53
Sugarcane,Red,Rabi,Rainfed,5.7,6.6,294,133,83,40.28,74363,4098,88,27,7.84,24.02,28.24
Soybean,Loamy,Zaid,Canal,5.7,7.6,84,74,77,1.77,33881,36155,95,41,5.28,28.35,22.77
Maize,Red,Rabi,Canal,5.9,7.2,127,88,57,4.87,37675,21990,62,41,7.79,28.87,26.81
Cotton,Loamy,Kharif,Drip,6.0,6.8,191,71,62,2.81,63356,77180,64,54,5.69,34.64,22.84
Groundnut,Loamy,Rabi,Sprinkler,5.6,7.4,44,97,77,1.35,32400,40209,78,28,8.49,23.6,26.28
Sugarcane,Black,Kharif,Rainfed,5.9,6.6,235,132,126,58.51,96093,3190,70,32,7.77,34.17,16.41
Rice,Clay,Rabi,Sprinkler,6.4,7.5,114,77,70,4.89,41075,20415,62,42,6.17,22.49,29.88
Capsicum,Sandy,Kharif,Drip,5.6,6.8,186,129,91,25.28,67749,40476,93,43,8.79,24.53,25.14
Cotton,Black,Zaid,Rainfed,5.9,7.2,158,88,86,2.34,45614,61889,76,38,5.16,23.75,15.99
Capsicum,Black,Rabi,Sprinkler,6.1,6.6,198,124,95,27.29,119548,48768,73,45,7.84,21.93,18.76
Wheat,Sandy,Rabi,Drip,6.0,7.2,92,65,66,4.98,36798,24481,75,57,8.33,21.2,24.16
Maize,Clay,Kharif,Sprinkler,6.3,6.7,127,87,65,6.29,42985,14927,82,30,7.1,23.14,20.92
Rice,Black,Zaid,Drip,6.2,6.9,109,41,40,3.98,57391,18553,68,58,5.27,25.09,23.92
Maize,Sandy,Rabi,Sprinkler,6.5,7.3,142,87,59,3.45,38770,18511,81,30,5.96,32.93,16.7
Wheat,Red,Rabi,Rainfed,5.6,7.1,98,55,58,3.47,42205,22310,86,33,5.34,27.73,23.83
Capsicum,Loamy,Zaid,Canal,5.8,6.5,185,100,81,24.56,80766,24903,76,27,5.64,20.21,15.21
Sugarcane,Loamy,Rabi,Canal,6.3,7.2,249,93,114,58.05,75498,3740,69,48,5.64,29.78,19.27
Cotton,Clay,Rabi,Drip,6.3,7.3,156,77,95,2.31,49044,54538,93,20,8.33,26.15,26.05
Sugarcane,Sandy,Kharif,Rainfed,5.6,6.9,275,137,139,49.33,90609,4096,81,47,7.77,25.8,20.84
Potato,Loamy,Kharif,Rainfed,5.9,6.6,243,116,91,20.2,69068,16462,80,41,5.71,27.79,20.98
Sugarcane,Black,Rabi,Drip,6.2,7.2,255,93,116,52.74,78231,3688,71,57,6.0,25.24,22.46
Cotton,Red,Kharif,Rainfed,5.8,7.1,191,100,93,1.98,46566,55146,86,57,6.59,20.89,26.92
Capsicum,Sandy,Rabi,Sprinkler,5.8,7.2,174,86,138,27.06,96495,21436,64,22,6.45,24.25,26.2
Soybean,Sandy,Zaid,Drip,6.3,7.1,69,99,61,1.61,30818,49514,83,54,5.14,33.25,27.19
Groundnut,Loamy,Rabi,Sprinkler,5.6,7.6,75,90,64,2.88,31266,61753,75,55,5.72,20.91,25.5
Capsicum,Black,Rabi,Drip,5.6,7.7,160,117,94,18.92,119239,35493,69,51,5.2,21.63,25.27
Tomato,Clay,Rabi,Canal,6.5,6.6,185,117,73,15.08,60085,15127,79,52,7.87,22.78,18.55
Tomato,Red,Kharif,Canal,5.9,7.5,234,73,70,30.85,62139,9405,93,30,8.46,31.06,15.83
Maize,Loamy,Zaid,Canal,5.8,7.0,177,57,60,6.73,42504,18543,65,40,5.96,25.69,20.95
Rice,Clay,Rabi,Canal,6.3,7.0,133,50,56,2.53,46194,16697,67,21,8.5,20.02,18.25
Potato,Loamy,Zaid,Drip,6.2,6.5,220,116,112,21.71,59017,16282,69,44,8.25,23.22,17.44
Potato,Sandy,Rabi,Drip,6.2,6.6,209,105,84,19.25,73128,15450,60,59,8.46,32.42,19.77
Rice,Red,Zaid,Canal,6.1,7.5,104,57,52,5.86,59787,22600,65,38,8.5,27.38,28.82
Groundnut,Black,Rabi,Canal,6.3,6.8,70,86,89,2.67,34281,61316,88,28,8.33,22.01,29.0
Rice,Loamy,Zaid,Rainfed,6.1,7.4,118,51,63,5.13,47987,22508,66,45,6.8,34.33,16.66
Wheat,Black,Kharif,Sprinkler,5.9,7.2,99,54,50,2.47,39973,22868,85,21,6.3,21.06,29.81
Soybean,Loamy,Kharif,Canal,5.9,7.3,64,83,53,1.6,26435,42654,61,39,7.26,24.56,26.66
Capsicum,Loamy,Rabi,Canal,6.3,7.1,204,116,129,16.91,60912,22481,79,40,6.85,20.35,26.3
Rice,Loamy,Kharif,Sprinkler,6.2,6.5,125,78,74,4.99,35024,19992,81,58,8.09,30.5,19.65
Soybean,Black,Rabi,Rainfed,5.8,6.5,71,80,40,2.19,44190,48593,60,44,6.55,33.12,26.19
Tomato,Sandy,Rabi,Sprinkler,6.0,7.1,195,96,79,15.49,71866,16539,66,60,6.75,28.55,20.6
Groundnut,Sandy,Rabi,Canal,6.3,7.0,69,60,83,1.45,44849,58466,68,53,7.29,31.51,23.09
Maize,Clay,Rabi,Rainfed,6.1,6.7,135,67,72,4.6,42250,14622,61,31,5.23,34.39,29.28
Cotton,Clay,Kharif,Rainfed,6.4,7.4,142,99,66,3.92,53559,51799,60,41,6.6,21.95,29.83
Maize,Black,Rabi,Rainfed,6.1,7.2,149,54,59,5.0,33025,20970,77,21,6.17,23.06,23.88
Capsicum,Clay,Zaid,Canal,6.2,7.6,173,93,106,26.23,95735,20768,80,28,6.27,33.29,20.02
Soybean,Red,Rabi,Rainfed,6.2,6.9,77,60,78,1.74,38158,53010,91,37,7.77,30.07,25.72
Tomato,Loamy,Zaid,Drip,5.5,7.7,169,76,103,34.89,51604,11031,81,20,6.86,29.11,16.64
Capsicum,Clay,Zaid,Sprinkler,6.1,7.7,164,93,106,15.96,71801,32141,81,58,5.14,25.91,25.24
Cotton,Sandy,Zaid,Sprinkler,6.2,7.5,176,99,64,3.74,55322,60156,91,31,5.98,31.99,17.14
Soybean,Loamy,Rabi,Drip,5.8,6.8,89,91,48,2.52,31497,47661,90,22,5.97,25.16,20.32
Cotton,Loamy,Zaid,Sprinkler,5.7,7.1,157,89,88,2.84,58542,53496,60,42,7.6,27.23,22.73
Cotton,Sandy,Kharif,Drip,5.8,7.6,152,72,97,2.62,60265,74394,72,54,6.92,30.65,15.64
Soybean,Sandy,Zaid,Canal,6.0,6.5,54,65,58,2.43,32831,44432,92,58,5.4,22.7,29.55
Sugarcane,Red,Kharif,Drip,6.2,7.1,249,123,137,39.95,99061,3046,68,59,8.34,23.12,23.35
Soybean,Clay,Zaid,Rainfed,5.9,7.5,89,72,43,1.77,28640,54934,88,51,7.57,33.11,18.08
Capsicum,Sandy,Zaid,Rainfed,5.6,7.7,154,124,91,24.72,108793,39819,78,43,7.05,26.9,27.15
Groundnut,Sandy,Rabi,Canal,6.3,6.6,62,84,72,2.61,46723,46381,93,32,8.45,21.12,21.82
Capsicum,Loamy,Rabi,Sprinkler,6.5,7.3,229,133,125,15.94,102429,24698,61,24,6.71,22.71,25.07
Tomato,Black,Zaid,Canal,5.8,7.5,218,98,103,22.86,69201,17299,67,39,8.42,25.22,23.88
Groundnut,Loamy,Kharif,Canal,5.9,7.2,47,65,68,1.43,36272,63749,83,47,7.57,31.57,20.21
Sugarcane,Loamy,Kharif,Sprinkler,6.3,7.7,258,93,108,59.47,98482,3320,82,35,7.48,22.88,17.96
Sugarcane,Red,Kharif,Drip,5.6,7.3,200,95,100,45.79,95845,2942,91,48,8.45,30.92,15.69
Groundnut,Clay,Kharif,Rainfed,5.8,7.8,72,74,96,2.93,39596,41211,65,50,8.46,28.11,23.53
Cotton,Sandy,Rabi,Canal,5.6,7.5,174,99,77,1.61,61017,66500,82,60,6.02,33.96,21.06
Tomato,Sandy,Kharif,Sprinkler,5.6,7.1,205,101,108,38.73,84059,14946,69,24,8.87,29.18,16.51
Potato,Red,Kharif,Rainfed,6.2,7.3,206,126,87,28.42,73977,18539,65,52,7.04,20.81,29.66
Capsicum,Sandy,Kharif,Rainfed,5.6,7.3,168,108,101,13.26,69927,34026,61,30,6.84,32.53,18.47
Capsicum,Sandy,Rabi,Sprinkler,6.3,6.7,228,106,130,27.47,85902,21234,63,29,7.08,23.56,16.66
Capsicum,Red,Kharif,Rainfed,6.1,7.0,184,92,121,11.58,72191,41377,92,42,8.52,25.41,28.5
Maize,Sandy,Zaid,Canal,6.3,6.9,126,81,68,3.72,39069,14715,95,25,5.05,27.23,15.35
Maize,Red,Kharif,Canal,5.6,6.6,147,73,51,3.49,30303,17903,64,50,5.5,33.06,16.13
Capsicum,Sandy,Kharif,Canal,5.5,6.7,168,116,90,27.61,83130,40435,68,43,6.59,32.01,15.83
Maize,Red,Zaid,Rainfed,5.5,7.2,179,57,51,6.77,34376,18182,74,31,8.98,32.14,23.03
Tomato,Black,Kharif,Drip,5.6,6.5,211,88,117,25.2,67295,16711,92,34,6.94,32.77,19.94
Sugarcane,Black,Zaid,Canal,5.7,7.7,223,122,135,30.45,61050,3547,71,41,5.38,22.26,25.34
Capsicum,Loamy,Zaid,Canal,6.3,6.9,178,102,89,27.16,95339,31115,72,53,7.02,31.13,23.05
Potato,Loamy,Zaid,Canal,6.1,6.9,257,115,139,25.91,48477,14714,73,45,5.03,21.6,18.33
Sugarcane,Clay,Kharif,Drip,5.8,7.2,280,139,135,58.85,60010,2881,66,53,8.92,23.1,22.59
Potato,Black,Rabi,Drip,6.3,6.9,260,88,84,23.11,46726,12598,62,50,8.45,25.06,21.53
Potato,Loamy,Rabi,Rainfed,6.4,6.8,190,116,127,22.51,66385,12014,68,23,7.82,25.34,21.47
Soybean,Black,Kharif,Drip,6.1,6.6,84,80,40,1.85,29253,39401,89,59,6.83,20.35,16.6
Capsicum,Red,Rabi,Rainfed,5.7,6.5,218,96,132,25.88,110186,38501,75,52,8.97,31.89,22.48
Sugarcane,Sandy,Rabi,Sprinkler,6.2,7.1,271,130,95,49.68,79643,4060,76,24,5.73,23.87,27.41
Sugarcane,Black,Kharif,Rainfed,6.2,6.8,231,126,105,41.11,94705,3439,84,25,6.74,29.22,23.87
Tomato,Loamy,Kharif,Rainfed,5.6,7.0,214,108,85,29.97,88225,10030,71,45,8.17,30.68,22.05
Soybean,Sandy,Rabi,Drip,6.2,7.3,85,73,71,2.74,31732,35386,81,46,7.26,25.79,29.03
Soybean,Sandy,Rabi,Rainfed,5.8,7.6,63,84,77,2.98,30582,46552,84,28,6.94,34.28,24.76
Sugarcane,Sandy,Kharif,Sprinkler,6.4,7.0,225,132,99,37.53,98593,2966,67,47,6.4,20.56,15.67
Potato,Loamy,Zaid,Canal,5.6,6.6,242,102,91,21.93,62339,16365,77,41,7.18,23.51,22.37
Wheat,Black,Kharif,Canal,6.5,7.7,140,42,50,4.72,31192,20246,72,48,6.52,28.13,21.72
Maize,Red,Rabi,Drip,6.0,7.1,151,89,52,4.86,39441,17946,74,58,7.48,22.76,19.55
Cotton,Sandy,Zaid,Sprinkler,5.6,7.1,148,62,61,3.54,56381,72412,72,46,5.15,32.14,25.06
Rice,Sandy,Kharif,Canal,5.6,7.5,104,62,50,4.44,54355,18588,82,58,7.48,27.84,21.1
Wheat,Black,Rabi,Rainfed,6.3,6.7,115,67,64,2.22,46108,20565,89,43,5.66,34.82,22.45
Maize,Red,Rabi,Rainfed,6.2,6.8,132,53,72,6.81,40292,15801,89,54,7.69,30.57,22.13
Potato,Loamy,Zaid,Sprinkler,5.9,7.5,197,133,98,28.9,69832,17233,65,28,8.15,22.72,18.26
Rice,Clay,Zaid,Drip,5.9,7.8,115,73,47,3.85,42530,17081,64,22,7.7,20.05,21.05
Maize,Sandy,Zaid,Sprinkler,6.1,7.2,163,56,73,3.4,36264,19169,86,48,6.17,34.12,22.87
Cotton,Red,Rabi,Drip,6.1,7.4,141,97,73,3.18,58230,66461,71,22,7.73,29.93,27.43
Capsicum,Sandy,Kharif,Drip,6.1,7.6,164,133,94,22.13,99926,32451,62,37,5.03,33.16,26.71
Maize,Red,Kharif,Drip,5.8,7.7,176,62,52,3.08,39372,17894,93,56,6.77,20.73,17.56
Groundnut,Black,Rabi,Drip,6.3,6.8,44,79,86,1.28,31274,59335,61,20,5.72,28.67,29.47
Rice,Loamy,Kharif,Canal,5.9,7.2,101,67,50,2.52,43113,16460,79,46,7.99,20.35,18.66
Cotton,Sandy,Rabi,Rainfed,5.5,7.2,194,89,61,3.01,58743,73322,78,27,8.54,27.1,15.91
Groundnut,Clay,Kharif,Canal,5.7,6.8,79,95,66,2.28,36816,53089,70,40,5.79,20.55,17.24
Soybean,Clay,Zaid,Rainfed,5.5,7.4,74,72,49,1.95,28534,48013,81,20,6.28,30.04,15.65
Cotton,Loamy,Kharif,Canal,6.2,6.8,176,61,77,2.89,56356,69846,68,51,7.74,28.46,21.1
Sugarcane,Black,Zaid,Drip,6.2,7.7,258,140,111,54.66,61865,3178,69,57,8.57,21.33,23.72
Rice,Black,Zaid,Canal,5.9,7.7,107,62,62,4.83,44670,18808,95,25,7.98,32.83,24.43
Soybean,Clay,Rabi,Canal,6.2,7.2,73,68,64,2.02,38828,47518,64,51,8.8,26.35,22.41
Tomato,Loamy,Kharif,Drip,6.3,6.8,220,111,87,38.68,59883,16496,77,42,7.26,20.27,27.89
Capsicum,Black,Rabi,Sprinkler,5.8,6.8,228,81,110,26.6,104905,26943,84,58,7.44,28.66,29.77
Capsicum,Loamy,Kharif,Drip,6.3,7.3,154,117,128,20.6,119351,29043,75,33,7.51,32.84,29.53
Potato,Loamy,Kharif,Canal,6.3,7.0,242,109,104,27.85,64599,16804,84,27,7.22,26.2,16.52
Cotton,Clay,Zaid,Drip,6.2,6.7,177,80,65,3.39,68239,61632,62,50,6.43,20.74,23.89
Sugarcane,Sandy,Rabi,Sprinkler,6.1,6.9,253,80,112,29.6,77390,3163,94,56,8.41,33.39,23.58
Capsicum,Black,Kharif,Sprinkler,5.8,7.5,239,130,86,23.72,67302,29369,74,55,8.25,34.59,25.25
Maize,Clay,Rabi,Drip,6.2,7.0,129,64,40,3.01,39322,14520,64,50,6.02,28.48,19.12
Groundnut,Loamy,Kharif,Drip,5.7,7.4,40,96,68,2.22,36621,56670,68,22,8.54,29.2,17.09
Sugarcane,Red,Kharif,Canal,6.2,6.8,257,120,111,30.87,65760,4143,75,49,7.15,33.79,26.9
Tomato,Sandy,Kharif,Rainfed,6.3,6.5,173,77,76,17.45,85002,8303,87,33,6.49,33.99,25.24
Sugarcane,Loamy,Zaid,Sprinkler,5.7,7.1,220,90,81,55.54,72194,3340,69,57,7.61,30.69,25.14
Rice,Red,Kharif,Canal,5.7,6.8,128,62,44,5.37,44699,21897,69,40,8.78,23.06,23.89
Maize,Clay,Kharif,Drip,5.6,7.4,120,75,45,4.58,33817,14875,75,41,6.98,21.27,18.47
Sugarcane,Red,Rabi,Drip,6.3,7.2,248,124,140,40.77,77212,3510,77,21,8.7,27.53,21.37
Tomato,Clay,Zaid,Rainfed,6.2,7.5,218,100,99,36.79,53630,11787,82,31,7.34,34.66,26.75
Groundnut,Clay,Zaid,Rainfed,5.7,7.7,63,89,74,2.1,43684,56523,88,59,5.27,29.45,29.27
Tomato,Clay,Rabi,Rainfed,6.0,6.7,173,95,86,25.51,77624,16796,61,27,5.82,21.76,18.68
Tomato,Black,Kharif,Drip,5.6,7.6,217,84,75,31.39,85925,15931,94,28,8.52,34.46,17.78
Wheat,Clay,Zaid,Sprinkler,5.7,6.8,134,64,51,3.21,44139,19231,68,24,7.63,31.08,23.32
Groundnut,Loamy,Kharif,Canal,6.5,6.7,59,86,77,2.5,42613,41408,85,46,6.12,30.91,16.0
Rice,Red,Zaid,Sprinkler,6.3,6.7,147,61,76,2.59,57779,17746,87,21,7.19,34.55,22.41
Groundnut,Loamy,Rabi,Sprinkler,6.5,6.9,52,70,92,2.53,46323,56085,93,37,5.47,20.33,23.65
Maize,Red,Rabi,Drip,5.9,6.7,170,90,65,5.14,28166,17114,93,29,7.07,23.85,24.54
Rice,Black,Zaid,Sprinkler,6.1,7.5,147,59,66,4.15,47689,21441,61,22,6.75,20.45,22.12
Potato,Loamy,Rabi,Drip,6.5,7.1,221,133,122,16.23,75568,13387,82,33,8.55,23.53,15.92
Groundnut,Clay,Kharif,Drip,5.8,7.8,54,81,69,2.7,45577,45898,84,51,6.19,25.33,28.41
Cotton,Red,Rabi,Canal,6.1,6.9,182,90,99,2.98,48909,56022,78,44,8.3,29.63,24.87
Rice,Red,Rabi,Sprinkler,6.5,6.8,132,60,51,4.05,59098,21902,83,41,8.01,27.6,15.64
Wheat,Clay,Zaid,Canal,6.3,7.7,123,52,66,3.4,42234,25158,87,21,7.8,25.14,25.14
Tomato,Clay,Zaid,Canal,6.3,7.3,199,113,85,33.4,73634,17903,69,38,7.85,21.99,29.61
Cotton,Loamy,Rabi,Canal,6.5,6.8,199,91,74,3.17,62843,65306,94,41,8.55,31.51,20.1
Groundnut,Red,Kharif,Rainfed,6.0,6.8,54,64,81,2.6,42551,47308,82,50,8.07,33.28,19.79
Sugarcane,Loamy,Rabi,Drip,5.9,7.7,215,101,94,58.72,75633,2826,64,35,7.02,32.34,19.24
Cotton,Loamy,Zaid,Sprinkler,5.7,7.0,184,90,62,4.0,60819,64526,87,38,7.19,33.56,20.36
Cotton,Clay,Zaid,Canal,5.5,6.8,192,70,65,2.08,62495,74826,79,26,5.55,28.95,27.03
Capsicum,Red,Kharif,Canal,5.6,7.4,216,127,94,12.53,81325,48719,62,29,6.05,28.85,19.63
Rice,Clay,Rabi,Sprinkler,5.9,7.2,121,78,43,3.5,58970,21919,84,20,7.4,20.13,19.37
Soybean,Loamy,Kharif,Rainfed,5.8,6.6,65,63,65,2.81,30295,52695,65,22,8.91,30.71,19.94
Rice,Red,Rabi,Canal,6.3,7.0,129,43,57,3.3,47425,20981,88,29,7.44,34.94,25.95
Potato,Red,Kharif,Canal,5.7,6.7,211,99,85,15.56,54293,16203,77,21,5.77,34.36,29.34
Soybean,Loamy,Rabi,Rainfed,5.6,7.6,90,81,69,1.71,39744,51027,93,54,7.08,23.96,21.48
Potato,Loamy,Zaid,Canal,5.8,7.0,247,106,96,20.1,74722,17783,68,32,6.58,24.06,29.99
Wheat,Sandy,Kharif,Drip,6.3,7.2,123,46,66,2.12,30278,21214,76,33,8.39,24.26,27.18
Maize,Red,Zaid,Sprinkler,6.3,6.6,166,68,72,6.93,43264,15484,87,33,7.53,21.01,23.54
Cotton,Red,Zaid,Canal,6.1,7.8,164,75,78,2.3,60924,68897,93,42,7.59,26.31,18.13
Cotton,Clay,Kharif,Sprinkler,6.4,6.7,171,74,83,3.43,60553,71782,84,46,7.44,24.33,16.15
Sugarcane,Black,Rabi,Drip,5.6,6.9,279,111,139,31.45,68299,3365,66,55,5.04,32.34,23.03
Maize,Black,Kharif,Sprinkler,6.1,6.8,178,88,74,6.4,32685,19934,78,29,6.02,22.23,21.83
Tomato,Loamy,Kharif,Drip,6.0,7.5,162,79,113,36.64,81299,13629,64,52,7.57,29.5,28.9
Rice,Red,Zaid,Drip,5.7,6.8,132,57,66,5.36,43047,17156,93,24,8.96,22.92,23.42
Tomato,Clay,Kharif,Canal,6.4,7.3,166,108,98,31.94,62598,15271,92,37,7.62,29.79,24.96
Rice,Black,Kharif,Sprinkler,5.8,7.0,113,60,78,3.31,50928,19302,91,20,7.47,31.37,29.18
Tomato,Clay,Zaid,Drip,6.0,6.9,206,86,110,35.85,86543,12334,85,37,8.43,30.66,18.06
Soybean,Red,Zaid,Drip,6.2,7.3,68,75,63,1.88,41007,44422,82,22,6.47,33.67,17.53
Tomato,Loamy,Kharif,Canal,6.0,7.0,175,105,76,16.05,64572,11375,61,27,8.8,22.37,22.19
Wheat,Sandy,Kharif,Sprinkler,5.7,7.2,95,40,63,3.98,31871,20051,77,36,8.64,30.05,28.97
Groundnut,Black,Kharif,Canal,6.5,6.5,59,65,85,1.75,34517,51019,91,35,6.41,24.61,29.93
Tomato,Sandy,Zaid,Canal,6.2,7.2,161,105,119,20.16,84186,9758,88,43,6.76,29.98,19.18
Cotton,Clay,Kharif,Sprinkler,6.2,7.2,174,84,94,3.97,59451,69324,88,39,8.99,25.66,20.32
Tomato,Red,Zaid,Canal,6.1,7.1,228,77,80,31.35,82619,12498,86,24,8.34,25.52,28.58
Soybean,Clay,Zaid,Sprinkler,6.5,7.1,64,72,74,2.35,41986,48327,75,26,8.71,28.58,17.53
Cotton,Clay,Rabi,Rainfed,6.0,7.8,176,77,66,3.86,65484,51747,68,49,6.96,24.78,22.22
Groundnut,Black,Zaid,Canal,6.3,6.8,63,81,60,2.56,31371,48069,60,29,5.9,25.87,20.72
Rice,Loamy,Kharif,Canal,6.1,7.3,149,64,47,5.18,45805,19475,82,46,5.22,22.91,17.73
Sugarcane,Sandy,Rabi,Rainfed,6.2,7.7,238,129,99,38.97,70854,3719,80,59,6.35,31.6,23.63
Cotton,Red,Kharif,Sprinkler,6.2,7.2,169,88,63,3.87,55351,72295,75,37,8.46,26.25,23.68
Sugarcane,Sandy,Rabi,Rainfed,6.5,6.8,286,139,111,46.09,68292,3795,79,41,6.65,34.54,25.96
Capsicum,Loamy,Rabi,Drip,5.9,6.6,216,91,121,15.48,65486,23759,75,42,5.5,23.48,26.04
Soybean,Sandy,Rabi,Canal,5.6,7.4,83,79,44,2.69,29403,48032,87,30,8.38,34.95,27.57
Sugarcane,Sandy,Rabi,Sprinkler,6.1,7.4,232,118,83,36.94,99392,2830,69,41,6.96,31.0,27.51
Maize,Red,Rabi,Canal,6.2,7.1,164,68,57,6.56,39233,14258,63,40,6.36,32.08,27.91
Tomato,Red,Rabi,Drip,5.9,7.1,231,119,89,31.25,74753,14803,67,54,5.41,22.0,24.12
Tomato,Loamy,Kharif,Drip,6.1,7.7,234,115,98,26.05,61580,16097,92,44,7.32,23.85,18.06
Soybean,Red,Rabi,Canal,5.5,7.4,53,77,47,2.81,41193,40731,64,52,6.94,20.9,27.23
Sugarcane,Loamy,Kharif,Drip,6.2,7.8,276,97,135,36.36,90256,3519,68,27,7.71,33.01,29.72
Cotton,Red,Kharif,Sprinkler,5.9,7.1,190,87,95,2.42,50720,58711,68,41,8.37,34.92,18.37
Rice,Clay,Kharif,Rainfed,5.6,7.5,109,73,74,5.66,38114,16794,92,33,7.35,31.27,24.41
Sugarcane,Loamy,Zaid,Rainfed,6.4,6.6,235,132,104,51.48,64396,4095,91,60,8.7,31.93,19.12
Potato,Loamy,Zaid,Canal,5.6,7.2,226,111,93,20.2,52689,18913,71,20,5.63,25.31,23.23
Potato,Black,Rabi,Canal,6.1,6.9,239,107,114,22.68,71597,17252,82,48,6.78,22.31,15.37
Potato,Loamy,Zaid,Rainfed,6.5,7.8,235,132,99,23.9,45286,12657,78,47,5.41,22.05,26.85
Soybean,Black,Zaid,Canal,5.8,6.8,50,97,68,2.04,41140,43493,94,48,5.58,21.43,26.16
Capsicum,Clay,Rabi,Rainfed,6.0,7.7,196,90,108,22.66,91396,28353,93,43,5.58,29.88,22.62
Wheat,Black,Rabi,Drip,5.6,7.2,92,44,67,3.85,47521,25070,88,32,5.92,28.83,20.08
Maize,Loamy,Kharif,Sprinkler,6.1,7.3,137,86,56,3.32,41306,18045,84,25,8.71,25.61,15.18
Tomato,Red,Kharif,Canal,6.1,7.8,162,96,82,29.31,78730,10266,62,59,7.23,30.72,20.52
Tomato,Sandy,Kharif,Drip,5.6,7.2,211,71,100,28.07,50787,14362,95,49,7.36,25.87,22.38
Capsicum,Black,Rabi,Sprinkler,5.6,7.5,169,109,116,20.56,69598,42836,77,24,6.63,32.2,26.85
Potato,Loamy,Kharif,Drip,6.4,6.8,237,128,99,21.07,60258,13297,88,58,5.92,23.82,24.56
Tomato,Clay,Zaid,Drip,5.5,7.0,160,79,99,28.55,67637,16211,86,37,6.89,23.53,22.89
Groundnut,Red,Rabi,Canal,5.7,7.2,41,81,69,1.86,42347,57778,85,49,6.34,23.18,18.1
Capsicum,Sandy,Zaid,Canal,6.1,7.0,224,126,137,26.95,81548,45069,93,28,6.97,21.58,25.82
Potato,Clay,Kharif,Sprinkler,5.5,7.1,257,134,101,26.32,53999,15293,80,20,8.95,32.2,23.96
Capsicum,Loamy,Kharif,Drip,6.1,7.5,201,108,124,22.94,61567,34529,95,54,6.12,22.89,22.41
Sugarcane,Black,Rabi,Canal,5.7,7.0,207,88,140,33.56,68951,3444,71,41,7.78,23.2,24.16
Tomato,Sandy,Rabi,Sprinkler,5.7,7.4,165,119,108,33.82,70588,15481,79,23,5.95,25.75,18.98
Groundnut,Red,Kharif,Rainfed,5.7,7.6,42,62,68,2.71,44092,63252,68,57,6.75,30.42,25.87
Soybean,Sandy,Rabi,Drip,6.0,7.1,85,78,70,2.02,26587,41806,73,20,8.33,32.77,22.79
Rice,Loamy,Rabi,Drip,6.1,6.7,141,52,47,3.05,38667,16111,62,32,5.44,29.31,21.03
Maize,Sandy,Rabi,Rainfed,6.2,7.0,142,84,65,6.21,38980,14029,80,44,5.74,31.0,26.99
Cotton,Loamy,Kharif,Rainfed,6.1,7.0,147,94,63,2.63,56818,51688,62,34,5.21,31.04,19.27
Groundnut,Clay,Kharif,Drip,5.5,7.8,72,97,95,1.86,36636,51434,77,58,8.55,33.43,27.22
Capsicum,Clay,Zaid,Canal,6.3,7.6,169,101,82,29.29,109475,32627,73,60,8.54,21.75,25.47
Sugarcane,Loamy,Rabi,Canal,6.0,7.7,239,130,94,59.44,97370,3444,69,24,7.18,22.75,18.28
Sugarcane,Clay,Rabi,Rainfed,5.7,7.7,293,88,105,47.74,70024,3864,89,46,6.55,20.96,28.75
Rice,Loamy,Zaid,Rainfed,6.1,6.6,112,64,63,4.13,55892,22681,95,52,6.05,32.82,18.34
Tomato,Red,Zaid,Drip,6.4,7.4,179,73,104,38.22,60937,17833,88,42,8.8,32.19,26.95
Tomato,Red,Rabi,Sprinkler,6.4,6.6,188,79,115,15.56,86571,15155,95,26,6.71,26.45,27.13
Wheat,Sandy,Rabi,Drip,6.4,6.7,90,59,46,4.6,45266,23932,83,44,8.76,26.74,24.37
Rice,Red,Kharif,Drip,6.1,7.0,101,56,70,2.9,49706,23682,88,44,6.1,21.32,18.23
Soybean,Loamy,Zaid,Drip,5.9,7.3,51,63,63,2.53,42056,39785,64,37,7.04,20.59,29.31
Cotton,Black,Zaid,Drip,5.7,7.7,170,60,97,2.93,51677,69614,87,44,8.1,23.94,24.04
Groundnut,Loamy,Rabi,Drip,6.2,6.7,80,66,87,2.43,49325,45917,79,21,6.44,33.53,28.94
Tomato,Red,Rabi,Drip,6.1,7.3,198,85,117,34.22,74839,11888,83,51,6.08,29.4,29.95
Capsicum,Red,Rabi,Rainfed,6.3,7.4,197,100,102,28.54,110263,47273,94,30,8.91,26.16,18.82
Rice,Sandy,Zaid,Sprinkler,6.1,7.3,139,59,70,4.47,42455,16021,70,27,6.4,25.35,19.55
Maize,Red,Kharif,Drip,6.3,6.9,180,71,69,5.27,29020,15594,68,49,5.12,28.12,26.0
Potato,Red,Kharif,Drip,5.9,6.7,208,113,138,24.74,76225,14994,86,47,6.05,29.43,24.89
Soybean,Red,Rabi,Drip,6.2,6.6,70,74,73,2.57,34261,37070,60,45,5.68,28.45,17.63
Soybean,Black,Kharif,Rainfed,6.2,7.4,87,77,40,2.11,43377,51515,79,55,8.76,34.34,28.15
Cotton,Clay,Zaid,Canal,6.2,6.7,166,86,77,2.9,54303,68089,72,20,8.43,29.95,28.14
Sugarcane,Red,Kharif,Sprinkler,5.5,6.9,255,96,117,35.86,79187,3595,75,29,7.0,28.06,28.52
Tomato,Clay,Zaid,Sprinkler,5.7,6.8,171,72,105,38.36,71742,14768,69,22,7.97,32.02,21.45
Capsicum,Red,Kharif,Canal,5.5,7.6,224,80,121,28.53,85722,23045,64,54,5.67,30.24,25.1
Maize,Clay,Rabi,Drip,6.2,6.5,125,79,59,5.26,40442,21486,78,60,8.97,27.93,17.23
Wheat,Black,Kharif,Drip,6.0,7.3,96,51,55,3.63,44576,19372,70,55,7.6,30.97,15.72
Capsicum,Red,Zaid,Rainfed,5.6,7.1,192,133,125,28.46,78004,49750,83,60,6.84,31.02,17.89
Capsicum,Loamy,Rabi,Sprinkler,6.4,7.3,177,105,87,10.58,102698,40467,70,47,5.89,34.14,19.32
Soybean,Loamy,Kharif,Rainfed,5.7,7.0,75,85,41,1.75,29940,52068,94,39,6.37,27.05,25.22
Soybean,Sandy,Kharif,Rainfed,6.1,7.1,75,80,65,1.68,40502,35304,71,48,5.28,20.03,28.48
Rice,Black,Rabi,Drip,6.0,7.3,112,55,69,3.79,57760,20697,60,46,5.27,30.7,19.86
Cotton,Black,Rabi,Rainfed,6.3,7.1,196,99,94,3.27,65924,51045,79,45,5.59,21.94,17.09
Maize,Clay,Kharif,Drip,6.0,7.5,122,70,46,3.17,47282,14368,63,45,8.13,22.33,18.96
Tomato,Red,Rabi,Drip,5.8,7.7,182,93,84,38.33,88293,12384,93,32,5.64,22.32,18.67
Groundnut,Clay,Kharif,Sprinkler,5.6,7.0,57,76,94,2.25,32095,52487,91,24,5.88,34.55,28.9
Potato,Red,Zaid,Canal,6.1,7.0,253,90,88,25.98,62072,12952,78,46,7.58,31.75,29.17
Capsicum,Black,Rabi,Canal,5.9,6.9,188,107,81,17.34,95881,21372,64,42,5.91,25.52,28.28
Rice,Red,Rabi,Canal,5.6,7.1,116,61,75,3.6,48585,23649,86,55,7.78,21.76,28.88
Capsicum,Clay,Rabi,Sprinkler,6.4,6.9,225,99,140,26.47,71560,30917,93,33,5.77,27.95,26.65
Rice,Sandy,Zaid,Rainfed,6.5,7.2,104,49,47,2.57,59243,17797,62,60,5.06,31.35,26.81
Potato,Clay,Zaid,Canal,6.4,6.6,192,130,80,15.25,76317,14085,87,35,7.67,29.74,19.26
Cotton,Clay,Rabi,Sprinkler,6.1,7.8,178,65,71,2.24,52189,77529,93,57,6.08,25.78,29.26
Sugarcane,Sandy,Kharif,Canal,6.1,6.6,297,116,98,58.28,90769,2920,83,45,8.67,30.28,21.41
Tomato,Black,Rabi,Canal,5.6,7.3,226,93,83,29.15,65255,16758,79,23,6.28,29.14,19.04
Tomato,Clay,Rabi,Canal,5.8,6.6,208,83,76,17.27,79127,8108,60,20,7.79,30.28,17.42
Rice,Clay,Rabi,Sprinkler,6.0,7.2,118,44,47,2.82,38650,22340,74,21,6.39,24.29,29.84
Rice,Black,Zaid,Drip,6.2,6.7,104,41,53,3.49,44177,18905,68,21,6.36,30.4,18.42
Rice,Black,Zaid,Rainfed,6.4,7.2,121,68,45,5.34,35232,23938,82,28,6.59,29.97,25.58
Groundnut,Black,Kharif,Drip,5.9,6.5,63,67,79,2.89,41063,43623,74,60,6.68,23.32,26.22
Potato,Sandy,Zaid,Rainfed,6.3,7.2,200,123,100,21.12,68030,17297,68,47,7.71,30.95,21.03
Wheat,Sandy,Zaid,Drip,6.0,7.6,125,45,60,4.13,42447,18699,93,28,5.56,21.91,25.58
Capsicum,Loamy,Kharif,Canal,6.0,6.6,188,130,111,23.06,85798,23354,91,45,8.46,26.7,23.3
Rice,Sandy,Zaid,Sprinkler,6.2,6.7,105,57,79,3.74,45955,22937,90,48,5.96,30.11,19.3
Maize,Black,Zaid,Rainfed,5.9,7.5,172,55,65,5.97,30623,18107,93,31,6.94,30.86,28.2
Capsicum,Red,Zaid,Canal,5.6,6.7,170,118,129,22.24,81421,23883,61,46,5.21,30.55,28.02
Sugarcane,Clay,Kharif,Rainfed,6.1,7.8,299,124,130,37.43,88869,2990,84,21,6.6,25.43,22.7
Potato,Red,Kharif,Rainfed,5.9,6.7,192,109,118,18.01,77327,19085,71,51,8.04,24.61,19.82
Tomato,Sandy,Kharif,Canal,6.5,7.8,168,93,81,25.92,76810,8262,62,44,7.53,22.77,26.28
Sugarcane,Sandy,Kharif,Sprinkler,5.9,7.6,219,87,133,43.37,85846,3223,82,24,6.1,32.99,15.89
Sugarcane,Loamy,Zaid,Canal,6.1,7.6,280,120,131,40.18,91741,3396,89,26,5.28,31.12,25.2
Tomato,Red,Rabi,Rainfed,5.6,7.6,228,86,98,32.75,53554,15156,91,34,5.05,25.67,19.02
Tomato,Black,Rabi,Canal,5.8,6.5,192,85,92,24.69,68879,16583,86,38,6.59,34.97,16.99
Groundnut,Loamy,Zaid,Rainfed,5.6,7.6,75,96,97,2.4,31886,54774,72,46,8.93,22.36,19.51
Groundnut,Red,Zaid,Rainfed,6.0,7.5,56,90,60,1.78,47817,45492,79,52,5.88,34.7,26.55
Potato,Loamy,Kharif,Drip,6.4,6.7,203,139,135,28.86,46236,14143,95,26,5.61,21.35,29.34
Capsicum,Sandy,Rabi,Rainfed,5.9,6.8,214,102,109,16.94,80092,46042,68,49,6.64,32.47,27.27
Potato,Black,Kharif,Canal,5.6,7.5,217,108,90,12.91,61432,13480,84,32,7.98,21.07,25.57
Soybean,Sandy,Rabi,Drip,6.4,7.7,88,71,56,2.77,36076,37461,72,32,6.59,22.2,28.11
Rice,Red,Zaid,Sprinkler,5.8,7.5,126,73,65,3.33,58043,20290,81,25,6.92,30.31,15.56
Rice,Sandy,Zaid,Sprinkler,6.1,6.9,138,65,67,2.92,35129,23689,78,43,8.0,22.92,17.19
Wheat,Red,Rabi,Rainfed,5.7,6.6,106,62,47,3.25,40214,23116,91,26,6.18,21.97,18.34
Wheat,Black,Kharif,Sprinkler,6.4,7.5,98,51,65,4.19,31975,25571,68,21,6.42,27.23,16.93
Tomato,Sandy,Kharif,Sprinkler,6.1,7.6,215,106,101,16.55,85471,11437,68,52,6.26,29.63,20.8
Cotton,Sandy,Zaid,Drip,6.1,6.6,167,60,70,2.86,49931,60063,94,28,8.12,25.57,27.13
Tomato,Loamy,Rabi,Drip,5.7,7.1,178,80,98,23.43,74985,17969,91,36,6.32,26.4,25.24
Potato,Red,Kharif,Rainfed,5.5,7.4,242,125,138,16.19,49415,19255,78,20,6.87,34.72,24.9
Groundnut,Black,Rabi,Rainfed,5.5,7.4,46,79,67,2.59,45357,57732,78,44,8.19,30.91,26.86
Groundnut,Black,Zaid,Rainfed,6.3,7.0,74,80,93,2.98,37552,52334,61,28,7.19,33.55,20.36
Capsicum,Clay,Zaid,Sprinkler,6.1,7.0,157,120,131,15.41,90628,39069,65,24,6.79,24.48,15.21
Capsicum,Black,Kharif,Canal,5.7,7.7,210,113,132,23.93,95891,42823,93,55,7.27,21.46,28.25
Capsicum,Sandy,Kharif,Drip,6.0,6.8,167,118,87,21.66,80335,20937,85,60,6.62,27.22,17.93
Wheat,Clay,Rabi,Rainfed,6.4,7.1,135,50,52,3.79,30154,25298,63,38,5.55,25.66,19.38
Tomato,Black,Zaid,Drip,5.9,7.1,191,92,79,22.27,87112,9270,66,22,8.64,28.06,20.46
Capsicum,Black,Kharif,Rainfed,6.0,7.3,235,134,135,29.83,73140,24918,86,43,6.6,22.34,28.5
Sugarcane,Clay,Zaid,Rainfed,6.3,6.7,239,84,96,48.53,76730,2917,84,33,5.13,22.05,25.64
Tomato,Red,Kharif,Canal,5.6,7.7,168,93,86,25.06,67517,8984,79,39,6.49,27.79,24.73
Cotton,Black,Zaid,Drip,6.2,7.5,162,67,78,3.6,59368,65724,88,39,7.02,22.73,24.18
Soybean,Loamy,Zaid,Rainfed,5.8,7.4,74,60,79,2.19,37813,40967,79,23,8.21,29.43,20.79
Wheat,Sandy,Rabi,Canal,5.6,7.2,128,52,55,2.41,37660,21016,71,47,6.8,31.21,22.29
Cotton,Red,Zaid,Rainfed,5.9,7.2,182,65,70,3.03,68783,73425,72,32,8.88,34.71,22.93
Tomato,Loamy,Zaid,Canal,6.0,6.9,199,94,80,29.91,84813,15844,89,37,5.56,34.07,24.43
Wheat,Black,Zaid,Sprinkler,5.9,6.7,99,62,43,4.31,44557,25579,79,23,6.47,30.07,16.29
Wheat,Red,Kharif,Sprinkler,6.2,7.2,109,57,63,2.15,43209,21649,92,46,7.9,33.16,15.88
Tomato,Loamy,Zaid,Sprinkler,6.5,7.3,186,93,90,36.9,86399,12410,83,44,5.16,24.81,15.92
Tomato,Black,Rabi,Sprinkler,6.1,7.1,233,100,77,31.73,68031,14198,80,28,7.73,32.35,24.19
Sugarcane,Clay,Kharif,Drip,5.6,7.6,232,114,101,46.35,68845,2869,67,31,7.07,23.14,26.55
Groundnut,Red,Zaid,Rainfed,5.6,7.0,49,84,79,2.98,48978,55362,88,29,8.6,31.4,23.44
Wheat,Red,Rabi,Drip,5.8,7.4,117,49,58,3.96,34449,22655,93,22,7.05,32.19,29.28
Cotton,Sandy,Rabi,Drip,6.4,7.8,154,84,64,3.59,60573,58179,81,58,7.51,30.82,22.5
Capsicum,Clay,Kharif,Drip,5.6,6.6,198,92,130,29.32,114852,39959,74,23,6.46,30.28,20.61
Maize,Clay,Kharif,Canal,6.4,6.5,144,88,74,4.51,28980,15557,63,55,6.27,33.57,24.79
Soybean,Loamy,Rabi,Drip,5.5,7.0,89,86,56,1.63,27089,37339,76,44,6.47,26.18,27.77
Tomato,Red,Zaid,Sprinkler,5.9,7.5,209,116,89,36.85,78936,14682,95,41,6.81,20.52,21.19
Tomato,Black,Kharif,Canal,6.2,7.8,189,93,88,36.5,82743,11855,68,34,6.19,27.49,20.37
Capsicum,Red,Rabi,Drip,5.6,7.3,239,99,127,13.78,74273,23798,63,46,8.42,29.09,19.41
Cotton,Loamy,Zaid,Drip,6.0,6.6,170,71,96,2.64,61811,68741,80,49,5.27,22.02,22.74
Groundnut,Black,Zaid,Drip,6.0,7.6,55,61,83,2.42,32281,52117,75,54,7.58,25.03,15.27
Rice,Red,Kharif,Drip,6.2,7.2,106,78,49,5.38,59040,22571,86,37,8.5,28.16,18.97
Wheat,Black,Rabi,Sprinkler,5.7,7.8,138,64,52,4.65,32958,25362,63,42,7.92,29.11,22.83
Maize,Black,Zaid,Drip,6.3,6.7,125,79,60,3.26,42373,17167,67,29,7.94,33.39,21.87
Rice,Red,Zaid,Canal,6.4,7.8,136,56,72,3.22,40727,23434,92,25,7.34,22.87,24.9
Tomato,Loamy,Kharif,Rainfed,6.0,6.8,221,106,97,16.66,50551,17542,66,26,8.98,24.19,18.45
Wheat,Clay,Zaid,Sprinkler,6.5,6.5,116,47,55,4.76,35451,25430,75,42,7.81,22.65,16.61
Soybean,Clay,Zaid,Rainfed,6.2,7.8,68,72,63,1.71,27797,52619,64,33,7.45,25.7,20.37
Maize,Red,Rabi,Rainfed,6.0,6.8,163,54,79,6.38,43522,15099,64,25,6.79,29.79,27.87
Sugarcane,Black,Kharif,Drip,6.0,7.2,214,121,134,30.41,70427,3452,89,54,8.61,29.06,29.24
Tomato,Red,Kharif,Sprinkler,6.0,6.5,204,106,120,22.34,72866,16896,69,49,5.86,28.57,21.68
Rice,Red,Rabi,Rainfed,6.2,7.2,116,74,57,5.88,50882,16329,76,55,6.87,30.82,24.91
Groundnut,Red,Kharif,Rainfed,5.5,7.0,75,78,91,1.38,32935,55918,63,26,7.63,32.23,18.62
Wheat,Sandy,Kharif,Canal,6.3,7.1,121,43,59,2.06,48902,22525,79,51,5.17,25.43,19.59
Rice,Black,Zaid,Rainfed,6.3,7.2,148,77,64,4.65,36329,23746,94,59,7.5,26.33,28.86
Wheat,Sandy,Zaid,Rainfed,6.3,7.3,131,56,68,3.05,40285,19189,72,33,7.25,32.74,18.7
Wheat,Red,Zaid,Drip,5.5,7.2,124,51,50,4.46,47558,21327,75,22,5.16,33.41,20.29
Potato,Clay,Rabi,Drip,6.1,7.1,257,109,89,14.56,61022,15359,65,45,6.5,28.7,20.27
Rice,Red,Rabi,Drip,6.3,6.9,112,68,55,3.47,41296,18072,62,42,5.48,20.32,15.66
Groundnut,Loamy,Rabi,Rainfed,6.2,6.9,68,93,78,2.25,34985,45743,66,29,5.51,34.42,22.67
Sugarcane,Loamy,Kharif,Rainfed,6.2,7.4,288,94,89,30.6,79526,3556,61,36,5.24,24.45,23.2
Groundnut,Clay,Zaid,Rainfed,6.2,6.7,57,91,92,2.01,40455,47525,74,38,5.29,20.83,22.91
Cotton,Clay,Zaid,Canal,5.7,6.9,155,78,73,3.46,45875,54603,90,52,8.84,32.78,15.01
Maize,Red,Kharif,Canal,6.1,7.5,144,71,76,5.23,42488,16035,79,34,7.34,27.95,18.79
Sugarcane,Clay,Zaid,Sprinkler,6.3,7.1,219,126,86,40.49,69685,3353,73,58,7.52,31.58,17.93
Sugarcane,Red,Zaid,Rainfed,5.8,7.8,275,135,80,40.05,78309,3862,89,58,6.11,34.8,29.74
Tomato,Loamy,Kharif,Drip,5.6,6.8,227,73,104,33.47,78935,17601,62,59,8.48,34.21,29.06
Rice,Red,Kharif,Sprinkler,6.2,7.1,108,54,60,3.29,56398,22483,65,46,8.18,30.34,23.58
Soybean,Red,Zaid,Rainfed,6.0,6.8,78,88,80,2.61,32588,41220,82,34,8.96,29.61,22.18
Soybean,Black,Rabi,Canal,5.7,7.2,88,86,40,1.66,30568,42047,66,33,7.51,30.92,21.38
Rice,Black,Zaid,Rainfed,6.3,7.0,125,60,48,3.69,42447,18452,77,53,6.57,27.08,15.28
Groundnut,Sandy,Kharif,Canal,5.5,6.9,44,66,80,2.19,37856,41514,84,21,7.96,20.54,17.32
Rice,Black,Rabi,Rainfed,5.9,7.2,121,47,74,5.06,44890,18486,94,32,5.49,31.3,23.01
Rice,Black,Rabi,Canal,5.9,7.8,129,69,46,3.11,59008,17785,72,29,8.36,22.52,26.16
Soybean,Loamy,Rabi,Drip,6.3,7.3,70,69,51,2.13,33057,42440,69,57,5.69,31.44,20.27
Cotton,Black,Rabi,Sprinkler,6.2,6.7,168,60,70,2.9,57068,73436,93,54,5.45,30.77,24.86
Wheat,Sandy,Rabi,Drip,6.5,6.9,95,58,61,3.74,47393,23073,74,40,6.78,22.0,16.31
Rice,Red,Zaid,Rainfed,5.9,7.5,105,57,61,3.96,39879,17209,94,36,8.59,31.17,19.9
Cotton,Loamy,Zaid,Canal,6.1,7.3,189,81,97,2.84,52355,70494,67,57,6.23,33.12,29.46
Soybean,Loamy,Zaid,Rainfed,5.6,6.5,83,95,58,1.66,30316,42604,61,57,8.59,23.58,29.43
Tomato,Clay,Kharif,Sprinkler,5.7,6.9,222,95,110,37.27,72266,15081,63,48,7.92,25.99,23.86
Maize,Clay,Zaid,Canal,6.1,6.8,146,62,42,6.43,28908,14532,70,53,7.02,25.61,22.39
Maize,Red,Rabi,Canal,6.1,7.6,152,64,52,4.98,46762,16000,80,38,6.65,33.42,22.36
Cotton,Black,Rabi,Drip,5.6,7.1,181,99,82,3.68,69199,54313,74,27,6.95,23.28,20.85
Tomato,Clay,Zaid,Sprinkler,6.2,7.2,223,104,71,19.23,86048,11331,95,56,8.72,32.12,28.61
Sugarcane,Loamy,Zaid,Canal,5.5,6.7,286,111,97,52.61,69269,3612,87,60,6.41,25.38,15.5
Capsicum,Red,Rabi,Rainfed,6.3,7.5,169,129,80,13.45,93559,33352,62,50,8.81,31.69,27.81
Capsicum,Red,Kharif,Rainfed,5.8,7.6,223,94,133,27.95,99997,38666,66,54,7.59,21.44,17.14
Potato,Clay,Kharif,Sprinkler,6.3,6.8,214,132,97,13.05,57416,15229,84,56,6.42,33.85,22.13
Tomato,Red,Kharif,Sprinkler,6.1,7.8,182,85,99,32.8,54935,10584,93,43,8.95,34.05,16.84
Sugarcane,Black,Rabi,Rainfed,6.3,6.7,224,113,84,33.79,90532,3848,95,24,5.11,30.1,24.21
Cotton,Clay,Rabi,Canal,5.8,7.1,190,90,88,3.45,58949,78182,63,31,7.01,32.17,25.82
Sugarcane,Black,Kharif,Canal,5.6,7.4,227,88,120,28.83,94801,2970,71,45,5.84,34.05,16.49
Cotton,Clay,Zaid,Drip,5.9,6.7,187,68,70,3.68,69239,61656,64,45,5.85,28.96,18.72
Maize,Red,Zaid,Canal,5.9,6.8,141,62,71,6.05,44203,17486,80,60,8.64,30.39,20.98
Tomato,Black,Rabi,Sprinkler,5.6,7.0,200,114,100,28.2,81139,8373,78,55,6.93,25.5,23.66
Groundnut,Black,Kharif,Canal,6.0,7.6,40,81,92,1.55,44205,64629,90,50,8.55,31.31,29.46
Capsicum,Black,Rabi,Canal,5.9,6.6,232,132,134,27.43,99146,27860,83,54,7.97,20.1,24.62
Cotton,Red,Rabi,Drip,5.9,6.9,180,98,66,2.38,68261,64596,87,57,8.15,20.48,28.26
Wheat,Clay,Rabi,Rainfed,5.8,7.2,90,43,68,3.93,39296,19788,88,29,6.03,34.96,23.1
Wheat,Red,Kharif,Sprinkler,5.6,7.4,115,60,41,3.58,32306,23013,64,27,7.69,34.95,16.87
Sugarcane,Black,Rabi,Sprinkler,6.0,7.3,298,132,129,35.92,95210,3243,76,23,7.31,32.23,23.49
Capsicum,Black,Rabi,Sprinkler,6.1,7.6,212,119,127,17.19,94864,42719,69,50,8.21,33.59,20.3
Soybean,Loamy,Kharif,Rainfed,5.6,6.7,59,86,61,1.87,27888,43698,63,38,6.93,24.37,29.29
Maize,Black,Kharif,Sprinkler,6.1,6.7,172,85,80,4.13,41949,15165,92,54,6.52,26.12,16.81
Cotton,Loamy,Zaid,Rainfed,5.7,7.7,145,61,88,3.9,61213,73146,66,25,5.84,32.28,22.72
Potato,Loamy,Zaid,Rainfed,5.8,7.5,211,128,83,21.3,71518,19068,66,38,7.04,31.66,15.68
Cotton,Sandy,Kharif,Rainfed,5.9,7.5,149,82,93,3.6,66538,51967,79,59,8.66,21.27,29.51
Maize,Clay,Zaid,Rainfed,5.5,6.6,139,63,80,5.49,34531,21064,64,47,8.8,21.83,15.74
Sugarcane,Red,Zaid,Drip,6.3,7.5,292,98,87,57.72,63780,3681,65,29,8.08,29.14,19.74
Wheat,Sandy,Zaid,Drip,6.3,7.7,109,48,56,3.01,48424,19021,93,59,8.58,20.42,27.31
Soybean,Clay,Zaid,Canal,6.3,7.4,69,62,54,2.24,37863,53672,60,55,7.45,26.78,20.57
Soybean,Clay,Zaid,Rainfed,6.0,7.8,58,66,45,1.72,30304,46533,73,40,7.95,24.82,25.53
Wheat,Red,Zaid,Rainfed,5.8,7.4,107,62,46,4.11,49244,19692,68,47,8.11,31.47,29.25
Soybean,Sandy,Rabi,Canal,6.3,6.8,75,96,66,2.96,26585,46486,61,37,6.73,23.39,21.61
Rice,Black,Kharif,Drip,6.0,7.6,142,78,55,4.84,37722,17249,86,30,6.86,33.92,24.37
Maize,Clay,Zaid,Rainfed,5.8,7.6,150,87,57,6.9,37585,14346,77,45,8.21,30.03,19.04
Rice,Loamy,Rabi,Sprinkler,5.6,7.5,106,64,60,5.08,46226,20408,62,41,6.45,32.4,15.71
Sugarcane,Clay,Rabi,Sprinkler,5.8,6.7,249,89,129,37.36,83149,3070,65,42,6.74,32.75,15.62
Rice,Loamy,Rabi,Drip,5.8,6.7,145,74,70,3.92,57076,19227,84,33,8.16,27.86,25.43
Groundnut,Clay,Kharif,Drip,6.3,7.1,58,78,79,1.44,45416,50027,95,50,7.57,21.09,19.72
Sugarcane,Black,Kharif,Canal,6.2,7.5,226,94,86,38.12,67015,3011,89,49,5.85,33.3,25.11
Soybean,Clay,Zaid,Sprinkler,5.6,6.9,70,95,57,2.43,37961,38783,70,54,7.62,21.14,29.89
Tomato,Red,Zaid,Rainfed,5.7,6.9,202,73,85,30.58,82327,16179,89,48,8.96,26.12,18.96
Sugarcane,Sandy,Rabi,Canal,6.4,7.0,215,90,97,59.12,93284,2887,88,45,8.81,31.94,22.6
Potato,Clay,Zaid,Sprinkler,5.6,7.5,217,83,134,23.6,56371,13265,62,37,5.47,26.0,19.98
Rice,Clay,Kharif,Rainfed,5.8,7.5,110,53,48,3.75,59361,22145,87,23,5.29,28.72,29.86
Soybean,Black,Zaid,Rainfed,6.1,6.6,87,77,56,1.92,25334,40660,86,45,7.51,26.09,26.99
Capsicum,Loamy,Rabi,Sprinkler,6.1,7.2,159,85,140,26.04,86292,43722,93,31,8.86,29.97,20.85
Maize,Red,Kharif,Rainfed,5.7,7.3,161,71,62,4.3,43318,18198,90,38,7.49,20.28,18.31
Capsicum,Loamy,Rabi,Drip,5.9,7.0,159,136,111,21.62,104083,34163,91,22,5.24,31.35,24.13
Maize,Loamy,Zaid,Sprinkler,6.3,7.0,142,77,62,5.94,34833,20234,64,20,6.78,24.07,19.41
Potato,Black,Zaid,Canal,5.9,6.6,255,139,132,27.28,57872,16278,70,39,8.8,28.87,20.83
Sugarcane,Black,Zaid,Sprinkler,5.9,7.6,257,81,108,35.2,79460,3566,65,47,6.89,32.87,17.34
Maize,Sandy,Zaid,Drip,5.8,7.2,139,88,49,6.16,28908,21632,69,51,7.89,21.21,17.76
Maize,Loamy,Kharif,Canal,6.1,7.4,120,59,78,3.29,32104,18397,74,54,5.24,20.79,22.8
Groundnut,Clay,Rabi,Rainfed,6.1,7.4,65,82,95,2.95,40951,44902,85,27,5.92,20.75,27.94
Potato,Black,Zaid,Sprinkler,6.0,7.4,183,111,82,12.93,45208,15237,81,26,7.34,25.72,25.76
Potato,Sandy,Kharif,Canal,6.4,7.2,248,102,126,16.31,53940,14338,86,23,8.21,31.03,27.62
Potato,Black,Zaid,Canal,6.0,7.1,196,88,83,28.46,69264,18796,80,31,7.63,22.39,27.48
Rice,Black,Kharif,Drip,5.7,7.5,147,42,69,3.59,55065,18773,71,50,5.27,28.6,15.91
Maize,Red,Rabi,Sprinkler,6.0,6.7,136,86,63,6.61,39327,17023,67,57,7.33,20.57,26.58
Tomato,Loamy,Zaid,Rainfed,5.5,7.5,187,107,82,28.66,89785,14218,80,48,6.53,27.79,19.31
Wheat,Red,Zaid,Rainfed,6.5,6.6,128,54,50,3.23,41179,20248,75,25,8.26,20.59,27.32
Potato,Loamy,Rabi,Drip,6.1,7.1,194,94,93,21.1,77364,18477,63,34,6.98,31.46,16.45
Maize,Black,Rabi,Drip,5.9,7.3,136,76,64,4.88,31283,19786,76,22,7.42,29.15,21.48
Groundnut,Red,Rabi,Canal,6.1,6.8,64,64,67,2.18,37893,51857,79,39,8.95,32.93,28.48
Cotton,Black,Rabi,Canal,5.9,7.3,198,84,99,2.34,61776,78220,76,44,7.68,28.95,25.75
Wheat,Red,Kharif,Canal,5.8,6.8,132,58,65,2.18,35308,23624,70,44,5.65,28.1,22.77
Tomato,Clay,Kharif,Rainfed,5.7,6.7,230,72,90,30.36,61818,16414,86,40,5.73,21.24,22.11
Rice,Loamy,Kharif,Drip,6.1,7.2,148,42,78,5.7,55780,16889,64,52,5.42,23.49,19.62
Potato,Sandy,Rabi,Rainfed,5.5,7.7,212,127,80,26.59,63527,13930,79,49,5.45,34.81,27.89
Tomato,Loamy,Kharif,Canal,5.8,6.9,220,93,74,35.39,82392,16107,91,21,7.06,25.49,26.91
Capsicum,Loamy,Rabi,Sprinkler,5.5,7.6,238,84,126,17.09,73913,39087,65,26,8.16,21.3,20.95
Wheat,Loamy,Rabi,Rainfed,6.4,7.0,94,65,70,4.45,35216,18788,67,24,6.62,28.94,21.02
Groundnut,Clay,Kharif,Canal,6.3,6.5,71,80,80,1.29,35760,54311,60,54,7.08,26.39,26.94
Sugarcane,Clay,Rabi,Canal,6.1,7.0,226,97,102,37.27,78905,3424,68,31,6.24,21.76,24.9
Tomato,Red,Kharif,Rainfed,6.4,7.7,200,73,107,30.86,72075,17430,67,25,8.41,31.38,21.48
Soybean,Black,Zaid,Rainfed,6.0,6.8,76,73,68,2.15,35572,40148,76,54,8.91,25.52,26.7
Capsicum,Loamy,Zaid,Rainfed,5.9,7.5,214,80,113,23.88,100605,41954,91,58,8.69,23.94,26.07
Tomato,Red,Zaid,Drip,6.2,7.2,225,90,74,30.69,86011,15849,70,37,7.8,31.78,26.07
Capsicum,Clay,Rabi,Canal,6.1,7.7,197,94,95,26.88,63550,29991,84,44,8.08,27.48,18.05
Maize,Clay,Rabi,Rainfed,6.0,6.9,138,74,70,5.15,41509,17232,89,44,6.85,31.29,22.95
Capsicum,Black,Rabi,Rainfed,6.0,7.0,179,118,139,14.63,93497,43493,92,27,8.42,21.72,29.11
Sugarcane,Black,Kharif,Sprinkler,6.5,7.5,226,109,80,54.21,63461,4110,75,30,8.02,23.25,28.7
Wheat,Red,Zaid,Canal,6.1,6.7,122,50,58,4.5,45249,23049,71,39,6.79,32.41,27.22
Maize,Black,Zaid,Canal,5.6,6.6,177,62,69,3.34,33769,15715,87,53,6.06,24.46,16.02
Tomato,Black,Rabi,Sprinkler,5.7,7.1,199,74,86,35.39,82750,15477,61,34,7.61,27.63,15.58
Groundnut,Black,Kharif,Drip,6.0,7.6,51,62,68,2.74,37448,56004,90,35,6.25,25.19,18.25
Tomato,Black,Kharif,Canal,6.5,7.0,180,113,119,27.29,50564,16081,77,23,6.12,21.15,19.07
Potato,Red,Zaid,Rainfed,6.4,6.7,214,104,125,25.89,78592,13185,81,30,6.81,32.02,22.67
Tomato,Loamy,Kharif,Canal,5.7,6.6,169,104,92,29.33,68813,14260,86,25,8.41,24.76,16.34
Rice,Sandy,Rabi,Sprinkler,6.2,6.9,126,62,58,3.79,59589,22245,85,37,5.7,30.31,27.02
Cotton,Clay,Zaid,Drip,6.3,7.1,190,64,87,1.69,55441,60240,67,41,6.02,32.07,29.62
Wheat,Sandy,Zaid,Drip,5.6,7.6,130,64,46,3.14,40451,20695,77,58,8.6,23.28,22.9
Tomato,Clay,Rabi,Sprinkler,5.8,7.3,219,91,101,29.89,76537,8677,87,51,7.95,26.02,28.13
Cotton,Loamy,Kharif,Rainfed,6.2,7.0,170,68,90,3.58,58962,68485,86,38,6.42,25.71,25.15
Potato,Sandy,Zaid,Sprinkler,5.7,7.1,233,95,110,20.96,52755,16841,89,21,8.76,31.64,17.32
Maize,Clay,Rabi,Drip,5.8,6.6,165,77,53,3.86,37640,15902,85,38,6.51,25.35,18.59
Wheat,Red,Kharif,Rainfed,5.9,7.6,137,55,68,4.95,48567,23056,60,23,7.76,27.72,21.79
Wheat,Red,Kharif,Sprinkler,5.5,7.3,131,51,68,4.53,41634,22404,76,23,5.03,28.68,17.09
Sugarcane,Clay,Rabi,Rainfed,6.2,7.1,205,85,121,25.45,76283,3407,60,52,8.06,21.31,27.82
Rice,Black,Rabi,Drip,5.8,6.6,138,63,64,5.67,41802,21686,78,46,7.07,31.8,26.34
Cotton,Clay,Zaid,Rainfed,5.6,7.1,151,74,61,2.08,51295,71028,71,54,8.98,20.72,18.23
Tomato,Loamy,Kharif,Sprinkler,6.2,7.3,193,113,88,24.5,84549,10231,70,44,5.55,26.26,24.56
Tomato,Clay,Kharif,Canal,6.0,6.8,233,88,101,36.33,60709,10953,85,59,5.35,29.65,25.4
Cotton,Red,Zaid,Rainfed,6.2,7.2,184,65,82,3.41,53641,69494,92,59,8.58,20.74,23.18
Tomato,Red,Rabi,Sprinkler,5.9,7.4,171,101,83,35.82,62267,17408,67,30,7.97,26.16,17.51
Sugarcane,Red,Zaid,Drip,6.5,6.6,279,111,135,31.65,78128,3115,64,47,5.37,27.34,26.37
Potato,Clay,Rabi,Sprinkler,5.9,6.7,217,96,97,27.78,52284,17875,94,53,5.76,26.97,29.13
Groundnut,Black,Kharif,Drip,6.5,7.4,69,83,62,2.19,42006,62178,78,30,5.08,21.66,22.25
Wheat,Black,Kharif,Drip,5.8,7.0,120,61,65,2.06,39255,25679,93,54,6.34,20.52,21.62
Potato,Clay,Rabi,Drip,5.7,6.6,240,90,100,24.02,64696,19261,61,34,6.09,30.0,25.18
Soybean,Black,Zaid,Canal,6.1,7.6,61,81,59,2.37,42930,42114,75,25,8.7,28.55,29.51
Potato,Sandy,Kharif,Rainfed,6.2,7.6,212,88,125,23.6,74357,13961,93,55,8.43,25.03,15.59
Cotton,Sandy,Rabi,Sprinkler,5.5,7.5,149,65,73,2.74,64747,52124,83,36,5.11,23.8,16.45
Wheat,Clay,Rabi,Drip,5.7,6.5,96,67,59,2.9,40178,25375,73,37,6.68,29.8,27.06
Potato,Loamy,Rabi,Canal,6.2,7.6,215,87,129,13.68,79111,18561,63,27,6.69,20.17,28.27
Wheat,Black,Kharif,Rainfed,6.2,6.9,123,69,50,4.83,38308,21819,68,58,5.77,24.08,16.43
Maize,Black,Rabi,Sprinkler,5.7,7.4,128,62,53,5.72,40931,18699,88,59,5.21,32.37,27.76
Maize,Loamy,Zaid,Drip,6.1,7.4,130,52,49,5.43,28411,14007,93,22,7.64,21.07,20.83
Cotton,Clay,Rabi,Sprinkler,6.3,6.8,199,84,64,2.0,50688,56810,64,34,6.94,20.42,18.92
Tomato,Clay,Rabi,Rainfed,5.8,7.6,233,102,119,18.14,63788,17578,79,51,7.92,28.4,21.7
Sugarcane,Sandy,Kharif,Rainfed,6.4,7.2,206,128,112,45.43,85772,3947,75,34,7.26,32.12,29.61
Potato,Loamy,Rabi,Drip,6.1,7.3,209,108,127,17.67,71604,14771,76,22,5.65,32.2,21.56
Capsicum,Loamy,Kharif,Drip,6.3,6.8,172,121,96,24.63,70827,39324,74,46,5.88,30.0,16.17
Cotton,Loamy,Zaid,Rainfed,5.5,7.3,147,78,60,2.71,45194,77456,91,31,5.94,25.92,20.17
Potato,Clay,Kharif,Canal,6.4,6.7,209,94,137,23.69,65777,16220,73,34,7.06,22.25,28.29
Sugarcane,Clay,Zaid,Canal,6.4,7.2,218,111,96,36.24,62318,4113,70,37,6.36,28.7,18.65
Sugarcane,Clay,Zaid,Canal,6.5,7.5,267,106,103,37.89,97979,3708,72,24,8.88,21.61,24.5
Capsicum,Red,Kharif,Canal,6.2,7.7,178,105,80,16.66,71580,37392,87,55,5.22,29.53,15.52
Sugarcane,Black,Rabi,Sprinkler,5.6,6.7,210,135,89,36.89,67456,3823,84,48,7.5,20.24,16.62
Tomato,Black,Kharif,Sprinkler,5.9,7.1,238,100,83,24.69,84004,14408,92,51,7.64,21.32,29.24
Cotton,Loamy,Rabi,Rainfed,5.9,6.9,171,75,97,3.13,60483,71112,92,55,7.11,27.0,20.58
Capsicum,Red,Rabi,Drip,6.0,7.0,194,129,101,13.04,64596,26604,73,49,7.54,23.83,25.57
Capsicum,Clay,Zaid,Rainfed,5.7,6.8,219,130,139,20.07,61787,37590,74,47,8.37,26.92,16.55
Rice,Clay,Kharif,Drip,5.8,6.8,132,77,80,3.11,53805,23534,67,55,7.54,29.85,28.36
Rice,Clay,Zaid,Canal,5.5,7.7,150,43,54,5.97,41829,23865,72,53,5.42,20.02,24.97
Potato,Black,Zaid,Canal,6.2,7.8,244,87,132,14.26,61975,15332,79,60,7.35,25.37,25.89
Cotton,Clay,Rabi,Sprinkler,6.2,7.1,149,88,75,3.78,56003,78908,85,27,8.45,31.13,17.94
Wheat,Red,Zaid,Drip,5.8,7.7,140,56,65,4.14,39496,25660,77,23,8.78,26.17,29.64
Cotton,Red,Kharif,Canal,6.3,6.6,151,66,77,3.7,58243,70009,61,23,8.36,34.85,27.46
Maize,Black,Kharif,Rainfed,6.0,7.6,137,56,65,3.66,44832,14382,70,59,7.05,25.9,22.51
Potato,Black,Zaid,Sprinkler,6.3,7.0,239,94,89,13.96,59280,14932,64,45,5.02,29.75,28.74
Soybean,Sandy,Zaid,Sprinkler,5.9,6.9,74,99,55,2.34,41622,39266,69,22,7.51,22.68,27.63
Tomato,Red,Zaid,Rainfed,6.1,6.9,171,93,89,16.34,67585,13222,76,33,6.72,32.06,29.66
Sugarcane,Clay,Rabi,Drip,6.4,7.8,207,116,126,33.63,69199,3663,93,38,7.33,20.66,18.92
Soybean,Red,Kharif,Sprinkler,5.6,7.0,69,86,40,1.61,34774,36065,87,49,8.37,30.41,18.34
Maize,Clay,Kharif,Drip,5.6,7.7,156,70,51,4.26,36442,20834,73,32,8.2,23.9,21.03
Maize,Red,Zaid,Rainfed,5.9,7.6,179,63,69,5.34,39711,18345,77,22,7.74,29.15,17.47
Wheat,Sandy,Kharif,Canal,5.7,7.3,131,41,60,4.04,45218,20973,90,47,7.03,23.56,25.27
Capsicum,Red,Rabi,Drip,5.8,6.5,217,125,107,26.03,110977,43025,85,46,7.67,33.37,26.26
Sugarcane,Black,Rabi,Canal,6.0,6.7,287,104,130,27.47,98030,4181,89,25,8.87,33.34,24.06
Sugarcane,Sandy,Zaid,Sprinkler,5.8,6.6,283,80,125,32.05,87768,3949,72,29,7.82,30.74,25.8
Soybean,Sandy,Kharif,Sprinkler,5.5,7.0,52,98,63,2.18,44472,36716,65,56,8.21,24.29,26.18
Cotton,Clay,Kharif,Canal,5.9,6.8,173,61,80,2.42,63127,68108,92,26,8.01,33.68,21.66
Capsicum,Sandy,Zaid,Sprinkler,5.6,7.5,181,107,114,29.75,73502,44340,76,27,8.75,33.68,20.24
Cotton,Sandy,Rabi,Canal,5.7,7.8,198,94,71,2.64,52576,69639,92,23,8.46,28.58,19.29
Soybean,Red,Rabi,Drip,6.3,7.4,87,96,73,2.56,35693,37105,64,33,6.71,27.49,18.66
Soybean,Loamy,Rabi,Canal,5.8,7.1,69,95,59,2.11,41744,36182,94,27,7.4,24.95,15.29
Soybean,Clay,Zaid,Sprinkler,5.6,6.9,70,84,56,2.34,38861,45594,72,32,8.51,24.66,15.2
Maize,Red,Rabi,Canal,5.9,7.5,162,57,50,6.35,42444,18022,84,42,7.32,26.73,27.8
Groundnut,Black,Kharif,Sprinkler,5.6,7.8,71,60,97,2.2,48484,59913,88,52,8.12,27.97,18.97
Maize,Clay,Kharif,Drip,5.8,7.7,124,59,48,6.7,36943,19236,73,53,5.68,32.96,29.36
Sugarcane,Loamy,Rabi,Drip,6.4,7.7,275,102,96,26.4,90262,3534,80,39,5.42,31.16,26.83
Tomato,Red,Kharif,Canal,6.4,7.7,198,109,103,39.37,76199,11174,93,46,7.48,24.23,18.43
Potato,Loamy,Kharif,Sprinkler,5.7,7.4,197,131,87,12.5,62102,16924,90,39,8.31,34.3,29.67
Capsicum,Black,Zaid,Drip,6.3,7.2,217,137,111,24.31,69300,22547,70,56,7.3,28.17,18.64
Cotton,Black,Rabi,Canal,6.4,6.6,197,88,79,3.55,57707,74710,71,36,5.83,23.1,18.56
Rice,Clay,Zaid,Sprinkler,6.4,7.4,120,49,48,5.56,46632,18766,90,46,8.03,33.35,22.29
Cotton,Loamy,Zaid,Canal,6.3,7.2,192,88,93,2.04,45308,71189,95,23,7.66,23.64,24.74
Wheat,Loamy,Rabi,Sprinkler,6.2,7.4,97,56,59,2.89,30126,20618,72,21,7.69,33.02,21.4
Groundnut,Red,Kharif,Rainfed,6.5,6.7,58,80,74,2.38,37150,49227,86,54,6.67,29.8,25.89
Capsicum,Sandy,Rabi,Sprinkler,6.3,7.7,212,108,140,27.09,72003,33684,64,49,6.52,32.18,28.03
Potato,Red,Kharif,Canal,5.9,7.6,236,140,96,20.48,46460,18660,69,25,5.9,27.27,16.73
Rice,Black,Zaid,Sprinkler,5.5,7.5,119,40,47,4.19,58469,22501,78,26,7.21,23.42,19.44
Soybean,Sandy,Zaid,Drip,5.9,7.4,88,96,56,2.12,43493,40191,91,44,5.24,34.55,25.75
Sugarcane,Clay,Zaid,Canal,6.0,7.4,277,125,87,32.59,79486,3243,76,23,6.96,22.59,26.99
Maize,Red,Zaid,Canal,5.7,7.4,125,52,61,5.47,42121,19180,87,43,6.65,20.67,15.79
Sugarcane,Black,Rabi,Rainfed,5.8,7.2,216,100,87,43.03,94582,3091,79,46,8.37,32.56,20.05
Tomato,Sandy,Rabi,Sprinkler,6.1,7.5,217,111,79,35.06,86148,11900,75,55,7.16,23.54,22.31
Groundnut,Clay,Zaid,Canal,5.7,7.2,41,74,74,1.42,39344,47932,79,29,5.51,33.34,29.56
Rice,Sandy,Kharif,Sprinkler,5.8,6.6,135,57,69,5.14,56506,21452,82,39,6.47,34.7,24.68
Wheat,Red,Zaid,Rainfed,5.7,7.6,91,57,56,2.7,31419,21106,91,40,5.65,34.52,22.94
Rice,Sandy,Kharif,Drip,5.7,7.5,106,56,41,5.42,46357,17696,78,50,5.4,33.24,27.54
Capsicum,Black,Zaid,Drip,6.1,7.2,220,97,124,17.38,75246,31532,62,20,7.88,24.35,15.21
Maize,Loamy,Kharif,Sprinkler,6.0,7.5,131,68,47,6.14,35684,21921,89,38,7.07,23.94,25.08
Maize,Clay,Zaid,Drip,5.5,7.3,142,60,71,3.37,45160,20084,77,26,8.08,25.47,22.76
Wheat,Loamy,Rabi,Canal,6.5,7.3,107,68,57,3.0,39170,21817,66,42,6.62,24.35,15.09
Rice,Clay,Rabi,Canal,6.1,7.2,130,63,60,5.16,40185,19129,82,20,7.57,29.69,28.4
Groundnut,Sandy,Kharif,Canal,6.5,7.7,47,61,85,2.35,41406,53387,93,58,8.03,29.03,27.38
Groundnut,Clay,Kharif,Rainfed,5.9,7.5,72,88,68,1.34,40445,50974,83,26,5.6,34.79,18.82
Soybean,Red,Rabi,Rainfed,6.1,7.6,55,96,67,2.98,44779,40334,81,25,5.68,30.56,15.39
Sugarcane,Red,Zaid,Rainfed,6.4,7.8,210,135,111,40.13,96547,3533,60,32,5.81,22.28,23.8
Wheat,Sandy,Kharif,Canal,6.0,7.3,117,65,58,3.35,46288,21435,80,54,8.44,24.33,19.35
Soybean,Sandy,Zaid,Canal,5.8,7.1,70,70,80,2.4,36693,39975,89,40,6.81,25.53,18.47
Tomato,Clay,Zaid,Canal,6.2,7.8,228,87,118,39.12,87483,13036,82,45,6.42,34.61,23.05
Soybean,Clay,Rabi,Canal,6.3,7.1,62,85,79,2.99,29725,50298,79,50,7.57,34.43,17.85
Groundnut,Black,Kharif,Rainfed,5.9,7.4,57,98,77,1.91,34948,48422,84,49,7.38,31.17,17.8
Capsicum,Clay,Kharif,Drip,6.3,6.8,217,85,115,22.94,112578,20368,83,25,5.76,25.67,28.68
Capsicum,Black,Rabi,Sprinkler,5.8,6.5,183,131,134,21.42,99851,30108,81,54,8.75,27.56,21.27
Sugarcane,Clay,Zaid,Sprinkler,6.1,7.2,296,119,140,59.3,88142,3308,70,27,7.83,24.75,29.34
Capsicum,Sandy,Rabi,Rainfed,6.5,7.2,179,129,87,22.17,87542,38193,82,54,6.15,28.71,28.48
Maize,Black,Kharif,Canal,5.7,7.7,145,59,53,3.02,42336,15070,84,29,5.18,21.04,23.83
Tomato,Clay,Rabi,Rainfed,6.0,6.6,160,102,76,35.56,61085,13520,95,39,7.92,31.27,23.89
Potato,Clay,Zaid,Sprinkler,6.5,7.2,213,80,116,25.83,59700,17563,76,44,8.1,28.37,20.57
Maize,Loamy,Zaid,Sprinkler,6.2,6.9,168,73,44,3.52,44694,14899,79,33,6.33,22.44,26.02
Sugarcane,Red,Zaid,Sprinkler,6.4,7.6,226,96,132,33.02,78701,3211,83,28,8.28,28.71,17.09
Capsicum,Black,Kharif,Rainfed,5.9,7.8,207,127,140,24.47,93518,26392,93,42,5.38,34.03,21.12
Capsicum,Sandy,Kharif,Drip,5.8,6.8,201,80,139,25.46,91617,49724,71,37,8.57,21.06,26.2
Rice,Black,Rabi,Drip,6.1,6.9,128,46,65,4.51,59445,18348,93,20,8.16,26.32,23.75
Cotton,Red,Kharif,Drip,5.9,6.5,149,63,89,3.73,51375,60220,92,38,8.88,31.18,28.02
Wheat,Black,Zaid,Canal,5.9,6.8,118,65,66,3.25,49581,24498,80,44,5.01,34.64,19.47
Maize,Clay,Kharif,Sprinkler,5.6,6.9,172,88,64,3.27,33083,21940,63,56,8.9,32.46,26.48
Cotton,Red,Zaid,Rainfed,6.5,7.6,185,65,70,3.67,67426,61868,81,48,7.35,25.88,21.52
Potato,Loamy,Zaid,Rainfed,5.7,6.7,242,100,139,17.06,75210,17434,81,38,6.12,23.82,17.96
Maize,Black,Kharif,Rainfed,5.9,7.7,175,50,51,3.45,28561,19750,61,51,6.68,28.63,27.59
Groundnut,Red,Rabi,Drip,6.0,7.2,68,66,84,1.41,39595,54142,95,43,7.28,27.75,25.11
Wheat,Sandy,Zaid,Drip,6.2,7.1,115,57,43,2.2,45664,24273,68,36,8.39,24.03,20.9
Cotton,Red,Kharif,Rainfed,6.0,7.0,176,87,82,2.93,50760,72873,81,39,7.55,25.23,22.29
Rice,Clay,Zaid,Sprinkler,6.2,7.0,141,75,58,5.1,37253,17242,68,29,7.14,22.67,21.8
Cotton,Red,Zaid,Canal,5.9,7.2,151,94,90,2.28,46130,65301,71,32,8.3,26.15,18.47
Potato,Black,Zaid,Rainfed,6.0,6.9,212,117,82,28.14,57440,17605,77,44,6.83,31.56,19.29
Rice,Clay,Rabi,Rainfed,6.0,7.3,137,59,49,2.85,59962,20140,80,30,7.92,22.55,19.72
Rice,Clay,Zaid,Sprinkler,6.4,7.2,120,69,63,5.71,37273,20159,92,39,6.86,20.38,26.06
Potato,Sandy,Kharif,Canal,6.0,6.5,251,127,133,14.15,55205,18704,61,43,8.56,24.07,15.48
Rice,Red,Kharif,Drip,5.7,7.6,129,59,50,2.73,48611,17651,61,42,5.36,20.98,17.7
Rice,Clay,Kharif,Sprinkler,6.4,7.2,108,57,70,3.12,48108,18659,92,33,5.71,25.84,26.97
Capsicum,Black,Rabi,Sprinkler,6.1,6.6,201,89,87,13.79,99625,28170,95,37,8.55,27.67,18.03
Soybean,Sandy,Kharif,Canal,5.7,7.4,67,84,48,2.1,28755,41321,81,40,6.52,24.85,20.14
Cotton,Black,Rabi,Sprinkler,6.3,7.6,185,72,63,2.55,51440,53721,61,22,5.95,31.9,16.71
Wheat,Black,Zaid,Canal,6.1,7.1,114,52,68,3.99,33743,18607,81,58,8.13,30.1,29.57
Soybean,Black,Kharif,Rainfed,5.6,7.5,80,63,76,2.51,40793,43895,76,37,5.63,31.11,19.74
Cotton,Black,Rabi,Rainfed,6.5,7.1,192,96,70,3.86,45681,65683,95,27,6.82,34.44,27.48
Rice,Loamy,Kharif,Drip,5.5,6.8,145,74,46,5.14,53248,16608,95,56,8.15,30.55,16.63
Capsicum,Red,Rabi,Sprinkler,5.9,7.0,192,91,90,12.94,67852,24112,76,22,8.54,24.66,25.71
Soybean,Clay,Kharif,Drip,5.6,6.8,69,89,78,1.83,43836,46732,95,47,8.88,31.35,19.36
Maize,Black,Zaid,Rainfed,5.6,7.2,146,55,52,4.11,29222,16931,88,33,6.16,21.45,22.99
Potato,Sandy,Rabi,Sprinkler,6.3,6.6,240,129,102,18.12,76368,14703,74,57,5.99,27.49,26.87
Groundnut,Black,Zaid,Sprinkler,5.5,7.3,75,81,61,1.62,38320,55284,63,32,5.42,26.33,24.61
Groundnut,Black,Rabi,Drip,5.5,6.9,68,72,75,1.62,30822,61553,95,40,6.51,33.17,27.36
Rice,Red,Rabi,Canal,5.9,7.3,142,54,79,5.03,53677,17508,83,30,8.69,31.8,20.83
Capsicum,Black,Kharif,Drip,5.7,7.5,189,138,93,28.45,105204,30014,65,35,8.01,32.11,16.26
Rice,Sandy,Rabi,Canal,5.8,6.5,107,53,72,4.77,42948,20608,75,42,8.49,21.39,18.92
Wheat,Sandy,Kharif,Drip,6.4,7.4,116,60,59,4.67,35358,18341,71,32,7.15,22.97,21.44
Potato,Sandy,Zaid,Rainfed,6.2,7.2,205,119,125,25.37,59096,18912,78,38,8.84,21.85,22.13
Sugarcane,Sandy,Zaid,Sprinkler,5.7,7.1,244,94,96,55.08,89707,2962,94,34,5.83,29.7,25.26
Capsicum,Sandy,Zaid,Drip,6.1,7.5,208,89,99,22.57,103235,26895,62,21,6.16,34.37,21.46
Cotton,Clay,Zaid,Rainfed,5.7,6.8,186,94,100,3.65,63983,75773,78,34,5.96,32.22,26.06
Maize,Red,Rabi,Canal,6.5,7.0,134,55,62,6.11,35332,21831,63,40,7.3,27.81,15.34
Cotton,Clay,Rabi,Canal,5.9,7.6,192,85,61,1.74,59464,59058,61,29,7.67,24.74,15.93
Potato,Sandy,Kharif,Canal,6.0,6.6,212,120,90,21.93,62297,16225,71,57,6.25,33.38,25.25
Wheat,Red,Kharif,Sprinkler,6.3,7.7,110,55,56,3.25,46304,23678,82,38,5.94,22.52,19.7
Soybean,Sandy,Rabi,Drip,5.8,7.7,88,76,77,2.39,36671,53446,71,57,5.53,20.71,26.43
Rice,Sandy,Zaid,Drip,6.1,7.3,104,76,74,4.59,56497,17441,77,50,8.11,20.32,18.97
Potato,Clay,Rabi,Drip,5.6,6.6,204,120,138,20.26,49582,14820,75,25,5.85,22.76,20.79
Potato,Clay,Rabi,Canal,6.4,7.2,216,113,80,28.12,79760,13570,93,30,7.36,27.47,17.43
Rice,Clay,Rabi,Drip,6.1,7.6,111,72,47,5.14,52617,20952,87,34,6.87,33.52,17.14
Cotton,Red,Rabi,Rainfed,5.8,6.8,197,69,81,3.12,49119,66233,63,38,8.56,28.82,22.2
Rice,Loamy,Zaid,Sprinkler,5.9,6.6,104,62,48,4.9,57779,22448,77,26,6.45,29.6,18.41
Groundnut,Black,Zaid,Drip,5.8,7.4,70,62,92,2.34,48952,45995,65,36,5.67,31.06,29.13
Maize,Sandy,Zaid,Sprinkler,6.1,6.7,150,53,69,3.44,31630,18817,67,56,6.42,21.91,20.34
Cotton,Loamy,Rabi,Drip,6.5,7.1,146,91,98,2.92,60695,55592,61,57,7.39,34.59,27.24
Soybean,Black,Zaid,Drip,6.5,7.4,87,66,76,2.79,25558,41571,61,35,6.39,28.17,24.06
Soybean,Sandy,Zaid,Drip,5.8,7.8,78,85,59,2.96,32778,45605,95,53,7.72,20.04,27.71
Tomato,Sandy,Rabi,Drip,6.5,7.7,172,81,91,39.23,56875,14957,62,43,8.39,25.38,17.53
Wheat,Loamy,Rabi,Canal,5.7,6.5,138,44,43,3.19,49953,19315,74,32,7.23,22.41,24.81
Soybean,Black,Kharif,Canal,6.4,7.2,79,66,56,2.87,43454,38257,90,51,6.45,25.4,20.3
Tomato,Loamy,Kharif,Sprinkler,6.3,7.2,219,114,108,25.66,54099,14004,66,51,8.55,22.63,24.85
Rice,Sandy,Rabi,Drip,6.3,7.6,132,73,60,5.08,54185,19980,90,40,7.97,24.18,18.71
Sugarcane,Black,Rabi,Canal,6.1,6.9,265,100,129,50.95,63717,3925,86,34,8.08,30.83,20.96
Capsicum,Loamy,Kharif,Canal,6.3,7.7,188,81,135,19.09,119720,35968,74,30,7.55,27.78,28.77
Cotton,Sandy,Rabi,Canal,6.4,7.8,140,76,86,1.55,45224,74424,69,44,7.21,22.83,25.15
Groundnut,Loamy,Kharif,Drip,5.8,6.7,51,80,62,1.66,40440,53868,80,32,5.99,31.48,28.94
Potato,Loamy,Rabi,Canal,6.4,6.9,229,87,132,16.82,71240,12806,78,24,5.46,22.13,29.37
Potato,Black,Rabi,Drip,5.7,6.9,187,85,122,22.27,75364,13882,60,29,7.53,21.46,27.3
Maize,Black,Kharif,Drip,5.6,6.9,136,73,50,4.74,32286,19207,83,48,6.64,32.95,25.31
Cotton,Red,Rabi,Canal,6.4,7.1,196,72,62,3.21,61774,70185,74,43,8.56,23.04,21.32
Potato,Clay,Zaid,Sprinkler,6.0,6.9,206,85,123,22.24,55226,15542,85,58,8.76,34.6,29.99
Cotton,Sandy,Rabi,Drip,5.7,6.6,154,62,79,2.99,47939,65907,71,59,5.9,27.3,29.07
Wheat,Clay,Rabi,Drip,5.6,6.6,127,61,57,4.84,37416,19870,82,40,6.71,20.96,29.79
Sugarcane,Sandy,Kharif,Sprinkler,6.0,6.8,266,129,122,46.06,99514,3828,70,38,8.68,32.2,20.18
Wheat,Loamy,Rabi,Drip,5.8,7.7,133,43,49,4.1,35689,23951,61,26,5.62,25.41,22.06
Rice,Black,Kharif,Sprinkler,5.7,7.2,116,77,80,3.32,56839,23093,95,56,5.95,32.0,24.97
Wheat,Black,Zaid,Sprinkler,6.1,7.1,112,55,42,4.47,36524,22304,79,27,6.7,25.44,19.07
Capsicum,Sandy,Kharif,Drip,6.2,6.7,201,114,138,18.77,80912,37709,74,44,8.11,24.68,16.53
Wheat,Loamy,Kharif,Rainfed,6.0,6.9,125,56,65,4.89,49331,21076,94,47,6.09,24.72,17.06
Sugarcane,Loamy,Rabi,Rainfed,5.7,7.8,291,80,112,35.09,89516,3019,84,20,6.11,26.55,20.97
Maize,Black,Rabi,Canal,5.8,7.4,141,74,43,5.24,47404,15759,75,53,7.78,32.88,26.81
Tomato,Loamy,Zaid,Drip,5.9,7.2,212,111,80,32.77,57777,12856,89,57,7.37,25.21,20.15
Sugarcane,Sandy,Zaid,Sprinkler,5.8,7.4,256,122,123,57.91,65608,4128,78,40,8.89,24.85,17.4
Potato,Clay,Zaid,Drip,6.0,6.6,226,121,114,29.74,74950,18731,62,51,7.51,34.59,25.34
Sugarcane,Loamy,Zaid,Canal,5.7,6.8,232,108,94,38.33,63444,3601,68,26,8.77,20.7,21.85
Maize,Black,Rabi,Drip,6.2,7.6,170,51,54,5.79,37676,16623,90,59,7.37,31.31,16.94
Rice,Sandy,Zaid,Rainfed,6.3,7.1,114,60,47,4.3,55757,20235,83,56,7.75,29.96,16.22
Maize,Red,Kharif,Sprinkler,6.2,7.5,158,63,61,3.84,32756,20629,74,22,7.22,28.6,18.94
Potato,Loamy,Kharif,Drip,6.4,7.3,184,115,88,20.81,65226,15983,90,47,7.12,27.55,15.04
Wheat,Loamy,Kharif,Drip,6.0,7.8,91,45,60,4.67,45912,23188,70,24,5.1,22.94,15.78
Tomato,Loamy,Rabi,Sprinkler,6.0,7.6,222,119,71,39.95,58642,14236,65,40,5.42,30.26,17.42
Soybean,Loamy,Zaid,Sprinkler,6.4,7.1,72,93,61,2.58,39100,53720,60,49,7.05,25.22,20.63
Capsicum,Black,Zaid,Sprinkler,6.3,7.1,178,124,123,26.58,99994,35908,85,36,6.53,28.23,24.44
Sugarcane,Red,Rabi,Rainfed,6.5,6.8,242,124,121,31.5,62777,3124,74,51,6.9,34.36,28.25
Cotton,Clay,Rabi,Sprinkler,5.9,7.0,195,76,100,3.08,56724,50823,83,23,6.7,25.8,16.69
Soybean,Red,Rabi,Sprinkler,5.9,6.7,73,80,71,2.62,34549,36322,87,22,6.86,22.01,17.31
Wheat,Red,Zaid,Sprinkler,6.1,6.9,131,56,40,4.75,30335,21550,83,49,7.99,24.02,15.11
Soybean,Clay,Kharif,Rainfed,5.6,7.3,59,80,68,1.95,40424,35447,84,21,8.1,32.5,15.21
Maize,Red,Zaid,Drip,5.6,6.8,163,73,68,3.21,35953,19515,70,44,7.57,25.91,27.42
Wheat,Black,Zaid,Drip,6.2,7.7,94,67,61,2.14,37239,18822,82,45,7.08,30.85,22.94
Soybean,Black,Rabi,Canal,6.0,6.9,70,83,47,2.04,43363,54850,75,21,6.9,32.25,15.02
Wheat,Black,Rabi,Rainfed,6.3,6.8,121,52,69,4.82,48349,23734,69,24,6.35,27.84,16.02
Sugarcane,Red,Kharif,Sprinkler,5.9,6.8,229,105,134,56.55,75406,4087,95,37,6.59,27.21,23.92
Capsicum,Loamy,Rabi,Rainfed,5.9,6.5,201,83,134,26.99,102291,34949,88,32,5.95,21.39,23.29
Sugarcane,Black,Rabi,Drip,5.7,6.5,209,92,135,58.28,91180,3002,90,35,6.48,28.94,29.17
Rice,Red,Rabi,Canal,6.3,6.7,142,67,56,4.11,49693,23417,90,52,5.22,23.7,19.27
Wheat,Sandy,Zaid,Canal,6.3,7.2,121,64,64,2.05,31851,20399,86,32,6.78,20.64,20.24
Soybean,Sandy,Kharif,Sprinkler,6.3,7.0,86,60,56,2.89,37862,53476,88,34,7.46,23.32,15.17
Soybean,Black,Zaid,Drip,6.0,7.1,53,63,46,2.78,28808,52604,71,38,7.65,23.95,22.14
Tomato,Sandy,Rabi,Sprinkler,5.6,7.5,161,70,114,15.11,85289,16273,71,21,7.91,31.86,23.36
Groundnut,Red,Rabi,Sprinkler,5.8,7.1,68,60,71,2.83,39936,45297,84,24,6.39,30.83,25.73
Capsicum,Black,Zaid,Canal,6.5,6.6,200,139,99,21.98,114680,28342,82,28,6.72,31.09,15.47
Rice,Red,Rabi,Rainfed,5.6,6.9,121,63,62,3.17,48202,20014,70,50,7.15,22.44,15.57
Sugarcane,Black,Zaid,Canal,5.9,7.8,258,108,107,51.39,67096,2954,74,36,7.98,24.16,16.3
Wheat,Loamy,Zaid,Drip,5.6,7.3,112,61,65,4.33,38331,20697,64,24,6.02,24.79,26.36
Maize,Black,Rabi,Rainfed,5.9,7.3,179,78,80,4.25,40445,19451,91,36,7.78,22.06,20.73
Tomato,Black,Kharif,Drip,6.2,7.3,225,93,74,28.55,50993,11335,60,34,8.26,28.51,25.86
Capsicum,Red,Zaid,Canal,5.6,7.7,204,99,82,22.7,70049,34152,86,32,7.79,21.21,26.97
Groundnut,Red,Zaid,Canal,6.2,6.8,52,64,62,1.71,44844,45872,91,23,5.53,22.11,22.13
Potato,Black,Kharif,Sprinkler,6.1,6.6,230,124,103,26.99,55877,19859,87,22,6.07,21.74,29.72
Wheat,Loamy,Zaid,Canal,5.8,6.9,126,53,64,3.84,40973,25474,70,32,6.61,32.97,20.43
Maize,Loamy,Rabi,Drip,5.5,7.3,166,90,48,3.51,45102,16561,90,27,7.74,27.49,19.74
Maize,Loamy,Zaid,Drip,5.6,7.8,144,70,43,5.58,47624,21959,61,52,5.54,26.25,22.89
Sugarcane,Loamy,Kharif,Rainfed,6.2,6.8,272,127,127,49.2,83125,4076,78,51,8.43,26.02,21.89
Soybean,Black,Kharif,Drip,5.6,7.6,53,79,50,2.73,34406,43491,93,28,7.74,25.25,23.18
Tomato,Black,Zaid,Canal,6.0,6.7,232,94,76,23.18,51126,9799,66,56,8.74,23.53,29.69
Wheat,Black,Kharif,Sprinkler,5.7,6.8,101,63,63,3.58,48567,24729,76,54,5.09,33.3,29.21
Cotton,Loamy,Zaid,Sprinkler,6.4,6.6,159,74,69,2.22,58802,68070,60,54,6.44,32.95,23.62
Capsicum,Black,Rabi,Canal,6.0,6.6,175,96,107,13.17,111799,43425,77,37,7.5,25.34,18.0
Rice,Loamy,Kharif,Drip,6.0,6.8,102,75,56,2.76,50158,19512,65,51,8.02,27.41,15.35
Groundnut,Clay,Zaid,Drip,6.3,7.3,54,85,72,1.79,43072,59708,76,25,7.99,24.85,22.39
Cotton,Loamy,Zaid,Canal,5.6,6.9,143,67,87,2.51,47606,65496,75,35,5.07,31.49,22.41
Cotton,Sandy,Rabi,Sprinkler,6.4,7.4,187,85,84,2.06,50375,50796,94,46,6.18,33.77,20.96
Potato,Clay,Rabi,Sprinkler,5.5,6.8,199,87,115,26.74,56117,19208,95,33,6.92,25.67,18.39
Sugarcane,Sandy,Zaid,Drip,5.7,6.5,292,111,93,50.2,84929,3125,91,50,8.86,20.94,24.95
Wheat,Sandy,Zaid,Canal,5.9,7.1,108,56,47,2.76,37191,19902,61,60,6.71,28.33,19.45
Groundnut,Red,Rabi,Canal,6.5,6.7,78,83,97,2.51,33577,44306,94,50,5.92,20.46,28.42
Maize,Loamy,Rabi,Drip,6.1,7.5,178,67,72,3.05,44491,15098,69,29,5.77,21.84,27.51
Rice,Sandy,Kharif,Rainfed,5.8,6.6,130,44,47,3.04,36135,23284,72,52,6.68,31.48,18.44
Tomato,Clay,Zaid,Canal,6.3,6.8,208,81,86,29.34,58750,12026,65,39,6.54,22.73,23.79
Wheat,Red,Rabi,Canal,6.3,6.9,110,56,60,3.33,32679,20373,95,52,5.19,27.68,25.46
Soybean,Black,Zaid,Drip,6.0,7.0,54,69,40,2.54,36443,38195,60,43,8.67,28.54,18.14
Wheat,Red,Kharif,Drip,6.2,7.6,93,42,53,2.5,46316,21938,73,30,8.44,25.27,29.57
Groundnut,Red,Rabi,Canal,6.0,7.4,63,78,82,1.3,40025,62321,89,44,7.14,28.07,16.15
Capsicum,Clay,Zaid,Sprinkler,5.7,7.2,173,138,97,17.44,84553,48977,80,37,6.68,22.97,27.23
Cotton,Red,Zaid,Sprinkler,6.2,6.9,150,74,63,1.87,68611,66038,79,23,5.73,24.75,27.16
Wheat,Clay,Rabi,Rainfed,6.3,6.5,93,53,68,4.77,42730,22739,73,21,6.52,29.23,19.46
Capsicum,Loamy,Zaid,Canal,5.8,7.8,227,138,122,26.01,74378,28866,90,36,5.33,27.65,15.64
Soybean,Black,Zaid,Rainfed,5.6,7.5,88,62,68,1.86,42848,36142,79,49,7.69,21.99,28.47
Sugarcane,Sandy,Rabi,Canal,6.1,6.5,202,111,86,52.88,95714,3658,74,53,7.15,28.55,27.27
Cotton,Sandy,Kharif,Drip,5.9,7.3,186,92,64,2.85,62833,63307,76,33,8.85,32.39,22.16
Groundnut,Clay,Rabi,Canal,5.7,6.7,68,82,70,2.95,37945,42686,73,60,8.99,32.67,19.78
Sugarcane,Red,Zaid,Drip,6.1,6.7,255,116,95,50.97,61421,4177,61,37,8.67,30.35,27.95
Rice,Red,Zaid,Rainfed,6.0,7.5,105,48,53,5.34,57232,21219,89,40,5.92,31.7,26.18
Groundnut,Black,Zaid,Drip,5.6,7.5,57,82,87,1.69,46783,63635,77,30,5.37,28.34,24.91
Capsicum,Loamy,Kharif,Drip,5.9,6.7,215,119,129,22.8,101467,48505,65,49,7.29,34.16,15.91
Sugarcane,Sandy,Zaid,Rainfed,5.8,6.9,298,92,91,25.98,72092,3606,75,33,6.11,22.93,26.12
Groundnut,Clay,Rabi,Rainfed,5.6,7.6,66,76,75,2.06,30569,62660,88,43,5.75,20.83,19.41
Soybean,Sandy,Zaid,Rainfed,5.5,6.5,60,72,58,2.95,31883,36783,87,21,7.25,23.3,24.51
Groundnut,Loamy,Zaid,Canal,6.0,6.7,41,63,98,2.0,44907,48175,79,21,7.63,28.35,26.33
Maize,Red,Rabi,Canal,6.5,7.0,133,77,46,3.92,33280,17257,84,49,6.71,20.43,15.68
Groundnut,Black,Kharif,Drip,6.2,6.9,48,83,70,2.26,34724,64381,93,21,6.71,23.85,28.32
Maize,Loamy,Kharif,Sprinkler,5.9,6.6,160,56,63,6.27,35584,18437,86,36,6.56,29.47,18.49
Cotton,Black,Kharif,Drip,6.1,7.7,145,94,99,3.55,48943,73947,63,51,5.99,33.63,28.84
Maize,Red,Kharif,Drip,6.3,7.5,150,84,48,3.27,39729,21571,92,31,7.28,27.1,27.69
Soybean,Black,Zaid,Sprinkler,6.3,7.1,80,87,77,1.83,28602,39941,65,41,6.61,33.36,19.23
Cotton,Sandy,Zaid,Canal,6.1,7.8,179,95,87,3.98,55776,75636,87,34,5.01,27.74,23.47
Rice,Sandy,Kharif,Sprinkler,5.9,7.5,115,42,47,4.36,41478,22738,71,28,7.95,23.29,24.92
Sugarcane,Black,Kharif,Sprinkler,6.1,7.7,285,138,125,32.75,99869,3221,91,29,5.89,32.49,21.69
Soybean,Black,Zaid,Drip,5.8,7.5,53,73,56,1.7,27669,45145,73,24,5.02,34.05,26.42
Cotton,Black,Rabi,Rainfed,6.2,6.6,171,81,84,2.7,69889,73362,81,56,8.13,21.81,17.06
Rice,Loamy,Zaid,Canal,5.6,6.7,144,57,48,5.81,40037,23304,62,55,8.16,26.29,23.57
Potato,Black,Kharif,Canal,5.5,6.6,184,91,105,16.61,70812,13134,68,36,6.27,32.84,16.68
Wheat,Clay,Kharif,Rainfed,5.7,7.3,104,61,43,3.81,37069,21556,82,34,7.79,29.08,25.71
Sugarcane,Clay,Rabi,Sprinkler,5.9,7.3,204,112,127,42.68,64729,3445,66,27,7.47,21.21,26.17
Cotton,Loamy,Kharif,Drip,5.7,7.4,167,91,92,2.29,64743,62418,74,36,7.87,21.97,21.0
Sugarcane,Clay,Kharif,Canal,6.3,6.8,210,118,92,38.66,78024,3297,60,40,6.48,25.36,22.49
Tomato,Red,Zaid,Rainfed,6.1,6.6,162,97,118,33.03,56755,10325,72,31,8.35,33.99,23.33
Capsicum,Black,Rabi,Canal,6.0,6.6,239,137,130,28.92,84130,43317,93,22,8.68,27.77,19.6
Soybean,Black,Rabi,Canal,6.1,7.7,52,87,75,1.57,28523,36460,87,28,6.76,33.98,23.29
Maize,Red,Rabi,Rainfed,6.2,7.1,123,79,44,6.02,45249,20598,75,54,6.92,27.17,15.95
Cotton,Clay,Rabi,Rainfed,5.6,7.8,153,69,71,2.33,58643,70277,77,52,8.12,34.08,21.05
Wheat,Sandy,Kharif,Sprinkler,6.2,6.6,122,60,52,2.6,41339,20068,92,50,7.07,20.27,22.79
Rice,Black,Zaid,Canal,6.3,6.8,127,58,67,3.01,52636,23806,88,20,7.33,29.93,15.98
Soybean,Loamy,Zaid,Sprinkler,6.2,6.7,81,98,71,1.81,40530,49867,81,22,6.89,23.4,17.71
Cotton,Sandy,Rabi,Canal,6.2,7.3,165,68,94,1.64,57376,70266,90,24,7.27,24.57,23.38
Sugarcane,Red,Rabi,Drip,5.8,7.1,297,94,89,37.85,91757,3032,84,47,5.61,32.63,20.43
Tomato,Clay,Kharif,Canal,5.8,7.2,199,105,101,36.58,56969,8951,74,41,7.69,32.48,15.24
Groundnut,Red,Zaid,Rainfed,6.4,7.6,63,92,83,1.35,42313,62236,77,55,6.27,34.99,28.91
Soybean,Sandy,Zaid,Sprinkler,6.3,7.0,81,99,53,1.58,33712,40014,83,43,6.85,22.73,28.92
Potato,Red,Zaid,Canal,6.3,7.3,254,106,128,15.77,66673,15819,95,43,7.81,21.9,17.22
Wheat,Black,Kharif,Drip,6.0,7.4,109,55,62,4.78,42333,19595,95,41,6.73,27.13,26.34
Wheat,Red,Kharif,Rainfed,5.6,7.3,97,68,44,2.82,48636,19949,66,42,7.68,26.56,19.94
Wheat,Black,Zaid,Canal,6.1,7.5,120,47,61,4.43,31881,18070,60,24,6.95,31.06,20.46
Capsicum,Loamy,Rabi,Sprinkler,6.3,7.6,211,114,85,13.5,78891,25876,92,37,7.14,27.75,23.88
Tomato,Loamy,Kharif,Canal,6.3,7.5,237,80,93,15.22,88453,8577,63,45,5.06,24.25,20.92
Capsicum,Clay,Kharif,Rainfed,5.7,7.7,223,105,104,11.17,78334,44202,72,32,5.07,21.36,15.45
Wheat,Clay,Rabi,Canal,6.2,6.7,102,68,47,3.52,38516,25555,84,38,6.5,25.74,26.92
Maize,Sandy,Zaid,Canal,5.6,7.0,135,85,63,5.91,31107,14469,78,39,5.51,23.57,28.06
Groundnut,Black,Kharif,Sprinkler,6.4,6.9,57,85,62,2.49,37628,43839,65,20,7.38,23.76,15.1
Maize,Red,Rabi,Sprinkler,5.9,7.4,145,57,70,6.2,39654,15524,95,53,5.4,32.65,28.34
Maize,Red,Kharif,Canal,5.6,7.5,175,76,50,6.73,39358,20980,88,57,7.74,29.68,20.73
Wheat,Sandy,Kharif,Canal,5.7,7.7,117,63,41,3.8,39175,23662,68,53,8.82,21.04,22.67
Potato,Clay,Kharif,Sprinkler,6.2,6.9,229,122,81,22.69,47481,18643,82,31,5.83,24.17,29.78
Rice,Loamy,Rabi,Drip,5.7,6.6,134,68,79,2.55,41750,20356,89,32,6.85,21.76,28.78
Groundnut,Red,Kharif,Canal,5.7,6.8,50,91,67,2.24,46344,64214,86,20,8.11,20.0,29.26
Rice,Black,Rabi,Drip,5.6,7.1,108,47,66,2.91,39000,17803,92,55,8.65,30.31,25.78
Rice,Sandy,Kharif,Drip,5.7,6.7,120,60,52,4.1,46244,16117,83,34,5.79,27.38,23.2
Cotton,Clay,Zaid,Rainfed,6.0,6.8,153,73,79,3.2,66092,64084,61,57,6.85,31.3,27.77
Wheat,Sandy,Rabi,Sprinkler,6.5,6.9,135,41,59,2.25,40824,19565,82,54,5.53,20.92,22.96
Potato,Sandy,Rabi,Drip,5.8,7.8,193,106,98,16.48,71320,14734,60,36,7.74,26.88,29.79
Sugarcane,Sandy,Kharif,Canal,6.1,7.8,212,96,117,46.36,73076,4009,67,38,6.23,24.2,27.4
Wheat,Red,Kharif,Sprinkler,6.5,7.5,91,69,58,2.5,30599,18645,75,42,5.95,33.35,19.66
Groundnut,Clay,Zaid,Drip,6.5,6.9,70,100,83,1.92,42972,50365,69,51,7.48,22.86,20.14
Maize,Sandy,Kharif,Canal,6.1,7.6,139,51,78,4.59,37377,16420,63,51,7.7,20.6,27.34
Maize,Clay,Zaid,Rainfed,6.3,7.7,180,69,40,5.3,39386,16652,63,51,7.05,22.93,16.75
Potato,Red,Kharif,Canal,5.8,6.9,252,133,105,14.41,75682,19835,91,20,8.08,20.31,25.13
Soybean,Loamy,Rabi,Sprinkler,6.5,7.0,64,93,56,1.73,28113,43436,83,55,7.5,27.0,22.62
Soybean,Sandy,Rabi,Canal,6.2,6.8,84,100,52,2.2,28651,41368,65,43,5.75,28.53,24.17
Capsicum,Sandy,Rabi,Sprinkler,6.3,7.0,231,106,119,10.39,100629,45354,69,23,8.06,27.75,19.11
Cotton,Black,Kharif,Rainfed,5.7,6.7,144,72,96,2.07,58484,54620,89,31,8.15,27.32,18.14
Rice,Black,Rabi,Rainfed,5.7,7.5,122,70,77,4.14,40707,20033,91,20,7.1,31.61,26.73
Wheat,Sandy,Rabi,Drip,6.1,7.7,105,70,47,3.67,35121,24299,72,36,7.78,28.87,25.83
Soybean,Black,Rabi,Rainfed,6.0,7.6,54,97,71,1.87,35283,38718,78,32,5.56,26.39,28.68
Groundnut,Loamy,Zaid,Drip,6.5,6.8,73,74,97,1.39,30916,51336,66,55,5.37,24.85,22.37
Soybean,Red,Zaid,Sprinkler,5.9,6.8,72,65,43,2.69,40671,36298,66,38,8.29,32.88,24.37
Maize,Clay,Zaid,Drip,6.0,7.7,121,72,68,6.6,35113,18983,61,42,7.24,30.63,20.95
Maize,Loamy,Rabi,Sprinkler,5.9,7.5,174,81,57,5.81,35673,18082,64,56,7.58,20.53,20.47
Maize,Black,Kharif,Drip,6.0,7.5,164,86,79,6.9,38766,20803,95,30,6.96,33.84,17.56
Groundnut,Loamy,Kharif,Rainfed,5.8,6.6,41,69,97,1.23,41537,51847,95,53,7.71,22.67,17.58
Rice,Loamy,Kharif,Rainfed,5.7,7.6,123,65,69,5.78,40716,17323,85,25,5.52,33.57,28.0
Tomato,Black,Zaid,Drip,6.3,6.8,184,108,79,20.51,80289,9183,87,37,8.6,23.99,26.27
Groundnut,Loamy,Rabi,Rainfed,5.8,6.7,68,97,79,2.74,44794,47922,88,56,6.45,31.27,27.37
Groundnut,Red,Kharif,Sprinkler,6.0,7.0,46,69,90,2.92,44475,43175,65,47,7.88,21.92,23.61
Tomato,Sandy,Kharif,Sprinkler,6.2,6.7,222,89,92,17.19,69011,12880,64,20,7.34,24.72,18.04
Groundnut,Black,Rabi,Canal,6.1,6.8,53,79,61,1.34,37661,59707,66,54,7.94,26.61,19.59
Wheat,Loamy,Kharif,Sprinkler,5.7,7.0,97,42,70,4.38,42233,18264,72,23,5.47,30.52,17.46
Groundnut,Loamy,Rabi,Drip,6.2,7.4,44,66,83,1.7,44988,44661,95,33,5.5,27.53,15.41
Wheat,Black,Rabi,Canal,6.4,7.8,96,45,40,3.56,48853,22980,84,41,5.16,34.58,22.88
Maize,Black,Kharif,Rainfed,5.7,6.8,152,80,73,4.14,30429,21060,86,46,6.44,23.85,21.49
Potato,Red,Kharif,Rainfed,5.9,7.8,231,139,106,26.35,62153,12710,95,32,8.37,21.15,18.88
Soybean,Red,Zaid,Drip,5.7,6.8,56,71,53,1.66,29953,54796,62,32,5.97,20.62,15.08
Sugarcane,Sandy,Rabi,Sprinkler,6.0,7.7,267,83,109,48.58,97836,3627,65,53,6.93,31.51,28.28
Cotton,Clay,Zaid,Drip,6.3,7.6,173,75,64,3.91,49748,58012,84,31,5.82,22.59,20.23
Soybean,Loamy,Kharif,Canal,6.2,7.3,69,66,67,1.7,25682,45064,75,34,8.47,30.54,16.31
Sugarcane,Clay,Kharif,Sprinkler,5.8,6.9,235,130,121,41.82,75803,3566,92,38,7.88,33.63,22.24
Soybean,Sandy,Rabi,Canal,5.6,6.5,69,93,72,1.68,34189,35758,70,43,5.78,34.05,27.24
Soybean,Clay,Kharif,Canal,5.6,7.0,66,76,76,1.58,42890,52492,70,22,6.92,30.4,21.48
Sugarcane,Sandy,Rabi,Sprinkler,6.5,7.2,247,81,110,47.31,99240,3091,94,46,7.11,34.48,27.22
Cotton,Red,Rabi,Drip,6.5,7.1,185,90,79,3.84,57702,59303,90,58,8.78,25.21,23.9
Cotton,Red,Rabi,Sprinkler,5.8,7.2,183,75,83,3.54,57216,68112,91,55,5.16,26.46,27.91
Soybean,Red,Kharif,Canal,6.4,7.6,72,90,46,2.55,41751,45326,84,29,5.0,23.67,26.23
Soybean,Clay,Zaid,Rainfed,6.3,6.6,90,84,70,1.8,36022,47072,75,48,5.18,33.16,24.09
Rice,Red,Zaid,Drip,5.9,7.8,130,44,43,2.85,37516,21541,86,58,7.76,28.88,29.28
Cotton,Clay,Zaid,Drip,5.6,7.3,149,84,64,2.35,65200,63974,74,50,6.85,28.52,24.94
Tomato,Sandy,Zaid,Canal,6.0,7.3,227,95,91,19.07,60339,10588,84,21,6.88,34.19,17.49
Sugarcane,Black,Zaid,Sprinkler,5.6,6.9,266,96,110,53.23,94471,3199,64,36,5.02,22.2,27.38
Potato,Red,Rabi,Rainfed,6.4,7.4,215,90,91,18.69,71387,14792,69,31,6.81,30.86,26.28
Wheat,Loamy,Rabi,Canal,5.8,6.5,119,59,67,4.41,40322,21100,69,57,6.58,24.44,17.38
Sugarcane,Loamy,Kharif,Drip,5.9,7.2,204,93,139,39.4,73959,3632,79,41,6.83,29.35,27.04
Potato,Sandy,Rabi,Rainfed,6.2,6.6,247,103,84,20.92,64926,18317,83,51,6.57,34.44,23.83
Capsicum,Clay,Zaid,Sprinkler,6.5,6.7,192,106,82,19.86,65844,35652,90,58,8.19,20.31,24.49
Potato,Loamy,Zaid,Rainfed,5.6,7.5,196,132,140,17.36,58375,15687,94,34,7.24,29.88,27.54
Potato,Sandy,Rabi,Canal,6.3,7.6,246,115,102,14.86,55499,17707,74,59,6.58,23.56,27.95
Soybean,Sandy,Zaid,Rainfed,5.7,7.0,64,99,44,2.1,40654,50064,72,29,5.11,28.32,24.98
Tomato,Red,Zaid,Canal,5.7,6.5,188,87,77,35.46,89560,16235,95,49,5.29,22.9,20.68
Soybean,Sandy,Zaid,Sprinkler,6.2,7.2,88,97,78,1.62,30285,45792,74,52,7.96,34.25,27.39
Rice,Sandy,Zaid,Canal,6.4,7.6,147,47,57,4.44,37809,21915,66,32,7.68,34.84,25.9
Wheat,Red,Zaid,Canal,6.4,7.8,97,50,47,2.76,41784,22497,70,49,7.85,27.07,17.42
Rice,Black,Rabi,Canal,6.0,6.5,100,53,50,2.96,46201,16051,90,44,8.92,29.59,18.0
Tomato,Clay,Zaid,Drip,6.5,6.6,171,120,114,18.15,84305,11164,64,50,6.55,30.73,23.09
Tomato,Black,Zaid,Canal,6.2,6.7,165,71,106,31.32,67298,17672,84,44,7.2,27.46,21.32
Maize,Sandy,Kharif,Drip,6.2,7.3,120,75,46,4.49,40379,15274,72,49,6.78,29.66,21.9
Rice,Clay,Rabi,Drip,6.0,6.9,114,59,68,5.61,48990,22015,62,45,6.39,23.55,27.6
Cotton,Clay,Rabi,Drip,5.5,7.4,165,88,87,2.61,47866,71619,60,24,6.43,30.89,16.48
Soybean,Clay,Rabi,Sprinkler,6.2,7.7,88,62,77,1.63,31787,42076,70,20,5.62,30.08,29.17
Rice,Black,Rabi,Canal,6.5,7.6,107,66,71,4.7,58315,21110,68,34,8.02,26.02,29.48
Soybean,Loamy,Rabi,Drip,5.7,6.7,54,90,77,1.8,32006,45282,79,38,6.26,34.43,21.09
Maize,Clay,Zaid,Canal,5.6,7.1,120,72,60,4.79,42620,20317,66,49,5.87,20.72,23.24
Sugarcane,Black,Rabi,Canal,6.2,7.1,257,103,121,35.66,73077,3705,75,28,6.89,25.36,21.68
Sugarcane,Sandy,Rabi,Canal,5.7,7.2,241,84,100,35.01,68399,3650,74,47,8.53,21.81,19.95
Rice,Loamy,Rabi,Sprinkler,6.1,7.5,138,60,43,5.28,37768,19281,60,47,6.2,22.93,22.83
Capsicum,Clay,Kharif,Sprinkler,6.1,7.1,177,98,101,22.58,90457,22035,82,29,5.95,28.75,22.39
Groundnut,Sandy,Rabi,Canal,6.1,7.6,77,66,92,1.8,37898,51685,88,55,8.65,33.66,23.83
Potato,Black,Rabi,Drip,6.3,7.3,246,100,106,19.31,64862,19687,68,43,5.61,25.72,26.61
Wheat,Loamy,Zaid,Drip,5.9,7.7,136,50,49,3.87,31895,20653,64,33,5.78,20.15,19.72
Groundnut,Black,Rabi,Canal,5.6,7.3,72,83,91,1.4,45307,54566,92,22,6.3,23.09,15.33
Cotton,Clay,Rabi,Canal,5.6,7.0,170,90,63,3.76,63347,54331,84,55,6.67,28.71,29.31
Potato,Loamy,Rabi,Canal,6.4,7.6,229,82,97,14.91,52828,18916,69,38,6.33,25.18,18.09
Groundnut,Clay,Kharif,Canal,6.3,7.8,51,69,97,2.67,39507,43361,81,34,6.59,26.83,28.88
Tomato,Clay,Rabi,Sprinkler,6.0,6.7,176,112,116,16.59,78689,8392,78,39,7.02,33.86,21.46
Potato,Loamy,Zaid,Sprinkler,5.6,7.7,223,133,130,12.31,77599,14824,75,36,7.4,21.8,18.86
Tomato,Red,Zaid,Sprinkler,5.9,7.0,197,71,102,30.49,81562,13051,80,25,8.62,26.75,29.06
Rice,Black,Kharif,Drip,6.1,6.8,116,64,75,5.05,51512,21325,83,48,7.73,29.01,25.41
Tomato,Clay,Kharif,Rainfed,5.6,6.9,232,83,90,21.7,60715,17653,72,38,7.76,27.3,29.85
Wheat,Sandy,Zaid,Sprinkler,6.0,7.2,116,65,45,3.74,34157,22329,86,54,8.39,31.26,25.28
Potato,Sandy,Kharif,Drip,5.6,7.8,232,100,127,24.02,49194,17752,60,39,8.9,28.1,20.78
Maize,Red,Rabi,Sprinkler,5.7,7.5,138,68,59,4.38,28289,18938,70,48,6.53,30.31,23.65
Soybean,Clay,Rabi,Canal,6.3,7.4,70,91,70,2.52,38246,53151,80,22,8.62,21.91,19.69
Tomato,Sandy,Kharif,Drip,6.3,6.9,182,120,82,29.44,72314,15065,95,29,5.97,30.57,18.3
Cotton,Red,Zaid,Rainfed,5.6,7.7,177,92,94,3.48,67156,62188,75,21,5.51,28.23,15.91
Groundnut,Sandy,Rabi,Sprinkler,5.9,6.9,73,69,99,2.28,43448,54820,84,55,7.48,24.27,20.4
Wheat,Sandy,Kharif,Drip,6.1,6.7,140,60,41,4.49,48080,18796,94,27,7.75,28.01,24.0
Groundnut,Loamy,Rabi,Sprinkler,5.8,7.1,70,96,77,1.72,43329,48727,87,30,8.34,33.81,21.08
Sugarcane,Sandy,Zaid,Rainfed,6.4,7.5,218,125,119,37.88,75569,3391,90,55,8.11,22.78,21.71
Capsicum,Loamy,Kharif,Sprinkler,6.4,6.6,154,112,132,12.15,62969,31242,60,34,7.01,26.94,15.32
Maize,Loamy,Kharif,Rainfed,5.9,6.7,160,88,74,3.94,42910,18787,69,21,8.67,23.98,29.48
Tomato,Black,Rabi,Drip,6.5,6.7,233,120,93,26.3,61583,14355,70,44,5.8,31.45,18.55
Rice,Sandy,Kharif,Sprinkler,6.1,6.7,120,58,78,3.35,57628,23692,83,59,8.36,23.15,26.18
Wheat,Sandy,Kharif,Sprinkler,6.3,7.2,117,61,55,4.99,45418,25603,91,33,7.34,24.94,28.8
Potato,Loamy,Zaid,Sprinkler,6.4,7.3,188,112,90,30.0,62959,17273,63,55,6.19,27.72,28.9
Wheat,Sandy,Zaid,Drip,5.8,7.2,97,68,47,3.42,41989,19457,65,54,6.28,24.69,16.29
Potato,Sandy,Rabi,Sprinkler,6.3,7.1,254,137,118,12.29,56159,18661,85,56,7.66,24.58,23.8
Capsicum,Loamy,Rabi,Rainfed,6.0,6.5,170,103,106,19.53,63444,21576,87,48,6.15,24.76,23.11
Soybean,Red,Zaid,Drip,5.7,7.3,72,77,76,1.57,28738,37349,90,49,8.1,33.68,17.2
Capsicum,Red,Rabi,Rainfed,5.8,7.0,192,138,102,17.77,81815,44766,70,52,7.97,22.18,23.89
Soybean,Loamy,Rabi,Sprinkler,6.2,7.5,55,66,58,2.55,26574,48881,65,37,7.33,23.02,29.55
Capsicum,Black,Rabi,Rainfed,6.1,7.3,238,129,108,13.73,60555,22508,95,27,8.72,21.06,29.43
Groundnut,Black,Zaid,Canal,5.6,7.1,45,71,85,1.72,39324,53196,68,51,8.22,23.4,20.39
Sugarcane,Black,Rabi,Sprinkler,5.7,6.5,298,132,121,32.63,96355,2834,92,53,5.31,25.88,26.07
Soybean,Black,Kharif,Rainfed,6.4,6.7,77,98,73,2.63,35327,35224,60,32,7.38,20.98,16.02
Soybean,Red,Zaid,Canal,6.3,6.9,83,97,78,2.35,30387,54280,81,53,7.11,28.54,19.34
Rice,Red,Rabi,Rainfed,5.6,6.6,106,49,46,3.08,48875,23661,94,47,6.68,32.53,15.57
Soybean,Red,Rabi,Rainfed,6.2,7.3,79,74,54,2.94,37018,41880,72,59,6.16,20.28,23.47
Potato,Clay,Kharif,Sprinkler,6.2,6.6,235,92,80,20.01,49546,15786,64,46,5.65,30.19,18.64
Cotton,Sandy,Zaid,Drip,6.1,7.3,194,73,92,2.42,51761,51475,92,26,8.14,32.25,25.97
Tomato,Black,Rabi,Rainfed,5.8,6.6,240,92,84,16.11,67379,12500,93,24,5.76,27.83,21.32
Potato,Clay,Kharif,Rainfed,6.0,7.1,218,123,137,15.46,48477,14724,76,26,7.1,20.05,20.56
Potato,Clay,Zaid,Rainfed,6.2,7.4,215,109,92,12.4,79731,15955,85,54,8.3,28.83,15.05
Groundnut,Red,Kharif,Canal,5.5,6.6,73,91,66,1.23,38790,54455,77,40,7.54,24.04,29.57
Wheat,Black,Zaid,Canal,5.6,7.0,111,40,69,2.76,42915,25344,68,50,6.45,20.67,28.83
Maize,Clay,Kharif,Rainfed,6.4,6.8,176,90,60,4.76,35963,18166,61,28,6.23,30.99,19.35
Rice,Black,Kharif,Rainfed,6.3,7.4,119,58,71,5.34,44557,18134,89,54,8.09,23.75,20.45
Potato,Loamy,Zaid,Rainfed,6.2,7.2,212,132,86,27.26,59101,15372,74,56,6.56,29.67,28.28
Sugarcane,Clay,Rabi,Rainfed,5.7,6.6,276,123,110,52.44,88004,4110,79,35,6.78,31.73,16.87
Maize,Clay,Kharif,Canal,6.2,6.9,177,86,43,3.66,46402,18410,76,47,6.91,30.7,19.3
Cotton,Black,Rabi,Sprinkler,5.6,7.4,192,62,69,1.99,50079,66142,83,36,6.86,24.65,16.1
Cotton,Clay,Zaid,Canal,5.8,6.7,155,71,91,2.32,46765,75709,62,35,5.5,25.35,15.94
Rice,Sandy,Kharif,Rainfed,5.8,6.8,116,63,71,4.13,37077,22549,88,51,5.1,32.36,18.23
Sugarcane,Black,Rabi,Drip,6.0,7.4,297,104,139,38.78,73536,3715,88,55,8.45,29.13,28.79
Groundnut,Sandy,Kharif,Sprinkler,5.6,7.7,69,61,84,1.57,34915,42163,67,33,8.33,34.93,20.96
Wheat,Loamy,Kharif,Rainfed,6.2,6.6,127,47,58,2.92,45709,21304,79,58,8.72,30.08,28.48
Tomato,Red,Zaid,Drip,5.9,6.8,234,98,70,38.18,70602,8855,87,60,6.6,27.94,24.63
Wheat,Red,Rabi,Canal,5.8,7.8,109,56,46,4.61,34419,22210,75,60,6.25,21.06,25.88
Potato,Red,Zaid,Canal,5.6,7.4,194,126,138,18.33,65299,16226,82,22,6.74,21.1,28.98
Potato,Black,Rabi,Canal,6.1,7.5,226,101,139,20.23,61791,16665,68,31,8.36,25.52,20.68
Sugarcane,Black,Kharif,Rainfed,6.4,7.1,276,125,134,31.27,69478,4074,67,25,5.55,27.11,15.92
Potato,Loamy,Rabi,Drip,6.2,7.7,252,82,102,18.53,56660,16723,70,33,8.0,29.02,20.81
Tomato,Sandy,Rabi,Rainfed,6.3,7.6,236,83,106,26.95,54604,10570,83,49,6.55,30.08,24.67
Soybean,Sandy,Rabi,Rainfed,6.2,6.8,63,66,53,2.13,32030,54355,60,26,8.67,34.02,21.89
Maize,Sandy,Zaid,Sprinkler,5.9,7.1,179,90,77,6.59,32027,15199,77,38,6.52,32.32,29.12
Wheat,Clay,Kharif,Canal,5.8,7.1,91,48,53,3.34,41175,24105,82,36,5.33,26.21,18.21
Maize,Black,Zaid,Canal,6.0,7.2,163,51,51,6.84,31064,19178,90,28,6.02,20.03,27.37
Wheat,Sandy,Zaid,Canal,5.6,7.5,140,49,56,3.36,38779,22453,87,41,5.97,21.61,23.19
Tomato,Sandy,Zaid,Drip,6.3,6.9,186,91,119,32.65,88958,8380,68,32,5.11,34.44,15.66
Cotton,Black,Zaid,Drip,5.6,7.1,172,79,61,3.05,49543,73737,66,36,8.2,34.81,16.32
Maize,Sandy,Zaid,Canal,6.3,7.0,120,67,58,6.68,34525,17434,63,34,7.36,25.38,19.12
Rice,Clay,Rabi,Rainfed,5.9,6.7,100,57,79,3.99,51575,16899,93,58,7.34,22.14,27.92
Wheat,Loamy,Rabi,Drip,5.7,7.6,134,42,48,2.47,37998,25165,95,24,7.19,24.98,25.84
Sugarcane,Sandy,Zaid,Drip,6.1,7.1,212,104,87,46.76,97679,2979,83,50,5.93,24.95,20.04
Groundnut,Black,Rabi,Sprinkler,6.1,7.3,55,90,70,2.84,35979,54135,76,53,8.08,28.66,24.42
Cotton,Black,Zaid,Drip,5.9,7.7,191,93,88,1.74,55318,73780,94,23,5.25,25.88,24.83
Groundnut,Loamy,Zaid,Canal,6.4,7.0,64,67,64,1.6,40974,52294,70,46,8.89,21.72,17.72
Groundnut,Loamy,Zaid,Sprinkler,5.7,7.4,77,76,63,2.75,34640,48066,85,26,8.0,20.01,18.25
Potato,Black,Zaid,Sprinkler,6.4,7.4,260,100,116,22.79,69468,17611,72,50,5.68,34.41,18.39
Groundnut,Clay,Kharif,Drip,6.5,7.2,47,93,98,2.53,33751,61262,61,36,7.73,22.14,16.15
Tomato,Loamy,Kharif,Drip,6.3,7.0,216,109,79,18.27,83638,9651,73,51,5.29,31.12,22.96
Tomato,Clay,Kharif,Sprinkler,5.7,7.7,177,70,87,37.54,71293,9723,90,53,5.81,31.52,26.51
Maize,Red,Zaid,Sprinkler,5.7,7.7,169,88,69,5.52,43674,20596,84,40,8.94,32.68,23.29
Soybean,Red,Zaid,Drip,6.1,7.3,55,78,80,1.98,40303,51801,60,28,5.29,29.35,23.47
Sugarcane,Red,Kharif,Drip,6.4,7.5,239,86,93,25.97,78772,3804,93,22,7.66,33.58,18.54
Tomato,Red,Zaid,Canal,5.6,6.6,182,70,82,24.4,55107,13917,68,56,8.62,32.48,26.33
Soybean,Loamy,Rabi,Sprinkler,6.3,6.6,56,96,72,2.11,35061,43221,67,39,5.29,21.93,19.38
Sugarcane,Black,Zaid,Sprinkler,6.3,7.5,296,95,89,29.51,84475,3997,79,56,6.95,28.73,16.55
Capsicum,Sandy,Rabi,Canal,5.9,6.8,225,107,81,11.59,102466,42160,92,44,8.8,21.39,15.01
Groundnut,Loamy,Rabi,Sprinkler,5.9,6.7,52,89,100,2.71,44714,60254,77,44,8.75,27.38,22.26
Wheat,Sandy,Zaid,Sprinkler,6.4,6.5,113,61,53,2.25,41605,20355,83,25,8.31,32.03,29.0
Potato,Clay,Kharif,Drip,6.1,7.4,232,81,86,28.29,48564,16255,60,26,6.35,31.34,20.37
Cotton,Clay,Rabi,Canal,5.8,7.5,178,68,80,3.17,56834,65786,64,59,8.72,27.79,28.31
Tomato,Red,Zaid,Rainfed,6.2,7.5,238,94,87,22.31,84851,13822,64,26,7.83,25.08,28.32
Soybean,Sandy,Kharif,Rainfed,5.6,7.4,76,98,64,2.88,28382,44816,90,25,5.54,23.29,23.89
Capsicum,Clay,Kharif,Rainfed,5.6,7.1,199,107,85,26.95,113105,48734,85,50,7.7,25.58,18.52
Groundnut,Black,Rabi,Rainfed,5.5,6.9,68,89,86,1.68,34901,46334,93,40,7.98,25.74,28.04
Cotton,Red,Rabi,Rainfed,6.3,7.3,189,100,76,2.18,48223,78478,88,56,6.28,32.57,19.31
Groundnut,Black,Kharif,Sprinkler,6.1,7.8,76,74,62,2.01,40680,49190,90,25,6.5,28.36,21.34
Tomato,Red,Kharif,Rainfed,6.4,7.6,200,97,87,37.91,50045,17149,87,23,7.81,34.19,27.95
Groundnut,Loamy,Rabi,Rainfed,6.0,6.7,75,81,84,2.36,44684,63278,85,20,5.77,33.7,24.37
Cotton,Black,Rabi,Sprinkler,5.7,6.5,145,76,70,3.17,56487,63525,94,48,7.1,20.04,24.54
Soybean,Red,Rabi,Canal,5.6,7.5,70,73,46,2.37,28892,54917,92,59,6.87,29.57,24.23
Rice,Black,Rabi,Sprinkler,5.9,7.2,149,56,44,3.11,43423,21433,69,59,6.74,34.95,15.71
Groundnut,Sandy,Kharif,Drip,6.2,6.9,40,89,93,1.43,34483,49308,72,45,6.53,31.02,28.28
Capsicum,Loamy,Zaid,Sprinkler,5.6,7.6,184,109,93,21.23,60134,34903,68,39,6.74,20.38,23.75
Groundnut,Red,Zaid,Drip,5.6,7.5,66,62,88,1.37,47459,44077,66,52,7.56,29.81,22.4
Groundnut,Clay,Rabi,Canal,5.7,7.2,76,89,89,1.36,33052,48397,73,55,8.78,32.97,20.83
Capsicum,Red,Rabi,Canal,5.7,7.1,199,129,108,11.05,67884,41514,61,38,5.8,22.87,19.58
Cotton,Loamy,Zaid,Rainfed,5.8,7.6,193,78,85,2.66,67495,54386,85,47,5.34,26.11,16.55
Sugarcane,Clay,Rabi,Rainfed,6.2,7.2,288,121,137,40.85,65470,3883,83,56,5.07,24.16,23.5
Potato,Loamy,Kharif,Rainfed,6.5,7.4,245,101,106,14.06,55717,16079,72,55,5.16,34.17,27.45
Rice,Clay,Zaid,Drip,6.1,7.4,106,51,75,4.26,51214,21456,93,49,6.7,24.87,15.76
Rice,Black,Rabi,Canal,5.8,7.7,101,57,75,5.27,39868,20728,88,22,8.92,28.9,17.31
Tomato,Clay,Zaid,Rainfed,6.1,6.6,165,84,87,27.33,58343,16955,85,38,5.94,26.01,15.02
Cotton,Sandy,Kharif,Sprinkler,5.6,7.1,146,80,78,2.78,63433,50467,95,41,6.18,24.39,24.03
Groundnut,Black,Rabi,Canal,6.5,7.1,61,100,98,1.2,37407,64757,70,43,7.59,28.14,16.72
Cotton,Sandy,Zaid,Sprinkler,6.5,7.6,172,63,88,2.41,62050,75143,80,57,8.59,22.67,25.66
Wheat,Loamy,Kharif,Drip,5.8,7.2,94,67,46,3.17,44570,19521,95,31,6.56,31.87,24.19
Soybean,Loamy,Kharif,Canal,5.7,7.5,55,92,73,1.71,37018,54473,65,55,5.96,34.8,23.87
Tomato,Black,Kharif,Sprinkler,5.6,7.6,229,117,93,15.21,86413,14299,67,24,8.53,28.59,18.8
Capsicum,Clay,Kharif,Canal,6.5,7.6,177,87,120,23.4,83024,20302,64,20,6.07,22.1,21.45
Soybean,Black,Zaid,Sprinkler,6.1,7.6,69,69,63,2.34,38915,39808,86,60,8.03,26.87,22.29
Rice,Black,Rabi,Canal,6.0,7.0,144,42,63,5.81,50014,20527,70,56,5.62,29.22,29.02
Cotton,Red,Kharif,Rainfed,5.8,7.4,147,93,91,3.05,53627,53600,79,36,6.08,32.55,24.73
Wheat,Loamy,Zaid,Sprinkler,6.2,7.4,122,43,50,3.79,44382,20417,68,47,6.64,25.98,19.85
Rice,Loamy,Zaid,Drip,5.9,7.2,147,71,74,3.72,53136,20049,91,35,7.73,20.88,26.17
Potato,Loamy,Kharif,Drip,6.5,7.3,203,91,140,18.4,71592,17358,75,57,6.74,25.12,21.81
Soybean,Loamy,Zaid,Rainfed,5.5,7.7,89,84,59,1.75,31582,49666,80,38,5.42,26.57,17.02
Rice,Black,Kharif,Drip,6.4,7.6,130,75,70,5.45,35443,16504,78,35,6.55,21.36,20.06
Cotton,Loamy,Rabi,Canal,6.4,7.7,190,73,62,3.52,66363,73333,67,57,7.48,26.38,20.51
Capsicum,Loamy,Rabi,Sprinkler,6.5,6.6,190,123,122,25.51,107337,48953,88,48,8.97,31.93,24.07
Capsicum,Black,Kharif,Drip,5.9,7.5,182,140,104,11.92,106605,42195,67,44,5.91,29.42,27.24
Tomato,Black,Rabi,Rainfed,6.0,6.6,229,74,105,27.19,56093,16841,81,50,8.86,33.97,23.09
Capsicum,Red,Rabi,Rainfed,6.2,6.6,172,123,125,11.31,106228,46314,62,58,7.11,29.03,23.56
Groundnut,Red,Kharif,Canal,5.8,6.5,41,80,73,1.86,33916,46417,90,51,5.81,32.68,25.0
Wheat,Sandy,Zaid,Rainfed,6.1,6.9,122,52,55,2.43,38357,22498,75,33,5.25,32.58,20.14
Groundnut,Clay,Kharif,Sprinkler,6.0,6.9,55,97,85,1.64,44911,55061,82,45,6.47,30.02,26.61
Rice,Black,Zaid,Rainfed,6.1,6.7,119,53,64,4.95,42333,22266,67,25,8.71,31.27,23.94
Groundnut,Red,Zaid,Drip,5.7,7.7,51,88,97,2.38,45677,54388,78,43,8.74,30.42,16.41
Rice,Black,Zaid,Rainfed,5.8,7.1,139,46,60,4.76,46885,22522,79,51,6.12,32.7,25.75
Tomato,Sandy,Kharif,Sprinkler,6.4,7.4,197,92,88,37.65,71733,9345,83,32,7.19,33.45,16.33
Wheat,Red,Zaid,Drip,6.4,7.2,111,60,60,2.02,44267,24812,93,46,5.55,31.36,24.86
Tomato,Loamy,Rabi,Canal,5.6,6.8,200,91,100,17.36,81416,13702,63,29,8.39,24.34,24.21
Soybean,Sandy,Zaid,Sprinkler,6.1,6.7,75,70,68,2.72,37641,50926,84,40,5.38,28.19,17.5
Capsicum,Loamy,Kharif,Canal,5.7,7.3,162,109,89,25.53,98768,30148,67,49,6.15,28.0,17.3
Cotton,Black,Kharif,Rainfed,5.6,6.6,141,60,97,2.88,68231,71593,74,44,8.22,23.3,21.02
Potato,Black,Kharif,Sprinkler,5.9,7.0,187,96,97,24.57,66142,17798,87,29,5.43,31.55,27.42
Wheat,Sandy,Zaid,Drip,5.9,6.9,123,51,45,3.81,40555,20998,63,35,6.43,20.74,19.95
Groundnut,Loamy,Zaid,Drip,5.8,7.6,45,87,88,1.25,45319,54480,82,32,7.78,27.05,28.5
Wheat,Black,Rabi,Sprinkler,6.3,6.9,132,49,70,4.27,35782,22553,82,46,5.36,26.53,26.86
Capsicum,Clay,Kharif,Sprinkler,5.6,7.3,185,99,93,19.1,117843,31428,71,46,7.63,34.93,23.78
Cotton,Clay,Kharif,Rainfed,6.2,7.1,166,83,91,1.77,46271,76278,72,30,8.09,29.82,20.15
Soybean,Clay,Zaid,Drip,5.8,7.2,80,85,55,1.77,41022,51827,72,22,5.76,32.83,24.01
Cotton,Red,Zaid,Canal,6.3,6.5,187,70,79,3.86,66245,65600,60,29,8.08,20.59,25.4
Tomato,Clay,Kharif,Rainfed,5.8,7.2,164,94,100,25.54,53072,16913,64,42,8.47,28.67,22.21
Rice,Loamy,Kharif,Rainfed,6.4,7.1,110,69,58,3.5,42780,17496,65,33,5.06,27.0,26.4
Groundnut,Sandy,Rabi,Sprinkler,6.4,7.4,66,86,66,1.97,44602,40977,72,43,6.52,33.22,15.2
Tomato,Black,Kharif,Sprinkler,6.0,7.6,232,97,95,29.21,51514,10020,61,55,7.83,24.02,20.19
Cotton,Sandy,Kharif,Drip,5.5,7.0,188,60,84,2.46,54795,69631,62,21,8.21,34.19,19.76
Soybean,Clay,Kharif,Sprinkler,5.5,7.6,87,69,53,2.18,35718,47000,60,35,7.89,27.1,24.56
Tomato,Black,Zaid,Rainfed,5.9,6.6,180,84,94,17.86,69864,8514,89,41,5.64,24.16,24.43
Capsicum,Loamy,Rabi,Canal,5.7,6.5,168,82,85,11.96,81371,33165,63,59,5.25,27.34,20.59
Tomato,Clay,Rabi,Rainfed,6.3,7.7,227,92,78,22.86,56528,14969,90,60,5.12,33.2,24.56
Tomato,Clay,Zaid,Rainfed,6.3,7.0,195,95,96,28.27,82909,10775,90,51,5.5,34.99,15.69
Sugarcane,Loamy,Zaid,Sprinkler,6.2,6.8,226,90,122,32.78,77850,3606,84,38,7.58,31.92,27.77
Soybean,Clay,Rabi,Sprinkler,6.4,7.5,62,66,44,1.86,42917,43617,91,52,5.95,26.45,25.18
Cotton,Sandy,Rabi,Rainfed,6.0,7.1,161,61,65,3.38,60922,60120,70,24,8.15,25.8,26.5
Tomato,Red,Zaid,Sprinkler,5.9,7.7,210,119,78,16.01,52759,14790,93,48,5.8,28.64,20.59
Rice,Loamy,Kharif,Sprinkler,6.4,7.0,109,74,64,5.31,50596,16847,78,51,6.6,23.43,27.71
Cotton,Clay,Rabi,Drip,6.0,7.6,144,65,79,1.84,52033,51917,73,45,8.34,24.82,23.5
Wheat,Red,Kharif,Sprinkler,5.7,7.6,112,45,42,2.02,35728,21350,80,41,8.8,26.11,17.84
Potato,Red,Zaid,Rainfed,6.0,7.5,219,111,136,16.24,46664,15436,80,42,6.66,29.1,25.44
Tomato,Loamy,Zaid,Sprinkler,5.5,6.9,181,80,83,19.99,60852,8348,69,59,7.92,31.73,16.47
Maize,Loamy,Zaid,Sprinkler,5.9,6.8,176,64,57,3.45,47106,21434,66,40,7.36,33.94,16.26
Wheat,Black,Zaid,Canal,6.1,7.2,138,44,62,2.34,44126,19325,81,49,5.5,28.65,28.96
Potato,Black,Rabi,Canal,5.9,6.8,226,87,114,27.88,78471,18902,79,46,8.41,23.26,28.53
Maize,Black,Rabi,Canal,6.4,7.4,138,90,64,6.63,44529,15525,89,35,7.63,34.69,16.11
Maize,Sandy,Zaid,Sprinkler,5.8,6.6,134,64,42,5.96,47439,16951,92,40,8.44,21.57,18.93
Cotton,Clay,Zaid,Drip,6.2,7.2,173,100,94,1.97,50897,70399,70,36,8.6,25.02,26.92
Potato,Loamy,Rabi,Canal,5.8,7.0,201,90,119,18.29,51793,12570,73,53,8.75,21.87,20.13
Capsicum,Black,Zaid,Sprinkler,6.0,7.2,199,129,131,19.04,71333,37841,89,53,8.98,22.05,18.66
Tomato,Loamy,Kharif,Drip,6.0,7.2,236,85,102,17.67,53978,16025,61,60,6.38,21.15,25.06
Capsicum,Loamy,Zaid,Sprinkler,6.3,7.3,230,93,133,10.13,103879,43538,86,56,8.31,20.22,25.92
Maize,Clay,Zaid,Drip,6.4,7.1,173,76,62,6.94,45918,21817,73,53,6.64,31.07,27.54
Sugarcane,Red,Zaid,Rainfed,6.4,7.1,276,91,88,31.78,82920,3824,77,57,6.69,25.39,15.78
Sugarcane,Red,Zaid,Drip,6.0,6.9,212,103,97,27.96,95714,3086,92,51,7.88,34.49,26.53
Wheat,Black,Zaid,Rainfed,5.9,6.8,116,45,50,3.44,44306,21660,87,38,5.86,23.9,16.28
Maize,Loamy,Rabi,Canal,6.0,7.4,123,87,54,3.51,31530,19620,75,49,5.53,21.38,18.0
Groundnut,Loamy,Kharif,Rainfed,6.1,6.6,70,81,64,2.59,41212,42614,67,59,7.81,21.7,17.33
Sugarcane,Red,Zaid,Sprinkler,6.0,6.6,280,91,138,34.78,72935,3187,83,34,7.9,24.54,27.67
Rice,Sandy,Kharif,Canal,6.4,7.3,108,66,80,4.95,44087,21182,71,49,5.03,24.25,17.58
Maize,Clay,Zaid,Canal,6.2,7.8,124,89,74,5.77,29600,17150,63,60,6.97,27.65,19.19
Groundnut,Black,Rabi,Rainfed,5.6,7.7,50,61,64,2.46,33132,58966,79,38,7.46,27.99,26.74
Soybean,Loamy,Kharif,Sprinkler,5.8,6.7,79,81,70,2.31,32397,38807,66,43,5.33,32.6,17.35
Groundnut,Sandy,Rabi,Canal,5.8,7.3,55,66,61,2.76,45235,46317,64,42,8.39,28.93,25.41
Groundnut,Black,Rabi,Drip,5.6,7.5,74,87,93,2.28,46901,42958,64,41,7.44,32.13,22.96
Groundnut,Sandy,Rabi,Canal,5.6,7.0,51,91,99,2.15,37459,40799,61,45,6.35,30.72,18.88
Tomato,Black,Kharif,Rainfed,6.0,7.4,218,81,77,31.67,56572,13299,75,59,8.72,32.13,18.81
Rice,Red,Zaid,Sprinkler,6.0,7.6,140,57,57,3.59,39776,18835,60,58,7.44,24.68,15.76
Tomato,Red,Kharif,Sprinkler,6.1,7.1,186,82,98,34.26,77162,8810,89,28,7.35,28.06,25.93
Cotton,Loamy,Kharif,Drip,6.5,6.9,160,69,98,3.66,63974,62205,88,32,7.72,27.08,21.08
Capsicum,Black,Kharif,Canal,5.6,7.0,152,102,120,20.27,74035,30278,92,24,5.02,26.41,22.72
Soybean,Black,Kharif,Sprinkler,6.3,6.7,70,64,80,2.2,38177,52936,71,46,5.8,28.16,25.61
Rice,Sandy,Rabi,Rainfed,5.9,7.5,140,58,54,5.87,36576,18993,62,49,8.08,20.34,21.59
Capsicum,Loamy,Kharif,Canal,5.7,6.9,193,138,108,15.73,92451,41544,82,20,7.35,21.36,19.86
Cotton,Sandy,Rabi,Sprinkler,6.3,6.6,154,61,80,1.83,54053,57526,72,53,6.73,34.65,21.42
Capsicum,Red,Kharif,Drip,6.3,7.6,201,89,120,12.35,62142,35309,71,48,5.38,33.59,21.17
Wheat,Clay,Zaid,Rainfed,6.3,7.2,105,41,64,3.16,45107,19336,69,31,7.17,26.18,25.23
Rice,Loamy,Kharif,Sprinkler,5.6,7.3,147,80,59,3.62,51027,16813,70,22,6.1,29.84,27.66
Sugarcane,Clay,Kharif,Canal,6.5,7.0,230,123,106,34.65,60127,3636,80,28,5.37,27.01,28.68
Potato,Sandy,Zaid,Drip,5.9,7.4,255,120,129,14.72,74532,19485,83,56,5.79,29.1,26.82
Potato,Clay,Rabi,Rainfed,5.7,7.2,197,117,118,26.91,74630,17871,88,44,7.58,28.96,15.78
Wheat,Sandy,Zaid,Drip,6.2,7.3,93,58,70,4.13,33043,22847,67,32,5.43,23.03,26.78
Sugarcane,Loamy,Zaid,Sprinkler,6.4,6.9,285,128,115,45.29,87699,3100,63,23,8.84,29.16,17.2
Rice,Sandy,Zaid,Sprinkler,5.6,6.6,140,55,64,2.84,42023,16907,94,34,7.78,29.85,23.26
Wheat,Red,Rabi,Sprinkler,5.9,7.2,121,40,64,3.21,36244,19983,92,56,6.03,29.68,19.06
Sugarcane,Loamy,Kharif,Rainfed,6.0,7.3,221,90,140,49.01,91257,3589,70,33,6.52,34.21,25.79
Cotton,Red,Rabi,Canal,5.6,7.4,151,69,85,3.92,54110,59891,84,56,7.74,28.65,26.84
Wheat,Loamy,Zaid,Canal,5.6,7.5,113,47,68,2.11,39458,23052,90,41,7.83,26.75,28.06
Sugarcane,Loamy,Zaid,Sprinkler,5.8,7.3,237,84,133,51.88,92137,3888,65,28,5.07,27.41,27.27
Potato,Black,Zaid,Sprinkler,6.3,7.2,202,130,111,22.48,59259,16975,78,57,6.0,21.89,24.87
Cotton,Black,Rabi,Drip,5.6,6.8,190,93,92,3.43,68822,72058,86,55,6.13,24.77,29.16
Capsicum,Loamy,Zaid,Rainfed,5.5,7.5,240,123,100,20.68,104316,39121,77,26,6.86,32.32,22.51
Soybean,Black,Zaid,Canal,6.3,7.7,65,96,58,2.05,40418,35546,83,44,8.2,22.08,23.02
Sugarcane,Clay,Zaid,Rainfed,6.2,7.3,294,93,91,26.18,88310,4046,69,46,7.5,31.87,26.15
Tomato,Sandy,Kharif,Rainfed,6.1,6.6,166,117,99,15.88,86685,13319,86,41,5.63,29.55,29.85
Sugarcane,Black,Zaid,Rainfed,6.2,7.7,289,84,126,53.06,86542,3454,63,54,5.36,22.99,27.26
Sugarcane,Red,Zaid,Sprinkler,5.9,7.2,236,93,84,54.53,87466,3493,65,43,8.81,27.43,28.23
Maize,Sandy,Rabi,Sprinkler,6.2,7.2,164,59,69,4.87,46007,16838,62,24,8.18,34.9,25.16
Wheat,Clay,Zaid,Canal,5.9,7.2,101,47,58,2.88,41070,24728,68,53,6.74,30.39,21.81
Tomato,Black,Kharif,Drip,6.3,7.4,202,109,85,22.87,52822,14616,78,53,6.3,26.27,15.84
Sugarcane,Sandy,Zaid,Rainfed,5.9,6.7,296,90,94,30.0,74437,3780,86,57,8.66,34.05,18.25
Potato,Loamy,Rabi,Sprinkler,5.5,6.7,256,90,80,23.2,59901,16072,87,38,5.77,32.4,29.4
Tomato,Loamy,Zaid,Sprinkler,5.6,6.5,192,100,119,39.82,61386,9557,85,40,8.29,33.99,22.7
Groundnut,Loamy,Rabi,Canal,5.6,6.8,79,83,76,2.31,46116,48371,93,28,8.97,33.68,28.41
Sugarcane,Clay,Rabi,Canal,5.5,7.2,289,106,124,55.66,89070,3984,79,35,5.28,32.81,18.44
Cotton,Sandy,Zaid,Sprinkler,5.6,7.3,196,97,86,3.6,45681,50665,93,31,6.47,23.95,20.53
Potato,Clay,Kharif,Drip,5.8,7.6,226,93,133,23.09,68439,14654,62,35,8.3,24.02,24.2
Tomato,Loamy,Zaid,Drip,5.9,7.4,208,76,90,33.12,53234,15417,80,60,8.92,32.51,18.55
Groundnut,Loamy,Kharif,Rainfed,6.0,6.5,75,79,99,2.9,33895,47216,79,54,5.07,25.69,24.82
Potato,Loamy,Zaid,Rainfed,5.7,7.5,249,128,82,27.34,79405,17534,84,54,7.42,21.52,22.74
Potato,Clay,Kharif,Canal,5.5,7.3,212,91,95,15.41,61246,14506,70,60,5.06,28.02,15.77
Capsicum,Loamy,Rabi,Canal,6.1,7.2,181,82,115,11.1,96439,46284,90,35,8.12,32.11,25.25
Wheat,Loamy,Rabi,Rainfed,6.5,7.2,137,67,43,4.53,33366,22686,87,51,7.07,32.72,22.65
Maize,Loamy,Rabi,Sprinkler,5.6,6.6,171,52,60,6.77,31151,14309,75,37,5.84,21.14,27.75
Maize,Black,Rabi,Canal,5.8,7.0,149,80,67,6.26,41172,19736,70,21,7.74,21.72,19.07
Cotton,Sandy,Rabi,Sprinkler,6.0,6.7,151,99,76,3.65,54741,73945,84,39,8.18,33.74,20.6
Tomato,Sandy,Rabi,Drip,6.0,7.2,240,118,103,25.85,63580,16886,60,43,8.03,28.85,26.17
Maize,Loamy,Kharif,Rainfed,5.8,7.4,133,79,59,5.23,28032,17662,62,34,5.3,20.88,17.38
Groundnut,Black,Rabi,Canal,6.2,6.7,77,94,72,1.96,48392,55217,67,53,8.37,20.02,15.95
Potato,Loamy,Kharif,Rainfed,5.7,7.0,245,124,136,25.76,45447,15453,86,26,7.13,26.65,15.03
Maize,Red,Kharif,Rainfed,6.2,7.5,122,56,66,3.12,38226,16100,61,38,8.67,20.67,20.91
Sugarcane,Black,Kharif,Sprinkler,6.5,6.6,270,132,134,35.06,82801,4135,69,55,6.31,31.42,21.27
Soybean,Loamy,Rabi,Canal,5.6,6.5,62,97,77,2.62,43838,42310,77,48,7.18,32.4,19.12
Groundnut,Clay,Kharif,Canal,6.1,6.7,65,64,69,2.29,34130,47089,70,46,6.16,27.1,28.67
Tomato,Clay,Kharif,Sprinkler,6.0,7.4,169,94,75,28.48,65677,17606,89,37,6.18,25.88,16.97
Potato,Clay,Rabi,Drip,6.2,6.5,188,111,106,13.94,54151,17958,72,32,6.99,32.29,22.79
Wheat,Black,Rabi,Rainfed,5.7,7.6,139,65,65,2.77,48990,24555,81,54,7.15,29.86,23.3
Groundnut,Black,Rabi,Drip,5.7,7.4,43,89,84,2.8,45752,52739,85,29,7.13,21.24,15.11
Tomato,Black,Rabi,Rainfed,6.4,7.4,214,76,76,36.07,87774,17036,94,23,6.84,32.57,28.62
Maize,Sandy,Zaid,Sprinkler,6.1,6.6,175,70,75,3.58,30541,14870,80,25,7.06,29.01,15.05
Tomato,Black,Rabi,Drip,6.2,7.3,232,117,111,20.84,84201,11577,74,59,7.33,31.47,23.19
Tomato,Black,Rabi,Drip,5.9,6.8,211,78,107,35.63,85764,17821,80,28,5.65,20.23,19.91
Maize,Red,Kharif,Rainfed,5.7,7.4,139,88,45,6.94,32926,21639,90,27,7.85,24.64,17.23
Sugarcane,Black,Rabi,Drip,5.7,7.6,278,128,95,28.73,93578,3204,64,59,5.65,33.46,29.34
Cotton,Clay,Zaid,Drip,5.5,6.7,184,76,67,2.19,45115,66766,69,43,8.08,34.11,15.95
Capsicum,Clay,Rabi,Rainfed,5.9,6.6,180,115,131,11.42,99947,25831,65,51,5.48,25.09,19.53
Soybean,Clay,Zaid,Drip,5.8,7.0,65,88,51,1.65,42363,46044,71,54,7.17,20.66,29.22
Maize,Loamy,Kharif,Sprinkler,5.7,6.9,143,75,65,3.64,29023,19357,83,40,7.25,20.02,19.9
Potato,Sandy,Kharif,Canal,5.8,7.0,202,90,117,19.62,52565,16538,90,24,8.04,22.41,25.6
Potato,Red,Kharif,Canal,6.0,7.7,231,114,90,29.24,73884,12452,84,29,6.91,24.2,27.04
Potato,Sandy,Zaid,Rainfed,6.2,7.0,213,140,89,21.52,66788,15194,94,46,7.51,22.98,15.19
Potato,Black,Rabi,Sprinkler,5.9,7.6,180,120,81,17.12,58155,19326,92,56,6.16,28.77,21.08
Cotton,Red,Kharif,Drip,6.2,7.0,193,100,69,3.85,56233,65431,90,34,7.9,24.45,23.46
Sugarcane,Red,Rabi,Sprinkler,6.0,7.3,267,114,115,39.81,95603,3183,91,60,8.1,32.34,22.22
Sugarcane,Sandy,Kharif,Rainfed,6.1,6.9,246,106,94,54.51,73642,3190,83,43,5.18,25.65,21.43
Capsicum,Loamy,Rabi,Rainfed,5.7,6.8,176,92,110,16.21,89395,49580,93,59,6.62,28.11,18.03
Sugarcane,Sandy,Zaid,Canal,6.3,7.0,226,103,107,36.25,98733,3390,94,36,6.92,33.27,23.97
Rice,Red,Kharif,Canal,6.1,7.6,146,70,73,3.63,51180,22815,95,58,5.15,31.3,19.29
Potato,Clay,Rabi,Canal,6.4,7.6,256,137,81,21.95,59633,18324,90,34,5.58,21.66,17.06
Rice,Clay,Zaid,Sprinkler,5.7,6.5,139,63,79,3.42,49670,19496,63,40,8.65,24.93,17.36
Groundnut,Clay,Rabi,Rainfed,6.0,7.5,52,97,63,2.16,33526,46056,76,31,8.39,24.42,23.53
Maize,Clay,Zaid,Drip,6.1,7.5,159,83,77,6.95,47906,20020,94,53,8.3,27.13,28.51
Cotton,Clay,Zaid,Sprinkler,5.9,6.8,184,68,100,2.65,68381,61907,75,21,6.71,29.98,17.15
Maize,Black,Zaid,Sprinkler,6.4,7.7,123,55,42,4.91,46484,19847,82,49,6.63,26.65,27.33
Rice,Black,Zaid,Sprinkler,5.8,7.3,131,59,55,3.47,45705,20020,74,36,6.02,22.34,24.08
Soybean,Clay,Rabi,Sprinkler,6.4,6.8,65,83,73,1.74,40115,50644,91,41,6.81,27.91,19.72
Wheat,Clay,Kharif,Sprinkler,6.2,6.9,114,41,63,4.37,42027,23347,71,25,7.2,30.8,17.23
Capsicum,Clay,Rabi,Drip,6.5,7.5,172,125,99,18.65,62582,28250,72,42,7.72,31.06,23.03
Capsicum,Black,Zaid,Canal,5.9,7.3,168,115,89,11.19,86943,33517,95,44,8.38,23.06,25.29
Groundnut,Sandy,Zaid,Drip,5.8,7.4,43,97,64,1.71,31086,56619,78,38,7.07,22.94,29.68
Potato,Black,Kharif,Drip,6.2,7.0,245,80,136,15.78,64648,14381,94,46,7.33,32.72,15.31
Groundnut,Sandy,Zaid,Canal,5.7,7.4,65,95,91,1.44,38509,59252,70,36,8.5,22.51,22.21
Groundnut,Loamy,Kharif,Sprinkler,6.2,7.1,61,74,98,2.77,33993,61690,61,50,8.94,24.01,28.66
Maize,Clay,Kharif,Canal,5.6,6.5,155,70,53,5.69,35350,20551,60,43,6.1,30.17,18.21
Maize,Clay,Kharif,Rainfed,5.6,6.6,163,55,54,4.17,47589,16665,64,23,5.68,22.63,19.16
Potato,Loamy,Zaid,Canal,5.5,6.9,251,117,108,17.56,67024,13017,91,28,7.37,33.55,25.48
Sugarcane,Loamy,Zaid,Drip,5.5,7.1,227,125,93,58.02,69800,3978,75,60,8.87,21.55,25.2
Maize,Black,Kharif,Canal,6.1,7.4,171,72,52,3.25,40641,20649,70,34,5.29,25.59,23.76
Tomato,Red,Kharif,Rainfed,5.8,6.8,215,118,74,30.17,75456,17602,89,39,5.51,28.81,19.43
Soybean,Red,Kharif,Rainfed,5.7,6.9,87,100,46,2.83,39355,35940,77,43,8.15,34.18,15.99
Potato,Sandy,Zaid,Drip,6.1,7.3,252,82,89,27.36,70274,14943,67,60,5.22,34.16,25.8
Potato,Black,Rabi,Drip,5.6,7.5,186,135,93,28.9,70945,12241,74,34,8.73,23.09,19.56
Wheat,Loamy,Kharif,Canal,6.1,7.4,98,68,53,4.37,36528,18522,94,54,7.32,31.39,19.75
Potato,Sandy,Rabi,Canal,5.5,7.1,227,138,134,18.61,68094,12536,84,60,6.61,22.6,21.29
Cotton,Clay,Zaid,Sprinkler,5.6,7.2,155,68,66,3.26,48585,75964,88,45,7.83,31.68,22.1
Tomato,Black,Kharif,Sprinkler,5.6,7.3,220,91,93,23.25,51142,13573,72,31,5.54,34.21,18.51
Rice,Clay,Zaid,Canal,5.7,6.9,123,73,44,3.81,41808,22116,63,40,5.91,28.77,21.97
Capsicum,Sandy,Rabi,Canal,5.7,6.5,191,133,102,27.11,67336,29755,94,35,8.03,31.25,23.62
Wheat,Black,Kharif,Canal,6.4,6.6,91,69,66,3.67,40845,20863,81,30,8.75,20.81,26.17
Tomato,Sandy,Rabi,Drip,5.7,6.8,168,88,70,25.92,73297,8279,72,56,6.77,23.61,26.66
Potato,Loamy,Rabi,Sprinkler,5.8,6.5,230,83,95,14.9,60375,16146,91,28,6.06,20.77,23.21
Capsicum,Sandy,Rabi,Canal,5.7,6.9,213,88,134,24.26,97750,49336,83,32,7.33,31.42,23.23
Rice,Sandy,Kharif,Drip,6.1,7.7,109,63,74,5.96,45427,23953,84,51,6.27,31.34,16.23
Capsicum,Clay,Kharif,Sprinkler,6.0,7.3,211,98,106,19.84,98678,22645,63,23,7.23,20.74,22.58
Wheat,Black,Kharif,Drip,6.1,7.3,93,47,41,2.51,49867,21991,73,39,5.15,31.3,18.16
Tomato,Red,Rabi,Sprinkler,5.8,7.4,213,102,81,38.12,59422,15053,89,27,5.76,33.68,23.66
Tomato,Loamy,Rabi,Drip,6.3,7.6,170,116,88,37.71,82635,10300,76,50,8.29,33.75,25.49
Maize,Loamy,Zaid,Rainfed,6.4,7.7,135,81,54,5.54,43611,21901,65,54,7.03,23.0,18.45
Soybean,Clay,Rabi,Canal,5.9,7.8,69,68,76,2.44,31662,45321,89,24,5.19,23.55,24.89
Capsicum,Black,Rabi,Rainfed,6.1,6.5,169,138,95,11.66,101360,47017,70,39,8.43,33.1,27.3
Tomato,Red,Zaid,Drip,5.5,6.9,176,111,75,19.03,63578,14033,86,31,8.91,32.41,22.01
Tomato,Loamy,Zaid,Canal,6.3,7.1,192,83,73,35.44,84955,9272,94,32,7.51,30.68,28.95
Capsicum,Clay,Zaid,Canal,5.5,6.9,187,85,136,17.32,104187,45747,95,39,8.37,32.09,26.22
Potato,Sandy,Rabi,Canal,6.4,7.7,194,110,110,19.13,46447,16226,79,46,5.4,34.99,16.44
Tomato,Sandy,Kharif,Sprinkler,6.1,7.8,189,113,87,36.35,67818,14525,87,54,8.49,33.88,28.4
Rice,Black,Rabi,Drip,5.8,6.5,137,54,54,5.5,56628,21095,71,25,8.61,21.2,17.92
Tomato,Red,Rabi,Drip,6.1,6.7,235,117,90,19.06,50695,16770,93,30,6.58,33.25,26.54
Groundnut,Red,Rabi,Canal,6.2,7.7,46,94,66,1.7,32463,45200,67,49,7.93,31.38,17.29
Potato,Black,Zaid,Canal,6.5,7.8,202,103,139,29.99,76301,13483,93,53,6.24,20.53,25.95
Tomato,Loamy,Zaid,Drip,5.5,7.5,202,83,114,15.33,61881,13105,73,20,5.99,32.32,28.03
Capsicum,Loamy,Kharif,Rainfed,6.0,7.7,153,122,89,10.09,78830,23668,66,32,5.74,33.73,25.41
Maize,Clay,Rabi,Canal,5.9,6.7,121,78,65,6.28,43797,15319,73,31,7.27,27.77,24.59
Capsicum,Clay,Kharif,Rainfed,6.3,7.5,179,123,137,11.65,73682,31192,73,29,7.92,20.36,24.7
Rice,Black,Rabi,Rainfed,5.8,6.7,123,43,43,4.17,49641,17006,69,48,6.93,32.3,24.45
Wheat,Black,Kharif,Rainfed,6.3,7.1,109,50,69,2.65,35092,25095,62,48,6.24,32.96,22.49
Maize,Clay,Rabi,Sprinkler,6.5,6.5,155,62,46,6.16,45024,18386,61,41,6.21,24.59,16.17
Soybean,Sandy,Kharif,Rainfed,6.1,7.7,79,70,52,2.12,44674,52564,78,38,6.78,31.42,27.88
Soybean,Sandy,Zaid,Canal,6.3,7.8,52,88,43,2.01,31230,40629,68,35,7.78,30.77,17.93
Wheat,Black,Rabi,Canal,5.9,6.5,96,40,69,3.88,30377,19353,61,40,7.91,33.79,22.0
Cotton,Clay,Rabi,Canal,5.7,6.6,146,78,91,2.95,45104,50509,76,39,8.79,29.13,16.95
Rice,Sandy,Kharif,Sprinkler,5.7,6.8,109,77,54,5.12,58356,18833,91,33,8.16,28.7,27.39
Maize,Loamy,Kharif,Rainfed,5.5,7.5,141,83,47,4.31,32839,19536,70,38,5.32,28.92,22.58
Tomato,Black,Kharif,Sprinkler,6.1,7.7,212,90,94,30.47,60085,12940,64,24,7.29,25.77,28.59
Tomato,Red,Zaid,Sprinkler,6.0,6.5,221,94,90,30.46,68774,12010,73,25,7.8,34.92,25.62
Wheat,Red,Kharif,Sprinkler,6.0,6.9,95,47,52,2.52,30916,19143,63,59,5.74,34.9,27.62
Potato,Sandy,Zaid,Drip,6.2,7.0,249,139,81,18.4,70215,19659,81,26,7.3,30.1,18.5
Cotton,Sandy,Rabi,Sprinkler,5.6,7.6,151,91,69,3.31,69600,78472,75,21,7.06,21.87,21.99
Tomato,Loamy,Kharif,Rainfed,5.6,6.8,240,116,94,15.41,81964,15570,75,55,8.28,30.85,17.17
Cotton,Red,Rabi,Canal,6.3,6.5,191,62,78,3.26,67519,61492,73,53,6.13,33.99,21.52
Maize,Clay,Zaid,Sprinkler,6.2,7.4,155,90,76,3.01,39381,17583,76,51,7.89,24.22,18.5
Tomato,Sandy,Zaid,Rainfed,5.6,6.8,183,80,109,38.94,52576,9764,60,26,8.36,34.87,22.36
Rice,Clay,Rabi,Drip,5.8,7.5,109,75,71,5.62,35886,18789,75,42,5.84,28.93,19.91
Wheat,Red,Kharif,Sprinkler,5.7,7.6,106,66,70,2.66,48977,18771,77,39,6.35,28.33,22.66
Rice,Clay,Rabi,Drip,6.0,7.6,135,49,72,4.37,43866,19612,69,47,5.22,28.76,27.57
Wheat,Red,Kharif,Drip,6.1,7.6,106,68,62,2.7,37355,18901,61,24,7.16,31.5,27.71
Potato,Black,Kharif,Canal,5.9,7.1,184,88,105,25.81,70613,13457,89,23,8.32,23.34,29.99
Soybean,Red,Kharif,Drip,5.8,7.0,58,78,63,2.0,34004,50308,87,41,8.82,21.07,25.97
Capsicum,Clay,Zaid,Sprinkler,5.9,7.7,211,90,106,11.73,109617,40593,86,25,6.51,23.78,24.48
Wheat,Red,Zaid,Rainfed,5.8,7.1,118,60,60,4.49,42069,25007,73,42,5.26,31.49,28.44
Sugarcane,Clay,Kharif,Canal,6.3,7.1,282,89,133,50.61,71296,3822,81,20,8.56,30.9,25.94
Tomato,Red,Zaid,Sprinkler,6.0,7.5,167,118,91,36.8,61996,11025,89,38,5.16,31.71,16.7
Cotton,Clay,Rabi,Sprinkler,6.1,6.7,168,93,77,1.96,60012,73592,76,49,8.36,28.34,24.7
Tomato,Loamy,Rabi,Canal,6.1,6.7,183,72,109,23.24,60731,15567,86,51,5.45,20.43,22.7
Wheat,Red,Zaid,Rainfed,6.3,7.1,110,54,65,3.3,37421,18421,76,55,5.47,30.77,26.87
Wheat,Sandy,Zaid,Rainfed,5.9,7.5,108,64,62,2.4,32954,19702,79,37,6.41,30.56,22.0
Rice,Loamy,Zaid,Rainfed,5.9,7.7,123,72,46,3.57,58433,16221,68,42,6.52,24.93,27.48
Potato,Red,Kharif,Rainfed,6.2,6.9,257,82,101,20.25,71711,15751,84,24,8.17,30.83,24.96
Cotton,Black,Kharif,Drip,5.5,7.4,160,75,74,1.84,49433,78659,87,49,5.4,23.05,20.09
Potato,Red,Zaid,Canal,6.5,6.9,215,107,135,25.05,78370,15502,78,50,7.64,23.59,24.0
Tomato,Red,Rabi,Canal,5.5,7.1,236,107,83,25.07,56334,15722,95,20,5.48,26.88,16.0
Maize,Clay,Zaid,Sprinkler,6.3,6.9,179,68,65,4.94,47050,20556,77,47,6.85,34.97,25.84
Rice,Sandy,Rabi,Drip,6.1,7.7,104,77,77,3.57,56508,22658,79,47,5.37,33.97,25.95
Wheat,Sandy,Zaid,Drip,6.2,7.2,105,50,46,3.96,34689,21706,79,40,5.48,27.56,16.87
Groundnut,Red,Rabi,Canal,5.8,7.7,80,78,77,2.16,36296,57158,69,46,5.89,23.81,22.4
Soybean,Sandy,Zaid,Rainfed,6.1,7.1,73,66,44,2.92,34336,54888,92,27,7.89,24.82,26.11
Maize,Loamy,Kharif,Canal,5.8,7.3,143,78,70,4.98,37315,20456,95,29,6.83,31.43,23.64
Wheat,Black,Rabi,Drip,6.0,6.9,122,43,70,3.14,30090,19976,62,37,5.66,34.47,18.32
Potato,Sandy,Rabi,Canal,6.1,7.2,208,125,112,21.33,65236,17759,90,39,8.05,32.85,26.2
Capsicum,Red,Kharif,Drip,6.1,7.1,214,137,100,25.36,80814,44412,87,37,5.51,32.14,19.95
Soybean,Clay,Rabi,Canal,6.5,7.4,85,95,79,2.74,26387,39706,65,45,6.26,30.71,16.19
Sugarcane,Sandy,Zaid,Canal,6.3,6.9,269,102,90,49.78,73316,3945,78,41,8.57,29.05,19.77
Potato,Red,Rabi,Canal,5.7,6.7,245,117,120,21.51,72251,13444,77,38,5.82,33.04,19.9
Capsicum,Red,Rabi,Canal,6.4,7.3,187,112,138,18.99,104147,45529,61,35,5.02,22.4,16.87
Soybean,Black,Kharif,Rainfed,5.9,7.2,66,89,56,2.09,38008,50748,85,33,6.83,24.23,28.68
Soybean,Loamy,Kharif,Sprinkler,6.1,7.6,81,71,44,1.75,26861,36658,73,47,7.17,26.09,25.26
Cotton,Clay,Zaid,Canal,5.7,7.2,199,61,98,2.6,53674,52373,67,33,7.41,25.71,19.05
Cotton,Red,Rabi,Drip,5.9,7.3,185,77,87,2.51,67054,75259,83,52,7.58,21.29,29.34
Sugarcane,Clay,Zaid,Canal,5.9,6.9,278,106,124,50.1,77909,4115,81,29,8.26,26.98,17.3
Capsicum,Loamy,Rabi,Canal,6.2,7.1,162,117,105,22.74,118958,21257,77,46,8.91,23.9,15.95
Capsicum,Black,Rabi,Drip,6.1,7.6,226,84,117,17.67,83363,20298,94,22,7.14,20.23,28.2
Cotton,Loamy,Zaid,Rainfed,6.1,6.8,165,66,95,2.34,62857,58161,78,34,7.22,32.22,26.38
Groundnut,Sandy,Zaid,Rainfed,6.0,7.0,41,70,65,1.59,42663,41284,71,32,5.7,23.16,21.45
Rice,Clay,Rabi,Sprinkler,5.7,6.9,138,77,63,5.3,49455,16115,79,25,7.12,29.93,24.37
Rice,Clay,Kharif,Canal,5.6,7.5,132,56,48,5.73,41216,17551,83,43,7.84,34.54,21.24
Capsicum,Loamy,Zaid,Canal,6.0,7.1,197,128,83,24.61,71510,46559,94,48,8.21,21.31,28.93
Maize,Loamy,Zaid,Sprinkler,5.8,7.7,148,84,46,3.13,37235,21514,95,23,6.19,31.55,24.45
Sugarcane,Black,Kharif,Drip,5.7,7.4,234,87,114,56.58,99687,2812,64,45,8.26,26.77,19.85
Potato,Black,Rabi,Sprinkler,5.7,6.7,228,140,115,21.09,48013,19600,81,28,6.08,28.6,15.42
Soybean,Loamy,Kharif,Canal,5.9,7.7,78,94,68,1.81,26539,49861,84,55,6.4,26.32,24.5
Cotton,Red,Zaid,Rainfed,6.0,6.7,162,99,89,3.85,45395,61395,83,54,7.13,34.22,26.91
Rice,Loamy,Zaid,Sprinkler,5.7,7.8,149,71,77,3.06,47941,21271,88,21,6.25,22.98,16.55
Rice,Red,Kharif,Rainfed,6.2,7.7,149,51,75,2.56,40556,23969,70,26,5.53,23.59,24.01
Potato,Loamy,Rabi,Canal,6.2,6.9,241,95,93,22.76,46808,15447,91,24,6.21,32.73,21.61
Capsicum,Red,Rabi,Sprinkler,5.6,6.5,231,131,133,22.29,82538,20409,84,57,7.87,34.05,25.01
Groundnut,Loamy,Zaid,Drip,6.2,7.5,64,63,73,2.8,35845,48740,89,27,8.17,33.43,23.49
Groundnut,Loamy,Kharif,Drip,5.7,7.3,68,100,67,1.22,30249,60326,91,31,8.6,34.38,29.53
Potato,Clay,Rabi,Canal,6.3,7.5,256,129,86,27.72,66713,14243,61,54,6.62,29.69,21.15
Tomato,Loamy,Kharif,Rainfed,5.8,6.8,218,105,95,25.88,60885,12340,89,47,5.76,30.53,15.6
Sugarcane,Loamy,Kharif,Rainfed,6.0,7.7,281,124,116,31.22,76663,3221,79,32,7.59,21.3,16.43
Potato,Black,Kharif,Drip,6.2,6.8,241,99,94,16.65,74569,19753,87,44,7.03,31.84,24.68
Wheat,Sandy,Zaid,Sprinkler,6.2,7.2,133,55,67,3.41,42136,23945,76,29,8.75,22.64,20.19
Maize,Clay,Kharif,Rainfed,6.3,7.2,162,64,51,5.67,31599,16268,73,57,8.38,29.94,18.5
Sugarcane,Sandy,Kharif,Canal,6.1,7.3,239,111,92,48.26,80616,4091,84,30,8.81,34.41,30.0
Wheat,Red,Zaid,Rainfed,6.2,7.1,110,45,69,3.44,46274,24293,64,49,7.75,28.46,26.4
Groundnut,Clay,Zaid,Canal,6.5,7.1,46,65,96,1.35,34778,43870,75,28,6.73,25.63,15.91
Capsicum,Clay,Kharif,Rainfed,5.6,7.7,180,100,94,11.66,78143,37442,61,24,7.88,22.46,25.69
Capsicum,Loamy,Rabi,Canal,5.7,7.3,161,117,102,29.62,62570,34133,74,54,7.32,21.12,25.41
Soybean,Black,Zaid,Drip,5.6,7.0,76,78,74,2.11,27051,54337,77,57,8.77,27.79,19.48
Maize,Black,Zaid,Rainfed,6.3,6.6,176,87,55,4.86,33147,19565,89,54,5.21,30.45,15.26
Rice,Red,Zaid,Drip,5.9,6.8,107,66,41,4.07,53546,20214,90,44,8.89,26.1,16.91
Groundnut,Clay,Rabi,Sprinkler,6.2,6.6,66,61,79,2.21,46820,45502,62,32,5.61,21.8,26.46
Soybean,Loamy,Kharif,Rainfed,6.4,7.5,65,68,60,1.84,30206,47294,68,55,5.12,29.48,26.58
Soybean,Loamy,Rabi,Canal,6.2,6.6,63,99,46,2.89,43956,41149,65,30,5.08,28.38,24.9
Capsicum,Black,Kharif,Canal,5.6,7.4,190,137,99,26.74,60680,31302,85,33,6.8,34.86,26.25
Wheat,Black,Kharif,Sprinkler,5.6,7.4,98,65,40,2.25,38614,25769,66,30,8.92,22.89,18.46
Potato,Red,Kharif,Rainfed,6.4,7.6,182,135,86,15.07,54481,19617,61,54,7.17,28.28,16.45
Potato,Black,Zaid,Canal,6.0,7.1,188,114,84,16.1,59986,16682,92,40,7.53,27.08,28.97
Maize,Loamy,Zaid,Canal,5.9,7.7,120,76,45,4.78,39901,18289,69,24,8.04,33.2,17.72
Tomato,Black,Kharif,Canal,6.3,7.4,175,85,109,26.57,87352,8332,76,52,7.36,29.44,28.57
Rice,Clay,Rabi,Sprinkler,6.4,6.8,144,41,56,5.8,43011,18110,71,38,6.82,23.32,29.76
Capsicum,Red,Kharif,Drip,5.7,7.6,196,88,139,18.76,66866,44513,68,30,7.04,25.9,19.51
Soybean,Black,Kharif,Sprinkler,6.4,7.7,58,95,47,2.63,35021,43023,86,29,8.21,31.47,20.84
Cotton,Sandy,Rabi,Drip,6.5,7.2,152,91,86,2.04,60825,78350,84,45,7.12,32.3,22.72
Potato,Red,Zaid,Canal,6.4,7.0,184,122,100,12.42,69687,12403,74,57,8.46,30.14,23.04
Rice,Black,Zaid,Rainfed,6.1,6.5,139,53,77,4.93,54936,21279,71,44,7.49,28.05,19.52
Maize,Loamy,Kharif,Rainfed,5.7,7.0,143,75,58,4.84,42993,19684,78,41,8.16,22.84,26.37
Potato,Sandy,Kharif,Rainfed,5.6,7.3,214,80,115,15.63,72585,14417,83,57,5.52,21.71,17.76
Rice,Sandy,Zaid,Drip,5.9,7.4,116,56,48,3.79,52883,22921,77,47,5.69,23.37,17.82
Soybean,Sandy,Rabi,Drip,5.8,6.5,61,80,62,2.64,32711,43218,76,34,8.08,25.17,26.95
Groundnut,Loamy,Kharif,Sprinkler,6.5,7.1,58,81,73,2.43,41455,53920,73,55,7.72,31.03,27.81
Maize,Red,Zaid,Drip,6.1,7.4,129,72,71,4.72,33627,20907,66,22,8.1,30.1,27.89
Tomato,Red,Rabi,Rainfed,5.7,7.5,213,115,74,37.44,68275,9009,70,50,6.38,24.33,23.82
Groundnut,Sandy,Kharif,Drip,6.3,6.7,62,65,69,1.62,43083,58422,61,58,5.22,27.2,19.37
Tomato,Clay,Rabi,Rainfed,6.0,6.7,177,92,87,24.88,89985,8884,70,58,7.97,33.54,16.75
Soybean,Sandy,Rabi,Drip,5.8,7.1,78,90,41,1.58,32874,48195,79,48,5.42,34.56,25.4
Tomato,Loamy,Zaid,Rainfed,5.5,7.4,189,87,89,24.02,82963,8621,80,50,5.23,26.9,20.87
Soybean,Red,Kharif,Canal,5.9,6.8,76,94,67,2.73,26246,42232,70,50,6.85,29.38,26.7
Potato,Black,Zaid,Drip,5.9,7.5,230,113,125,14.2,62914,19181,79,40,5.01,22.33,24.06
Maize,Red,Kharif,Canal,6.4,7.3,166,62,71,5.31,44710,14015,91,47,5.81,24.74,24.14
Wheat,Black,Kharif,Rainfed,6.2,7.8,105,63,59,2.33,49074,18959,76,25,6.25,26.28,19.13
Capsicum,Sandy,Kharif,Sprinkler,6.4,6.8,210,140,92,26.23,103408,29430,70,50,8.01,28.91,19.24
Maize,Black,Rabi,Rainfed,5.8,6.6,172,71,77,3.93,32124,18242,73,22,8.15,27.38,27.74
Sugarcane,Black,Zaid,Drip,5.8,6.7,291,103,129,37.89,79300,3520,91,56,8.78,29.67,22.5
Potato,Red,Rabi,Drip,5.5,7.1,219,101,137,12.43,61111,19865,84,45,6.37,21.42,23.2
Cotton,Loamy,Zaid,Canal,5.6,7.2,158,72,97,1.91,54776,74740,82,29,6.53,31.96,15.46
Maize,Sandy,Zaid,Sprinkler,6.4,7.6,157,67,45,5.33,32286,15442,85,23,7.69,32.34,19.88
Rice,Sandy,Zaid,Canal,5.7,7.4,140,80,78,2.81,53019,19241,75,43,6.84,34.23,28.5
Wheat,Sandy,Rabi,Sprinkler,6.1,7.7,119,61,69,2.72,47722,21699,70,34,8.03,24.88,23.38
Sugarcane,Clay,Zaid,Sprinkler,6.1,7.4,295,125,98,52.93,70386,4095,91,28,8.88,31.48,29.02
Groundnut,Loamy,Zaid,Sprinkler,6.0,7.1,61,83,65,2.31,33381,51942,68,21,7.71,23.07,27.68
Sugarcane,Black,Kharif,Sprinkler,6.3,6.7,244,100,87,50.57,84440,4010,84,48,7.13,24.47,21.04
Maize,Red,Kharif,Rainfed,5.8,6.6,180,57,70,3.22,30736,17297,72,47,8.14,27.57,16.98
Sugarcane,Black,Zaid,Canal,5.9,6.8,261,102,121,57.57,68625,2974,76,35,6.78,30.46,22.59
Sugarcane,Loamy,Rabi,Canal,5.7,7.1,278,94,85,43.7,81860,3944,78,34,6.47,31.07,27.71
Wheat,Clay,Zaid,Rainfed,6.0,7.3,129,66,63,2.85,41106,23963,95,45,6.87,32.88,20.5
Tomato,Clay,Kharif,Sprinkler,5.7,7.3,165,85,101,26.68,66227,8205,78,58,5.58,25.71,20.91
Sugarcane,Sandy,Kharif,Sprinkler,5.7,7.2,250,113,127,54.21,96455,3150,70,34,6.16,24.7,24.83
Groundnut,Red,Zaid,Sprinkler,5.9,7.1,59,84,73,1.87,35363,55111,75,47,6.35,21.7,25.85
Groundnut,Red,Kharif,Drip,5.5,7.8,63,95,94,2.33,35541,61651,90,24,8.91,29.67,24.86
Groundnut,Black,Kharif,Sprinkler,5.6,7.0,78,95,93,1.34,43046,57732,77,35,8.21,23.69,26.51
Sugarcane,Clay,Zaid,Canal,5.9,7.8,280,93,112,58.02,73290,3918,66,56,5.72,30.34,20.26
Rice,Red,Rabi,Canal,6.0,6.5,145,48,42,2.99,41318,17471,62,57,5.37,32.88,28.99
Maize,Clay,Zaid,Drip,5.9,7.8,135,59,68,4.9,41055,20877,95,28,6.88,21.8,25.98
Cotton,Loamy,Kharif,Drip,5.8,7.0,180,79,99,2.63,60396,55410,73,40,7.89,34.23,27.8
Capsicum,Loamy,Zaid,Sprinkler,6.0,7.2,214,133,126,26.61,99283,46977,89,48,8.74,34.09,23.24
Tomato,Black,Kharif,Rainfed,6.3,7.2,199,106,114,20.65,81514,16752,82,42,6.2,25.31,26.8
Maize,Loamy,Rabi,Rainfed,6.1,6.6,158,72,67,3.23,42916,21415,78,41,5.76,29.33,15.39
Tomato,Loamy,Kharif,Rainfed,5.6,6.6,174,82,88,17.62,54760,9834,82,34,8.67,28.48,19.0
Wheat,Red,Kharif,Drip,5.6,7.6,136,55,41,2.87,31794,19156,73,48,8.94,23.37,25.09
Potato,Black,Zaid,Canal,5.9,7.1,236,140,112,26.2,72353,17160,79,35,6.89,25.24,16.44
Sugarcane,Loamy,Rabi,Sprinkler,6.3,7.7,200,85,125,29.52,70031,3563,76,20,5.98,25.73,27.75
Wheat,Black,Kharif,Canal,6.3,7.3,126,65,59,2.81,38100,18643,72,47,7.57,29.65,17.65
Tomato,Loamy,Rabi,Sprinkler,5.7,7.3,222,116,84,36.42,70459,17426,60,39,6.15,26.08,16.99
Soybean,Sandy,Rabi,Canal,5.6,6.8,50,90,65,2.06,26386,51540,92,48,8.33,25.35,27.66
Maize,Sandy,Zaid,Drip,6.2,6.8,175,87,78,3.94,45767,16717,74,52,8.21,31.06,27.18
Capsicum,Loamy,Rabi,Rainfed,6.0,7.8,234,119,86,22.78,95655,48075,71,33,8.11,23.44,17.66
Cotton,Clay,Rabi,Drip,5.6,7.5,154,64,100,2.0,52801,72351,64,42,5.62,31.4,19.33
Rice,Clay,Zaid,Drip,6.3,7.5,144,44,66,4.32,42976,20827,93,32,8.13,24.49,18.65
Groundnut,Red,Zaid,Sprinkler,5.8,6.7,59,99,95,2.67,45809,56769,78,50,6.5,24.25,15.05
Tomato,Sandy,Zaid,Rainfed,5.7,6.6,180,110,119,20.78,61452,13605,90,53,5.35,31.24,22.67
Tomato,Clay,Rabi,Rainfed,5.7,6.9,220,92,97,32.16,68944,12530,92,21,7.86,26.24,23.03
Tomato,Clay,Rabi,Rainfed,6.3,7.2,202,87,118,22.66,64882,15430,80,41,8.71,32.79,25.82
Wheat,Loamy,Rabi,Rainfed,5.7,6.9,98,65,41,2.79,30539,24808,83,22,7.66,30.79,23.31
Soybean,Loamy,Kharif,Canal,6.0,7.0,85,66,79,2.62,26255,41811,92,58,6.08,32.88,23.38
Tomato,Clay,Kharif,Sprinkler,6.4,7.2,199,99,82,37.7,78642,12625,73,36,8.76,23.43,16.86
Rice,Clay,Kharif,Drip,6.4,7.4,136,78,61,3.36,35337,22352,85,22,7.32,31.4,16.02
Cotton,Loamy,Rabi,Drip,5.6,6.6,152,75,92,3.46,56028,76459,91,58,5.86,30.19,26.52
Potato,Clay,Kharif,Canal,6.2,6.9,215,132,99,19.59,62685,14356,61,34,7.83,20.58,29.0
Wheat,Red,Kharif,Drip,6.1,7.4,114,50,47,4.72,32592,24982,63,58,8.85,21.89,17.43
Maize,Clay,Rabi,Drip,6.5,7.4,146,87,76,4.62,42513,16307,77,45,7.06,28.64,28.46
Groundnut,Loamy,Rabi,Rainfed,6.5,7.7,78,92,91,1.73,33891,61184,62,41,7.93,34.2,24.29
Capsicum,Red,Kharif,Canal,5.9,6.6,196,140,133,28.01,81002,22227,94,23,6.75,28.32,24.9
Tomato,Red,Kharif,Canal,6.1,6.5,237,91,114,34.33,70767,9500,81,53,7.99,26.33,24.53
Potato,Loamy,Rabi,Rainfed,5.5,7.7,226,84,91,22.88,48732,17206,69,44,7.57,35.0,16.96
Wheat,Sandy,Rabi,Rainfed,5.8,6.7,126,66,65,4.0,45691,18633,76,37,5.91,26.34,25.04
Groundnut,Loamy,Kharif,Drip,5.6,7.1,54,62,95,2.7,43613,41247,64,54,7.74,29.06,17.37
Cotton,Sandy,Zaid,Drip,6.0,6.7,159,89,75,2.19,55164,77782,68,54,8.38,21.79,20.27
Soybean,Loamy,Zaid,Rainfed,6.5,7.2,76,70,57,2.57,43138,52254,65,58,7.54,22.13,19.22
Rice,Red,Zaid,Canal,6.4,7.6,140,53,65,4.17,44297,22361,62,60,8.75,29.83,27.8
Capsicum,Black,Zaid,Drip,6.3,6.6,216,99,130,24.01,103930,20214,93,49,8.92,33.04,25.25
Groundnut,Clay,Rabi,Rainfed,6.4,6.8,78,91,80,2.39,38030,50967,90,45,5.06,24.12,20.44
Tomato,Red,Kharif,Rainfed,6.2,7.7,177,119,75,33.06,64370,12283,77,32,8.67,30.69,20.54
Sugarcane,Black,Zaid,Sprinkler,5.9,7.7,294,130,90,29.39,60774,3145,85,44,8.42,22.67,23.34
Capsicum,Black,Kharif,Sprinkler,5.8,7.2,186,90,90,29.07,115935,27700,77,36,7.92,25.5,27.46
Sugarcane,Red,Zaid,Rainfed,5.7,7.4,241,82,87,50.99,98934,3258,82,21,8.14,20.82,20.01
Rice,Red,Zaid,Sprinkler,5.6,6.8,130,62,72,5.41,48856,20009,85,59,7.66,31.52,26.04
Soybean,Sandy,Kharif,Sprinkler,5.5,7.8,75,97,63,2.84,43281,38150,72,46,5.84,24.98,21.1
Wheat,Sandy,Zaid,Sprinkler,6.1,7.8,137,54,55,4.58,48647,22899,65,41,8.77,28.28,19.2
Tomato,Black,Kharif,Rainfed,6.3,7.3,200,113,76,39.25,81240,15620,94,56,8.93,24.94,26.07
Sugarcane,Clay,Rabi,Rainfed,6.1,7.0,296,132,127,55.72,93042,3687,64,38,6.35,30.77,24.39
Rice,Sandy,Kharif,Drip,6.2,7.4,115,61,55,4.11,57828,19687,75,44,8.2,25.46,29.75
Tomato,Black,Rabi,Rainfed,6.2,6.5,220,86,113,37.13,60085,13745,70,40,5.95,23.26,16.73
Cotton,Clay,Zaid,Drip,6.1,7.4,159,80,90,2.24,53295,66024,75,29,7.97,24.95,22.39
Maize,Red,Kharif,Drip,5.9,7.7,173,88,59,4.98,44338,18204,77,21,5.92,27.22,18.59
Sugarcane,Red,Rabi,Drip,6.0,7.8,207,103,99,37.92,71308,3581,95,32,8.06,24.34,27.19
Wheat,Clay,Zaid,Drip,6.2,7.3,90,59,63,4.25,43375,20915,75,39,6.64,26.96,20.09
Capsicum,Sandy,Rabi,Canal,6.2,7.4,214,129,97,23.19,85868,33280,88,40,8.57,29.52,16.91
Tomato,Red,Zaid,Rainfed,6.5,6.6,187,103,85,29.8,89721,13283,63,21,8.93,33.91,23.27
Wheat,Red,Kharif,Drip,6.0,6.9,101,59,60,3.06,38864,24880,86,23,6.68,27.17,17.51
Maize,Sandy,Rabi,Sprinkler,6.2,7.8,161,87,76,6.74,44492,19493,79,22,8.85,28.95,16.34
Potato,Loamy,Kharif,Sprinkler,5.5,7.7,201,92,85,18.66,52229,19612,75,23,5.45,30.51,23.45
Maize,Clay,Rabi,Rainfed,6.0,6.9,126,50,77,3.05,32712,14907,94,51,5.7,32.9,18.77
Cotton,Black,Rabi,Canal,6.0,6.9,197,71,63,3.3,47344,73814,94,59,5.38,24.46,19.68
Maize,Black,Rabi,Canal,5.6,6.5,139,52,40,4.87,38700,20407,60,58,7.8,32.69,26.4
Capsicum,Clay,Kharif,Drip,6.0,7.2,153,82,80,26.79,98968,33211,63,34,6.16,30.63,25.89
Tomato,Black,Zaid,Drip,6.0,6.9,170,98,91,22.87,52662,16131,85,49,6.62,21.59,24.74
Potato,Red,Rabi,Drip,6.3,7.1,197,105,119,23.52,57831,14294,76,20,7.54,27.6,15.49
Maize,Sandy,Rabi,Drip,5.9,7.3,176,84,54,3.23,40778,15478,60,30,5.54,27.04,29.2
Tomato,Sandy,Rabi,Canal,6.0,7.5,201,83,72,25.98,53602,15071,81,55,8.51,20.16,20.99
Rice,Loamy,Kharif,Sprinkler,5.7,6.5,139,57,55,4.03,38435,16214,92,43,7.78,30.72,23.31
Groundnut,Black,Zaid,Canal,5.9,6.7,50,73,82,2.07,40642,42596,77,22,7.76,21.26,29.46
Rice,Black,Kharif,Drip,5.5,6.6,126,73,63,4.74,35162,17364,93,52,8.66,29.18,21.64
Wheat,Loamy,Rabi,Sprinkler,6.0,7.2,92,44,60,3.85,48070,24665,87,23,7.47,26.38,21.94
Soybean,Black,Rabi,Sprinkler,6.2,6.8,73,61,78,2.41,40852,45993,65,24,8.5,22.74,24.94
Potato,Clay,Zaid,Rainfed,6.4,7.7,224,113,81,26.0,76386,18330,88,54,8.73,30.9,26.77
Wheat,Clay,Rabi,Rainfed,6.4,7.0,136,58,46,2.96,49411,19969,76,27,7.77,31.9,24.69
Cotton,Sandy,Rabi,Drip,5.5,6.6,197,72,94,2.94,47339,51142,68,44,7.27,33.3,17.95
Soybean,Loamy,Rabi,Sprinkler,5.8,6.5,89,86,71,1.92,28597,35323,89,36,5.5,24.13,24.98
Capsicum,Sandy,Zaid,Rainfed,6.3,7.7,239,95,98,22.96,62207,46080,71,35,7.5,29.65,20.39
Potato,Black,Kharif,Rainfed,6.4,7.0,183,89,88,23.42,62394,15995,66,30,8.93,25.93,20.6
Sugarcane,Red,Rabi,Sprinkler,5.7,6.6,214,102,118,51.07,61518,3684,63,43,5.03,32.49,20.93
Wheat,Red,Kharif,Rainfed,5.6,7.6,96,50,42,2.14,46395,21626,68,24,7.78,31.28,18.37
Tomato,Red,Kharif,Sprinkler,5.8,7.1,168,87,75,18.73,55361,11533,79,36,6.02,20.49,21.08
Capsicum,Loamy,Kharif,Rainfed,5.7,7.2,228,96,88,21.81,105510,30225,60,49,7.47,21.68,23.86
Soybean,Clay,Zaid,Canal,5.7,7.2,59,68,70,2.04,25203,36414,79,57,5.41,21.15,19.47
Groundnut,Red,Rabi,Canal,6.4,7.8,80,67,80,1.38,48375,42298,90,43,6.41,31.49,23.28
Potato,Clay,Zaid,Sprinkler,6.2,7.4,199,106,119,20.0,66320,18064,84,59,7.38,27.46,21.9
Wheat,Red,Zaid,Drip,5.9,7.6,115,58,49,3.06,43915,23490,78,32,8.99,27.21,26.69
Groundnut,Black,Kharif,Rainfed,6.2,6.8,61,79,91,2.6,30286,51002,85,36,8.88,26.65,18.56
Soybean,Red,Zaid,Drip,6.5,7.6,57,90,59,1.88,33977,49015,87,40,5.85,32.2,24.2
Rice,Red,Kharif,Rainfed,6.2,7.3,141,62,76,3.14,54068,17252,61,32,5.71,27.5,29.96
Tomato,Loamy,Kharif,Sprinkler,5.7,6.9,185,104,115,25.27,52173,14070,85,60,7.36,26.34,18.49
Wheat,Red,Zaid,Sprinkler,5.5,7.2,127,46,56,3.25,41401,24093,73,24,8.68,23.96,21.71
Capsicum,Red,Kharif,Rainfed,6.2,7.1,194,139,129,16.72,88704,42664,68,49,7.39,28.87,15.7
Rice,Sandy,Kharif,Sprinkler,6.1,7.1,142,60,56,4.18,54295,16015,91,59,5.13,31.77,17.18
Rice,Loamy,Rabi,Canal,5.7,7.4,119,77,79,3.14,56357,19231,60,58,5.38,26.13,20.42
Rice,Loamy,Rabi,Canal,6.1,7.1,122,63,73,2.95,55040,22992,73,36,5.75,25.69,17.38
Sugarcane,Black,Zaid,Canal,5.8,6.7,238,90,81,44.46,73172,3621,90,40,8.3,33.41,26.75
Maize,Loamy,Rabi,Rainfed,5.8,6.8,143,58,76,4.31,39512,20881,84,34,5.51,26.39,18.78
Tomato,Clay,Rabi,Rainfed,5.8,7.6,226,79,105,24.12,54479,17862,73,48,7.23,23.43,19.83
Capsicum,Loamy,Rabi,Canal,5.6,7.1,210,119,124,10.34,102971,47700,92,55,5.41,33.59,22.42
Maize,Clay,Rabi,Drip,6.1,6.8,136,86,49,5.77,46071,19708,81,41,6.7,22.55,28.19
Cotton,Loamy,Rabi,Rainfed,5.8,7.1,175,92,92,3.34,56650,75334,91,38,5.24,20.96,29.76
Groundnut,Loamy,Rabi,Drip,6.4,6.6,52,60,78,1.85,32697,47827,81,52,5.35,26.67,16.61
Potato,Loamy,Zaid,Canal,6.3,7.0,183,112,133,17.8,71705,17697,92,29,6.0,32.88,23.95
Sugarcane,Sandy,Rabi,Canal,5.8,7.2,259,100,133,58.02,90337,3814,77,43,7.46,21.65,15.27
Sugarcane,Red,Zaid,Sprinkler,6.3,7.2,216,95,119,43.24,82225,3491,93,28,5.01,26.92,20.57
Tomato,Loamy,Zaid,Sprinkler,6.3,7.0,190,79,117,37.54,72176,16732,67,46,6.03,25.85,27.36
Rice,Clay,Zaid,Canal,5.5,6.9,140,62,53,4.75,59353,20098,70,36,7.0,24.94,23.49
Wheat,Loamy,Rabi,Drip,5.8,6.6,97,53,62,2.17,41743,21036,73,49,5.55,30.9,23.9
Soybean,Loamy,Zaid,Drip,6.3,6.9,64,81,48,2.28,27436,35362,61,59,5.89,29.4,23.07
Cotton,Loamy,Rabi,Rainfed,6.4,7.4,148,88,90,3.47,63302,67970,74,35,8.57,31.08,27.68
Wheat,Sandy,Zaid,Sprinkler,5.5,7.5,115,51,50,2.57,32775,22680,85,58,6.83,32.94,29.44
Rice,Red,Kharif,Canal,6.2,7.2,148,49,73,2.81,35711,23420,74,60,8.25,33.22,23.71
Potato,Red,Rabi,Drip,5.9,7.0,255,96,117,25.39,63793,15031,76,32,7.09,20.63,25.32
Potato,Sandy,Zaid,Rainfed,6.1,6.5,198,81,87,14.41,50635,17141,91,45,6.61,28.79,18.96
Potato,Red,Zaid,Sprinkler,6.0,6.8,205,124,110,19.15,54543,14581,82,51,8.07,29.91,21.29
Capsicum,Sandy,Rabi,Rainfed,5.7,7.1,234,87,98,12.3,92032,39167,61,26,5.63,32.88,21.95
Tomato,Sandy,Rabi,Canal,6.0,6.9,232,87,111,15.59,88517,10607,94,58,7.23,31.65,27.92
Groundnut,Clay,Kharif,Rainfed,6.0,7.0,51,89,68,1.33,40981,41994,82,27,5.33,28.19,22.66
Tomato,Black,Rabi,Drip,5.8,7.7,216,100,120,36.54,77887,9200,78,24,8.03,26.16,15.78
Maize,Black,Kharif,Drip,6.1,7.0,131,54,42,6.72,40472,14092,70,35,6.98,23.98,20.72
Wheat,Sandy,Rabi,Drip,5.7,7.7,121,51,47,2.9,37365,25786,90,35,6.52,28.29,20.18
Maize,Loamy,Zaid,Drip,6.3,6.7,139,84,63,3.24,41956,21251,93,56,6.6,21.58,21.64
Capsicum,Loamy,Zaid,Sprinkler,6.1,6.9,202,112,88,13.76,61637,41285,66,56,6.77,31.48,26.32
Wheat,Sandy,Rabi,Canal,6.3,6.5,110,53,52,2.45,43232,23492,60,56,5.82,22.56,24.61
Rice,Loamy,Kharif,Rainfed,6.5,7.4,106,78,50,5.7,43367,23812,75,33,6.73,30.72,17.12
Cotton,Loamy,Kharif,Drip,6.1,6.9,154,93,83,2.07,45749,62538,84,37,6.16,23.37,28.39
Cotton,Red,Rabi,Sprinkler,6.3,7.1,174,81,91,3.2,65687,64998,77,59,7.13,29.43,20.66
Rice,Red,Zaid,Rainfed,6.5,7.1,126,44,67,5.38,59211,18447,85,47,6.97,22.02,23.26
Rice,Red,Kharif,Canal,6.1,6.6,129,60,43,4.85,53781,21115,68,36,7.35,22.46,20.48
Soybean,Loamy,Rabi,Sprinkler,6.2,6.6,80,67,75,2.19,33063,39619,94,60,7.61,24.5,16.06
Rice,Clay,Rabi,Canal,6.3,7.3,142,77,46,4.26,54704,22011,72,49,7.48,31.12,24.93
Maize,Sandy,Rabi,Canal,5.9,6.9,152,57,69,3.79,45075,17679,74,52,6.65,23.8,16.19
Sugarcane,Sandy,Kharif,Drip,5.9,6.6,200,116,104,37.1,84860,3226,86,42,6.06,32.34,15.93
Groundnut,Sandy,Zaid,Canal,5.8,7.1,53,65,60,2.61,37990,56304,69,47,6.76,20.08,21.22
Potato,Black,Zaid,Sprinkler,5.9,6.6,211,134,123,22.05,75620,16177,78,35,5.38,34.76,24.26
Maize,Black,Kharif,Rainfed,6.1,7.6,137,87,66,4.16,39568,20779,70,58,5.47,34.41,16.75
Sugarcane,Loamy,Zaid,Sprinkler,5.6,7.2,205,98,99,52.99,65133,3475,76,21,6.45,22.44,16.08
Tomato,Red,Kharif,Rainfed,6.2,7.2,185,98,76,26.26,74659,10675,91,23,7.97,31.03,28.66
Capsicum,Loamy,Kharif,Sprinkler,5.9,7.4,174,126,108,13.8,76493,21568,79,35,8.07,28.43,26.89
Capsicum,Red,Kharif,Sprinkler,6.4,7.1,186,85,131,18.34,92329,49526,84,60,6.85,28.95,15.19
Maize,Red,Zaid,Canal,5.9,7.7,175,83,59,5.52,46576,21162,63,37,7.52,28.81,24.24
Groundnut,Loamy,Zaid,Rainfed,5.7,7.2,69,82,61,1.79,38554,61607,90,34,6.89,21.03,22.99
Potato,Red,Kharif,Sprinkler,6.3,7.1,192,88,103,24.41,65057,14782,80,33,5.24,22.27,25.85
Rice,Clay,Kharif,Canal,5.5,7.6,133,55,63,3.49,57535,22058,60,37,5.86,26.65,22.46
Cotton,Red,Rabi,Drip,5.9,7.7,199,78,74,2.55,64129,58256,83,35,7.62,23.82,25.61
Sugarcane,Sandy,Kharif,Rainfed,6.3,7.6,265,128,83,51.98,76140,3685,68,25,8.51,27.16,19.0
Potato,Clay,Zaid,Rainfed,5.7,7.3,180,94,114,22.73,78685,17324,69,43,7.36,34.46,16.36
Capsicum,Clay,Kharif,Canal,5.7,7.7,208,92,112,11.07,77474,25180,76,59,5.77,26.41,29.88
Cotton,Black,Rabi,Sprinkler,6.5,7.6,188,81,73,2.55,51740,57091,68,25,7.07,23.39,24.52
Sugarcane,Clay,Rabi,Canal,6.1,7.4,221,137,126,36.73,77215,3967,78,50,5.93,31.78,17.24
Wheat,Black,Rabi,Canal,5.7,7.5,117,55,63,2.36,34630,22417,74,35,7.02,23.86,19.0
Potato,Black,Rabi,Canal,6.5,6.7,194,83,140,16.29,55906,16023,63,56,5.45,21.96,29.97
Soybean,Sandy,Kharif,Drip,6.3,7.3,73,88,64,1.76,33074,42955,94,27,8.51,24.52,17.22
Sugarcane,Loamy,Kharif,Rainfed,5.7,7.1,225,139,124,28.88,73445,3486,88,59,8.37,32.41,24.51
Cotton,Red,Kharif,Drip,6.0,7.4,183,70,74,2.2,67535,57332,73,32,6.95,24.67,19.94
Rice,Loamy,Rabi,Canal,6.1,7.1,109,52,56,4.96,52985,20214,74,57,5.18,21.59,21.81
Groundnut,Black,Rabi,Drip,5.9,7.5,75,68,84,2.42,43179,61007,77,43,6.95,25.28,24.78
Maize,Black,Kharif,Canal,6.2,7.4,149,83,66,4.45,28002,18405,88,29,5.18,23.68,17.28
Soybean,Red,Zaid,Sprinkler,6.0,7.7,85,63,53,1.98,29368,41968,65,57,6.6,33.6,24.8
Potato,Clay,Rabi,Canal,6.0,7.7,197,122,100,13.38,52499,19929,84,47,8.53,34.84,19.16
Capsicum,Loamy,Kharif,Drip,5.8,7.1,157,96,136,24.79,104742,37433,60,51,5.45,27.29,15.97
Cotton,Sandy,Zaid,Rainfed,5.9,7.0,175,88,66,2.91,59683,58551,95,31,8.65,20.12,22.02
Rice,Clay,Kharif,Sprinkler,6.2,7.3,101,68,64,4.36,43276,23770,74,45,8.6,22.53,29.49
Potato,Clay,Rabi,Sprinkler,5.5,6.8,260,103,126,29.19,68436,14445,75,45,8.09,24.54,21.81
Potato,Loamy,Zaid,Drip,6.4,7.0,186,107,134,17.41,53591,14044,87,33,8.76,25.87,28.4
Cotton,Clay,Kharif,Drip,6.0,6.9,180,86,90,3.36,46952,62446,72,35,6.86,29.59,29.35
Soybean,Sandy,Zaid,Rainfed,5.9,6.7,70,72,46,2.53,32424,46567,63,42,8.23,24.54,23.5
Maize,Red,Rabi,Sprinkler,6.4,7.3,169,79,60,6.54,40807,15075,69,24,5.28,34.24,15.26
Soybean,Clay,Rabi,Canal,6.2,7.5,87,65,46,1.56,26062,45785,87,49,9.0,28.21,29.16
Potato,Sandy,Rabi,Drip,6.3,7.4,193,121,134,18.44,75552,12015,77,35,6.26,34.91,16.12
Potato,Loamy,Kharif,Canal,6.0,7.1,224,96,138,12.15,67514,17000,93,36,7.31,23.97,27.55
Sugarcane,Clay,Kharif,Canal,6.2,6.8,233,122,100,49.9,68340,3338,91,50,8.55,22.52,24.75
Cotton,Clay,Kharif,Rainfed,5.8,6.7,166,71,85,2.36,60651,75175,84,44,8.18,27.87,15.51
Groundnut,Sandy,Zaid,Drip,5.5,6.7,47,74,86,2.54,35259,59969,87,48,8.48,28.06,23.15
Groundnut,Clay,Rabi,Sprinkler,5.6,7.1,60,98,74,2.29,38765,59800,92,55,5.62,23.13,29.25
Cotton,Red,Rabi,Sprinkler,6.3,7.6,184,89,67,1.74,53125,64066,76,41,5.03,20.43,20.77
Groundnut,Sandy,Zaid,Canal,6.1,6.8,69,68,83,2.48,41628,40704,90,24,8.71,34.17,18.69
Tomato,Loamy,Zaid,Rainfed,6.5,6.6,203,74,115,38.55,70833,17325,86,25,7.96,23.7,22.45
Groundnut,Sandy,Rabi,Drip,5.6,7.2,63,87,81,2.49,34481,57619,79,38,6.44,33.08,20.51
Groundnut,Red,Rabi,Sprinkler,6.0,6.8,77,68,63,2.92,35023,53730,93,43,8.96,23.01,27.69
Wheat,Clay,Rabi,Rainfed,5.9,7.0,114,58,44,3.61,48618,25147,83,21,8.55,22.8,20.14
Maize,Black,Zaid,Drip,6.0,6.9,180,73,69,6.69,40599,14400,65,44,6.88,29.41,15.01
Groundnut,Red,Rabi,Canal,6.2,7.5,51,88,68,2.22,39972,43570,70,48,8.47,22.8,24.22
Wheat,Red,Zaid,Canal,6.1,7.5,94,55,70,3.6,40968,22677,74,39,8.36,21.77,28.5
Tomato,Clay,Zaid,Rainfed,5.6,7.3,224,102,79,31.4,57475,8055,92,41,8.68,21.17,15.74
Tomato,Clay,Kharif,Canal,6.4,7.4,240,99,91,17.35,60077,12210,85,45,5.48,30.28,22.28
Potato,Black,Kharif,Rainfed,5.6,7.6,237,139,107,16.06,49392,18330,95,59,8.84,26.13,15.76
Wheat,Red,Rabi,Drip,5.7,7.3,115,44,63,3.6,38961,19031,68,23,6.25,28.67,18.18
Tomato,Loamy,Zaid,Canal,5.6,6.7,230,95,80,31.93,54157,9431,62,56,6.11,28.01,20.05
Sugarcane,Black,Rabi,Rainfed,5.6,7.1,217,118,140,57.37,91850,3688,67,50,6.13,32.53,24.64
Rice,Sandy,Kharif,Rainfed,6.3,7.0,136,58,45,5.19,54441,23668,68,52,7.41,28.75,19.84
Soybean,Black,Zaid,Canal,5.5,7.3,86,93,46,1.52,36755,47304,67,27,7.85,28.59,29.42
Soybean,Black,Rabi,Canal,6.2,7.1,76,76,40,2.49,43123,50081,70,32,8.83,22.5,26.06
Soybean,Sandy,Kharif,Rainfed,5.7,6.8,59,93,64,2.8,39127,36657,87,43,7.58,27.01,22.87
Wheat,Sandy,Rabi,Canal,6.1,6.7,97,56,59,3.14,33480,22961,66,28,5.27,24.73,25.41
Cotton,Sandy,Zaid,Drip,5.6,7.5,161,99,65,3.02,54429,55403,71,32,8.85,28.7,15.19
Capsicum,Loamy,Rabi,Rainfed,5.5,6.7,160,87,122,14.2,119532,26760,79,60,6.84,21.14,20.95
Groundnut,Red,Rabi,Canal,6.4,7.7,53,96,93,1.71,46799,61574,69,58,7.91,22.27,19.48
Soybean,Black,Zaid,Canal,5.7,7.3,89,81,67,1.87,26750,48708,66,29,5.8,32.82,16.37
Rice,Black,Zaid,Sprinkler,5.5,6.7,125,48,44,3.51,41605,20005,84,41,7.28,32.93,18.53
Soybean,Red,Zaid,Rainfed,6.4,7.7,77,86,52,2.18,38879,45801,90,35,7.68,21.38,17.27
Capsicum,Loamy,Rabi,Rainfed,5.9,7.8,230,111,133,19.79,106555,38998,82,22,7.68,30.66,29.84
Potato,Clay,Rabi,Canal,5.7,6.6,210,96,130,18.66,77218,15140,73,44,7.32,30.88,19.6
Potato,Black,Zaid,Rainfed,6.0,6.7,199,96,119,23.68,71497,18704,72,48,6.67,26.28,18.23
Sugarcane,Loamy,Rabi,Canal,6.0,7.7,289,116,118,32.96,94772,3442,85,56,5.8,26.89,21.82
Capsicum,Loamy,Zaid,Rainfed,6.0,7.5,177,124,121,17.7,75387,40908,78,54,8.05,20.3,28.7
Wheat,Black,Kharif,Sprinkler,6.3,7.1,133,60,65,3.82,44279,20940,86,22,5.33,20.82,17.92
Tomato,Sandy,Zaid,Sprinkler,5.8,7.0,229,112,104,33.1,69915,16487,92,53,6.95,22.26,29.82
Cotton,Loamy,Kharif,Sprinkler,5.6,7.3,156,86,70,1.51,48169,66374,72,34,5.62,23.49,20.39
Maize,Clay,Zaid,Drip,5.7,6.7,179,89,48,4.85,34887,17426,73,58,8.46,21.71,15.65
Wheat,Red,Zaid,Sprinkler,5.5,6.6,98,50,54,4.04,43997,20158,66,58,8.34,20.09,17.92
Sugarcane,Clay,Kharif,Canal,6.2,7.7,261,111,116,31.65,82671,4112,62,23,6.95,27.9,16.37
Potato,Clay,Kharif,Sprinkler,6.2,7.0,233,108,115,29.48,53712,15388,84,37,5.35,27.1,16.87
Sugarcane,Black,Kharif,Sprinkler,5.8,6.7,289,104,124,26.57,83008,3228,60,39,7.13,27.02,26.99
Maize,Black,Rabi,Rainfed,6.2,7.2,145,58,76,6.32,46301,21007,93,38,5.38,29.57,21.07
Groundnut,Black,Kharif,Sprinkler,5.8,7.1,76,70,99,2.33,32754,57880,87,42,5.72,34.54,27.41
Wheat,Red,Kharif,Canal,6.2,7.6,124,65,62,2.34,47545,22400,64,33,6.22,34.81,19.1
Tomato,Black,Rabi,Sprinkler,5.7,6.9,200,116,89,33.54,85697,14219,76,48,5.38,29.87,18.92
Groundnut,Loamy,Kharif,Sprinkler,6.4,7.3,46,94,73,2.62,30726,60968,84,28,5.74,34.15,18.45
Sugarcane,Black,Kharif,Rainfed,5.7,6.7,200,134,131,55.25,68354,3573,68,29,5.83,29.61,20.06
Capsicum,Red,Zaid,Drip,6.0,7.5,197,140,90,13.31,65535,40860,86,26,5.57,32.48,28.93
Rice,Loamy,Kharif,Sprinkler,6.4,6.6,137,52,67,4.15,38280,18951,65,31,5.87,20.64,15.49
Wheat,Black,Rabi,Rainfed,5.6,6.5,118,47,48,4.03,38146,19186,76,20,7.21,21.15,23.6
Soybean,Red,Kharif,Sprinkler,5.7,7.6,75,89,70,2.19,31941,37523,75,46,5.64,22.45,18.84
Rice,Red,Rabi,Canal,5.6,7.4,136,56,65,5.0,35777,21563,65,43,7.65,27.5,23.5
Soybean,Loamy,Rabi,Sprinkler,6.4,7.1,82,69,77,1.59,36898,50523,62,58,5.49,21.99,23.97
Potato,Black,Rabi,Sprinkler,6.2,7.5,256,112,95,12.92,47880,16485,67,21,7.68,30.16,20.61
Soybean,Red,Zaid,Drip,6.2,6.9,80,93,40,2.83,37288,36179,66,23,7.06,29.95,29.48
Cotton,Red,Rabi,Canal,6.3,7.6,181,79,77,3.08,47407,56834,76,29,7.17,20.66,25.84
Capsicum,Clay,Kharif,Canal,6.3,6.5,189,86,129,19.72,100869,43418,76,44,5.71,28.96,17.17
Wheat,Loamy,Rabi,Rainfed,5.7,7.1,139,59,63,4.49,40103,18638,93,50,7.56,24.85,18.71
Cotton,Black,Kharif,Drip,6.3,7.3,156,74,64,1.68,54828,63696,67,21,5.05,25.31,26.54
Tomato,Black,Kharif,Rainfed,5.8,6.8,191,111,91,22.53,68283,16511,81,45,7.83,28.81,26.41
Soybean,Black,Rabi,Rainfed,5.7,7.8,71,89,67,1.64,42631,37157,60,37,8.02,26.3,16.37
Potato,Loamy,Zaid,Sprinkler,6.5,7.7,242,110,125,22.29,66978,14735,68,41,7.25,28.24,20.29
Soybean,Red,Kharif,Drip,6.4,7.1,79,97,54,2.07,32278,42328,91,52,8.91,27.44,15.45
Soybean,Red,Kharif,Sprinkler,6.1,7.5,89,74,66,2.08,35603,36192,69,33,5.31,22.08,23.02
Sugarcane,Red,Zaid,Canal,5.6,7.3,284,122,113,28.25,77934,3159,92,44,6.27,28.1,21.13
Tomato,Clay,Kharif,Rainfed,6.5,7.4,189,92,118,17.89,62897,10372,87,25,7.24,25.98,23.82
Tomato,Black,Kharif,Rainfed,6.4,6.7,214,110,89,29.83,76049,10692,87,28,5.05,31.36,25.63
Rice,Clay,Rabi,Sprinkler,6.1,6.7,110,72,66,5.95,59115,17876,68,39,8.36,22.21,22.29
Tomato,Black,Zaid,Sprinkler,5.8,7.5,223,88,108,15.02,63027,14590,91,47,7.17,30.33,28.98
Maize,Black,Zaid,Canal,5.9,6.7,133,83,55,6.72,40586,14497,65,59,7.31,30.02,15.54
Sugarcane,Sandy,Rabi,Canal,5.5,7.6,286,131,90,50.4,97072,4024,62,38,8.64,27.29,21.07
Potato,Loamy,Kharif,Sprinkler,6.3,7.2,194,84,131,14.72,63054,14785,81,54,5.42,32.67,26.83
Sugarcane,Red,Kharif,Drip,6.2,6.7,293,86,118,57.03,81021,3888,66,57,6.93,20.51,24.87
Wheat,Black,Zaid,Canal,6.2,7.2,123,62,57,2.97,31467,25875,72,55,6.84,24.68,16.91
Tomato,Red,Kharif,Sprinkler,5.9,7.7,238,111,99,21.33,88274,12327,89,47,5.09,33.01,27.29
Sugarcane,Black,Rabi,Canal,6.2,7.7,227,110,122,49.88,67797,3148,69,24,8.89,34.51,24.19
Potato,Red,Kharif,Drip,5.6,7.4,230,84,131,14.29,76600,19189,82,26,5.28,34.97,23.07
Cotton,Clay,Rabi,Drip,5.6,7.0,187,67,91,2.9,52793,76017,93,32,5.65,33.57,29.23
Capsicum,Red,Kharif,Canal,5.5,7.2,199,85,117,21.58,99395,49643,78,53,6.98,20.75,21.95
Rice,Loamy,Kharif,Drip,5.8,7.4,123,52,59,4.13,48234,22907,86,31,6.4,31.93,27.76
Wheat,Loamy,Kharif,Rainfed,6.2,7.3,92,63,52,2.33,34806,25912,69,39,7.74,21.08,24.23
Soybean,Loamy,Kharif,Rainfed,5.8,7.4,67,72,67,2.81,35019,51285,84,53,5.97,34.28,25.26
Cotton,Black,Zaid,Rainfed,6.0,6.6,158,68,86,2.24,51744,56875,63,28,8.07,23.69,16.74
Cotton,Black,Zaid,Canal,5.6,6.6,181,81,60,3.88,53595,63776,88,45,7.96,22.79,27.63
Capsicum,Sandy,Rabi,Canal,6.0,6.6,211,111,93,12.65,98219,45295,66,28,5.64,34.66,23.39
Capsicum,Sandy,Zaid,Canal,5.9,6.7,166,140,112,19.83,106473,38258,81,22,8.29,20.97,29.21
Maize,Red,Zaid,Drip,6.1,7.0,128,89,49,6.59,47363,17623,80,22,5.34,32.45,25.56
Maize,Red,Kharif,Canal,6.2,7.7,135,71,67,4.54,37741,15221,88,59,5.8,26.53,29.93
Capsicum,Red,Kharif,Drip,6.4,7.6,219,120,113,23.26,86521,26383,71,51,7.12,33.02,18.34
Cotton,Red,Zaid,Rainfed,6.1,7.1,168,98,63,3.99,64027,58887,76,56,7.67,34.22,18.96
Groundnut,Black,Kharif,Canal,6.2,7.8,44,87,81,1.21,42459,48730,83,32,6.6,27.37,28.29
Rice,Red,Zaid,Canal,6.4,6.8,138,62,74,3.76,45274,18004,69,43,6.76,26.67,29.31
Capsicum,Clay,Zaid,Sprinkler,5.6,6.6,232,90,86,15.71,60928,27825,77,25,5.16,29.09,19.42
Groundnut,Red,Rabi,Canal,6.3,7.7,42,92,78,1.39,30240,61561,86,31,5.24,23.69,24.01
Maize,Red,Kharif,Rainfed,5.5,7.4,125,85,62,4.54,45444,17197,93,55,7.44,34.27,25.49
Maize,Red,Zaid,Canal,5.6,6.8,160,89,74,3.52,31537,17480,63,60,7.56,32.18,29.32
Groundnut,Sandy,Kharif,Rainfed,6.3,6.5,58,82,94,1.48,37829,64421,90,34,6.09,25.95,28.53
Tomato,Red,Kharif,Rainfed,6.4,7.6,205,111,81,37.45,85608,14491,72,42,8.89,33.31,18.2
Soybean,Clay,Kharif,Drip,5.9,6.6,79,89,52,2.8,42009,52827,80,42,5.79,26.09,29.85
Rice,Loamy,Zaid,Drip,5.5,7.6,104,73,55,3.1,57714,17604,83,45,5.29,24.11,28.19
Sugarcane,Red,Rabi,Rainfed,5.9,6.9,219,97,97,43.03,71299,3016,68,28,7.59,30.82,27.51
Maize,Red,Rabi,Drip,6.4,7.3,174,74,67,6.79,32252,16424,86,23,8.85,30.29,28.37
Cotton,Black,Zaid,Canal,5.7,6.9,141,83,62,2.54,67660,67354,88,44,7.24,22.05,17.27
Maize,Clay,Rabi,Drip,6.3,7.6,155,57,72,3.74,33274,17908,91,26,7.59,32.52,16.32
Rice,Loamy,Zaid,Sprinkler,6.4,6.6,136,69,61,3.06,41523,17338,82,42,8.99,26.0,24.74
Wheat,Loamy,Kharif,Rainfed,6.2,7.3,136,54,55,3.69,45152,18593,74,36,6.3,22.23,28.72
Soybean,Clay,Kharif,Sprinkler,5.6,6.8,67,69,78,1.88,27385,39765,80,28,7.54,31.04,15.09
Rice,Red,Kharif,Canal,5.7,7.5,103,56,60,4.48,35399,20035,89,59,8.95,32.71,28.64
Soybean,Sandy,Kharif,Drip,6.0,7.1,63,62,45,1.65,35753,48101,87,39,6.39,20.66,22.93
Capsicum,Clay,Rabi,Drip,6.4,7.0,201,123,134,14.24,97214,33106,94,43,7.95,24.8,17.1
Capsicum,Black,Zaid,Drip,6.3,7.2,212,103,121,18.54,116550,27861,63,29,8.35,24.77,16.27
Tomato,Clay,Rabi,Drip,6.4,6.8,239,105,115,35.6,70219,10299,60,47,6.86,30.78,27.03
Cotton,Sandy,Zaid,Drip,6.2,7.1,146,62,76,2.76,66569,50727,63,34,8.9,22.69,16.48
Tomato,Loamy,Kharif,Rainfed,6.3,7.1,208,88,102,39.7,59756,17451,68,35,7.77,26.7,23.96
Potato,Black,Rabi,Sprinkler,5.9,7.6,240,125,118,19.2,78035,16371,64,53,7.09,23.53,23.34
Cotton,Sandy,Rabi,Sprinkler,5.7,6.6,191,87,74,1.63,51398,64357,92,27,7.28,32.02,19.95
Capsicum,Sandy,Zaid,Canal,6.4,7.3,223,104,80,17.06,111688,26341,89,59,8.22,21.14,16.55
Potato,Black,Zaid,Sprinkler,6.3,6.6,252,96,81,17.9,53354,12731,61,26,7.82,20.18,27.74
Capsicum,Sandy,Rabi,Rainfed,5.6,7.0,231,123,98,12.1,109434,35448,86,55,6.24,24.24,25.34
Potato,Clay,Kharif,Sprinkler,6.5,7.2,202,102,131,18.53,54687,18007,92,36,5.56,21.18,21.53
Tomato,Red,Kharif,Rainfed,5.5,6.5,198,98,115,17.75,53071,17385,89,46,8.38,22.61,18.2
Rice,Sandy,Kharif,Rainfed,5.9,7.7,140,48,54,3.77,35703,21828,86,56,8.9,22.27,16.15
Groundnut,Sandy,Zaid,Drip,5.6,6.6,60,66,76,2.56,45621,60416,64,30,5.9,26.19,22.79
Soybean,Loamy,Kharif,Canal,5.8,6.6,58,91,72,2.05,39283,53181,74,53,5.04,20.78,19.98
Sugarcane,Red,Zaid,Rainfed,6.1,6.8,292,130,99,34.47,60607,3186,80,41,6.7,32.9,20.99
Rice,Loamy,Zaid,Sprinkler,6.0,7.2,107,49,57,5.66,49581,19732,81,50,5.62,29.94,29.45
Potato,Black,Rabi,Sprinkler,6.4,6.8,258,113,127,15.77,54371,16300,76,52,5.34,24.54,22.04
Maize,Sandy,Zaid,Rainfed,5.8,7.3,174,82,70,4.73,42129,19872,81,22,5.58,26.71,16.48
Groundnut,Clay,Rabi,Canal,6.3,7.5,46,86,76,1.5,36285,49664,78,41,7.99,29.98,25.62
Rice,Red,Kharif,Canal,6.3,6.7,104,70,58,5.72,48403,21873,68,48,6.84,33.36,28.1
Soybean,Black,Zaid,Sprinkler,6.4,7.1,80,98,59,2.42,31079,39417,76,26,7.65,23.68,17.61
Sugarcane,Sandy,Kharif,Rainfed,6.0,7.0,238,104,108,40.22,68884,3243,88,60,8.87,25.71,26.74
Soybean,Clay,Kharif,Rainfed,6.4,7.2,88,75,45,1.51,28196,45530,94,47,5.64,28.37,28.88
Sugarcane,Clay,Rabi,Rainfed,6.1,7.3,208,137,90,26.76,83222,4043,62,49,8.06,25.84,15.08
Cotton,Red,Zaid,Canal,6.4,7.1,191,82,65,3.26,53222,52477,65,44,7.24,27.38,18.03
Tomato,Loamy,Kharif,Rainfed,6.2,7.1,185,110,97,23.94,86150,15272,62,49,7.28,34.13,18.31
Capsicum,Clay,Rabi,Drip,6.3,7.0,203,100,125,23.15,104282,34934,68,57,6.37,31.13,27.43
Maize,Clay,Rabi,Rainfed,5.9,7.1,142,89,76,3.46,35838,16217,86,26,6.93,33.62,17.68
Tomato,Loamy,Rabi,Drip,6.1,6.6,185,108,101,32.62,83516,10296,73,25,8.27,23.08,15.82
Groundnut,Loamy,Kharif,Rainfed,6.4,7.6,70,87,76,1.33,47629,60653,66,47,7.06,23.06,15.56
Tomato,Black,Zaid,Rainfed,6.1,7.8,231,104,112,21.23,74184,10640,64,24,7.03,28.46,24.08
Wheat,Clay,Rabi,Sprinkler,6.1,7.3,137,64,50,2.7,39758,20599,71,35,5.53,32.66,15.03
Maize,Red,Rabi,Canal,6.0,7.2,159,82,52,4.54,28751,19903,95,43,5.51,30.78,22.44
Potato,Red,Zaid,Canal,6.4,7.3,214,92,81,29.49,48899,17926,86,20,6.57,23.05,20.65
Sugarcane,Loamy,Rabi,Sprinkler,5.7,6.6,291,90,80,48.17,97813,3081,92,46,8.08,27.63,27.37
Potato,Loamy,Kharif,Canal,6.1,6.5,259,109,134,25.51,50904,17117,63,54,6.46,28.22,24.34
Maize,Black,Rabi,Rainfed,6.2,7.5,157,80,78,3.17,37873,15501,84,40,6.0,30.51,19.77
Cotton,Sandy,Zaid,Rainfed,6.5,6.5,186,83,80,3.32,53288,58876,70,26,6.91,32.26,18.69
Capsicum,Black,Rabi,Sprinkler,5.9,7.7,236,91,83,12.95,110392,33615,80,32,8.25,20.13,23.39
Soybean,Sandy,Zaid,Canal,6.3,6.8,84,91,55,1.78,29376,50445,84,44,6.44,32.35,18.21
Maize,Clay,Kharif,Sprinkler,6.4,7.0,125,90,41,3.61,37393,19545,77,56,6.31,25.05,27.01
Maize,Black,Zaid,Drip,6.5,7.8,178,65,45,4.37,29003,15546,91,42,8.37,27.9,22.06
Sugarcane,Black,Rabi,Canal,5.8,7.5,246,93,88,48.03,89101,3418,66,52,7.34,34.86,24.5
Maize,Loamy,Zaid,Drip,6.1,7.5,176,57,69,4.02,44731,21074,91,29,7.43,25.81,19.17
Sugarcane,Black,Kharif,Drip,5.8,7.3,220,94,97,28.09,73221,3158,93,39,5.01,20.09,23.77
Wheat,Clay,Rabi,Canal,5.6,6.9,93,59,49,3.39,48509,22366,64,33,5.84,25.73,25.53
Soybean,Black,Rabi,Drip,5.5,6.5,58,77,77,2.48,43785,53355,85,51,6.08,33.01,26.26
Sugarcane,Clay,Zaid,Sprinkler,6.3,7.2,286,139,127,56.02,61814,3694,66,59,8.3,33.23,23.26
Rice,Clay,Rabi,Rainfed,5.9,7.5,113,52,60,2.7,52522,16510,88,48,8.07,24.62,26.75
Tomato,Black,Kharif,Canal,5.9,6.9,218,84,88,34.54,87416,14456,75,21,7.56,21.54,23.27
Maize,Red,Kharif,Drip,5.7,6.8,168,61,64,5.95,37146,17282,80,48,7.83,30.18,16.34
Cotton,Red,Kharif,Drip,6.1,7.4,164,82,93,3.54,47992,61573,68,54,5.15,26.52,22.47
Tomato,Clay,Zaid,Drip,5.9,7.1,228,77,110,21.14,53605,12624,83,46,5.77,21.15,20.05
Soybean,Loamy,Kharif,Rainfed,5.7,7.3,78,98,53,2.5,41686,54818,63,42,7.08,34.7,23.15
Rice,Loamy,Rabi,Rainfed,6.2,7.3,148,67,75,2.66,56821,16765,78,50,7.84,30.2,29.36
Tomato,Clay,Zaid,Sprinkler,5.6,7.7,185,97,85,19.02,57827,14268,95,35,5.16,28.54,19.06
Maize,Loamy,Kharif,Sprinkler,5.7,7.1,171,76,61,4.26,43924,17610,66,59,5.27,30.44,28.48
Tomato,Clay,Rabi,Canal,5.7,6.9,170,109,103,33.67,83531,12899,84,39,5.38,32.03,24.38
Rice,Black,Kharif,Rainfed,6.3,6.7,149,51,63,4.86,35994,18454,64,56,8.55,32.76,23.43
Soybean,Red,Rabi,Rainfed,6.0,7.3,59,65,75,2.89,25997,43754,83,49,8.07,29.9,25.44
Soybean,Black,Zaid,Sprinkler,6.3,6.7,66,84,54,2.58,37522,44346,78,55,8.85,28.81,24.47
Sugarcane,Black,Zaid,Rainfed,6.4,6.9,207,105,93,45.4,84696,3787,88,54,6.98,34.74,22.7
Maize,Clay,Rabi,Drip,6.4,7.7,167,74,62,3.75,47009,20077,72,48,8.27,33.28,16.31
Groundnut,Black,Kharif,Rainfed,5.7,7.0,61,88,82,1.22,49911,57758,81,57,6.18,33.17,26.58
Soybean,Black,Kharif,Sprinkler,6.0,6.8,64,80,48,2.67,26322,52345,62,21,5.04,34.88,20.36
Tomato,Red,Kharif,Sprinkler,6.0,7.5,174,100,101,37.64,50639,16131,85,51,8.45,28.19,27.82
Groundnut,Black,Zaid,Sprinkler,6.5,7.2,60,82,95,1.76,42804,61308,77,39,6.84,20.92,29.03
Cotton,Red,Zaid,Drip,5.5,7.4,187,74,99,3.05,62728,70798,88,44,7.42,33.91,15.43
Maize,Sandy,Rabi,Drip,5.8,7.5,173,77,54,3.62,29721,14839,66,23,8.78,21.92,28.14
Soybean,Clay,Rabi,Canal,6.0,7.0,56,80,52,1.59,39197,44444,84,29,6.98,22.57,21.56
Groundnut,Red,Kharif,Sprinkler,5.7,6.6,62,70,97,2.84,43744,40299,75,25,8.53,23.49,15.95
Rice,Clay,Zaid,Rainfed,5.9,6.8,122,41,65,2.53,42153,18791,60,39,8.56,30.89,25.9
Rice,Loamy,Zaid,Canal,5.8,6.6,116,45,61,3.22,40708,21861,67,22,6.88,23.23,28.52
Groundnut,Clay,Zaid,Rainfed,6.3,6.6,43,86,76,2.67,47842,64363,61,57,7.27,29.69,21.65
Cotton,Loamy,Rabi,Drip,6.0,7.1,150,100,67,2.61,57786,69975,89,29,7.71,32.51,19.04
Maize,Red,Kharif,Drip,5.8,6.6,124,67,60,4.41,44340,19904,89,30,5.94,33.9,18.23
Capsicum,Black,Zaid,Rainfed,6.3,7.7,225,83,136,22.94,97004,20457,86,46,5.68,34.49,28.37
Potato,Sandy,Zaid,Drip,5.6,7.3,205,109,131,28.34,63351,17306,66,52,8.22,26.12,29.07
Groundnut,Black,Kharif,Drip,5.8,7.8,41,100,70,2.32,40030,40270,83,38,7.64,34.39,21.73
Soybean,Loamy,Zaid,Drip,5.9,6.5,57,93,79,2.4,36017,36039,85,34,5.51,26.57,19.81
Groundnut,Black,Zaid,Drip,6.5,6.9,44,99,87,2.3,39112,52883,84,25,8.79,34.06,20.04
Sugarcane,Black,Rabi,Sprinkler,5.9,6.9,218,140,97,37.14,63443,3687,63,29,6.11,27.28,29.47
Cotton,Red,Kharif,Drip,6.4,7.3,142,74,65,3.24,67173,64677,67,23,8.02,26.1,25.98
Sugarcane,Red,Zaid,Drip,6.3,7.0,225,120,110,36.32,71046,3823,76,54,6.94,28.38,25.46
Groundnut,Loamy,Kharif,Canal,5.9,7.7,80,65,74,2.16,38492,53617,74,45,7.57,29.28,15.38
Capsicum,Sandy,Zaid,Canal,6.3,6.9,189,136,95,10.45,93286,39308,86,49,8.74,22.06,24.89
Wheat,Clay,Rabi,Sprinkler,5.6,7.0,96,64,56,4.37,37937,18754,92,40,5.61,32.63,26.38
Cotton,Black,Rabi,Sprinkler,6.3,7.4,174,100,72,2.58,61680,59281,84,60,5.44,34.35,19.84
Wheat,Clay,Kharif,Sprinkler,5.6,6.7,127,49,54,2.97,49494,24377,89,28,6.87,26.92,17.0
Potato,Red,Kharif,Sprinkler,6.2,6.8,250,135,104,13.98,48298,13629,71,43,5.39,26.08,26.42
Groundnut,Loamy,Zaid,Sprinkler,5.6,7.0,68,93,76,2.99,38448,44066,70,45,7.76,23.86,28.35
Rice,Sandy,Zaid,Rainfed,5.6,7.5,128,63,43,5.33,56330,22498,81,39,7.95,32.81,24.36
Potato,Sandy,Kharif,Sprinkler,6.5,7.7,214,138,115,28.05,71437,19607,93,23,7.47,34.2,19.92
Wheat,Loamy,Zaid,Rainfed,6.2,7.3,135,45,57,4.33,31385,23642,88,45,7.94,31.2,28.54
Cotton,Sandy,Kharif,Rainfed,5.8,6.6,188,82,93,3.38,58388,70383,90,40,7.41,24.91,24.74
Tomato,Red,Rabi,Sprinkler,5.9,7.3,188,88,100,33.1,53006,16865,63,43,5.36,28.19,26.82
Wheat,Sandy,Rabi,Sprinkler,6.0,6.6,140,44,56,2.98,32077,22783,70,24,8.21,30.17,15.61
Groundnut,Red,Zaid,Canal,5.8,6.6,57,66,80,2.29,31286,46755,95,27,8.04,25.18,28.72
Tomato,Sandy,Kharif,Rainfed,6.1,7.7,198,100,98,36.33,69607,8484,61,57,5.47,26.62,16.54
Groundnut,Red,Rabi,Canal,5.9,7.2,71,99,81,1.7,49040,41338,91,31,7.21,33.76,24.02
Cotton,Loamy,Zaid,Sprinkler,5.9,7.4,193,92,75,3.85,51833,65988,63,23,6.0,27.41,19.49
Groundnut,Red,Rabi,Drip,5.9,6.6,76,66,71,1.73,34236,40498,61,37,5.76,32.74,26.49
Sugarcane,Clay,Rabi,Sprinkler,5.5,7.5,266,84,111,27.69,66710,4160,92,37,8.26,30.37,22.57
Groundnut,Loamy,Kharif,Rainfed,5.8,7.1,75,72,82,2.77,46251,64301,70,41,8.65,22.33,28.96
Maize,Loamy,Rabi,Drip,6.2,6.5,180,82,62,5.25,41168,20327,64,60,7.71,24.37,19.13
Soybean,Clay,Rabi,Rainfed,6.0,6.6,76,95,79,1.67,30670,42911,85,49,5.31,21.56,29.17
Sugarcane,Clay,Kharif,Rainfed,5.7,7.1,226,126,121,39.44,67326,3115,74,58,6.78,21.58,25.04
Potato,Loamy,Zaid,Drip,6.4,7.0,184,86,121,21.43,78103,17535,67,21,7.19,21.73,26.85
Tomato,Black,Rabi,Sprinkler,5.8,6.6,215,110,117,39.77,88486,14812,68,58,6.3,23.16,20.02
Cotton,Loamy,Kharif,Sprinkler,6.0,7.0,167,72,83,2.75,55903,54002,60,47,5.92,26.74,16.67
Potato,Black,Rabi,Sprinkler,5.5,7.4,194,124,105,15.33,50796,12058,62,31,5.61,32.57,19.38
Soybean,Loamy,Zaid,Sprinkler,6.1,7.7,79,84,78,2.75,42202,46826,90,29,6.37,25.68,29.22
Capsicum,Loamy,Rabi,Sprinkler,6.3,7.3,228,86,124,28.31,107411,21127,72,24,7.89,21.01,23.48
Groundnut,Clay,Zaid,Sprinkler,5.9,6.8,77,97,91,1.92,33182,49619,75,59,7.29,34.64,22.0
Tomato,Loamy,Zaid,Drip,5.6,7.5,199,79,93,24.48,63552,12413,74,56,8.75,22.04,27.04
Capsicum,Black,Rabi,Canal,5.5,7.6,220,110,95,23.51,83740,40605,72,25,8.59,32.71,24.79
Tomato,Loamy,Rabi,Sprinkler,6.3,7.1,231,99,110,19.06,52981,15027,90,28,6.23,24.04,28.05
Tomato,Black,Rabi,Canal,6.1,7.5,162,115,117,31.52,68656,9514,78,29,6.51,27.13,27.32
Potato,Black,Rabi,Sprinkler,6.5,7.8,184,95,93,24.56,79633,12126,79,51,7.76,28.53,15.27
Maize,Sandy,Kharif,Sprinkler,6.2,6.8,127,60,55,6.76,34682,18595,93,54,5.75,22.34,23.98
Rice,Clay,Rabi,Sprinkler,6.5,6.7,140,63,77,4.71,59767,19175,87,49,5.67,29.28,18.44
Maize,Black,Kharif,Drip,5.7,6.7,120,54,69,5.47,42393,14704,92,43,8.94,20.1,24.7
Tomato,Black,Rabi,Drip,6.2,7.5,210,91,76,33.47,88419,9736,90,23,6.87,30.11,26.28
Wheat,Sandy,Rabi,Sprinkler,5.6,7.6,124,45,60,3.56,48036,20482,64,29,5.42,29.32,23.42
Maize,Clay,Kharif,Drip,6.3,7.4,148,54,43,4.43,41820,16501,62,20,5.6,23.94,17.17
Soybean,Sandy,Zaid,Sprinkler,6.1,7.3,86,61,70,1.55,25213,53119,95,39,7.69,27.58,28.99
Tomato,Black,Kharif,Rainfed,5.6,7.5,166,102,82,30.4,72285,10614,79,37,8.25,22.14,17.4
Groundnut,Red,Zaid,Rainfed,5.7,6.9,68,79,91,1.69,33934,42741,84,45,6.0,22.36,18.16
Maize,Black,Rabi,Rainfed,5.7,7.4,148,65,75,3.97,36506,18697,75,40,7.62,34.07,15.33
Potato,Sandy,Kharif,Canal,6.1,7.2,192,115,94,16.88,61423,12679,62,23,7.52,21.19,28.58
Potato,Clay,Rabi,Rainfed,5.8,6.5,232,111,106,28.49,68018,18369,80,53,7.69,25.2,27.89
Wheat,Black,Kharif,Rainfed,6.1,7.2,122,58,70,3.29,49791,22738,76,53,5.96,28.86,29.8
Tomato,Sandy,Rabi,Rainfed,6.3,7.4,239,109,86,32.09,82107,13494,79,46,8.9,22.82,16.76
Cotton,Clay,Rabi,Drip,6.0,7.5,176,83,94,1.65,66527,71722,60,23,6.9,28.48,24.49
Groundnut,Sandy,Kharif,Rainfed,6.2,7.0,74,96,82,1.29,40629,63482,76,60,6.6,28.22,25.75
Sugarcane,Clay,Rabi,Drip,5.7,7.2,288,129,98,55.97,79918,3705,84,55,5.37,29.78,22.33
Cotton,Sandy,Zaid,Canal,6.1,6.7,151,73,62,1.97,67089,77017,75,23,8.49,33.45,16.8
Cotton,Loamy,Zaid,Sprinkler,6.4,7.6,144,67,95,2.16,65611,50496,64,31,8.36,28.78,27.42
Rice,Loamy,Kharif,Canal,5.6,7.0,116,67,58,3.22,38266,18287,69,35,5.39,27.66,16.11
Sugarcane,Red,Kharif,Drip,6.0,6.7,231,96,107,28.52,72769,3050,67,39,8.47,23.71,26.44
Groundnut,Sandy,Kharif,Sprinkler,5.5,7.3,45,82,80,2.67,46304,50067,71,27,8.01,21.54,18.37
Rice,Sandy,Rabi,Sprinkler,6.1,7.6,141,48,72,4.2,37034,16436,93,22,5.21,26.23,24.24
Rice,Loamy,Kharif,Rainfed,6.4,7.6,147,58,55,4.91,41958,19091,66,36,8.73,22.58,24.71
Potato,Sandy,Zaid,Sprinkler,5.5,6.8,259,111,110,22.45,54777,13308,82,31,6.79,32.15,27.47
Sugarcane,Sandy,Zaid,Canal,5.9,7.8,200,80,106,48.05,72584,3497,91,57,6.81,31.62,21.01
Capsicum,Loamy,Kharif,Canal,6.0,6.7,217,133,129,17.91,111498,31255,85,31,8.3,34.65,29.95
Cotton,Red,Zaid,Rainfed,6.4,6.9,174,100,61,3.41,54565,57987,81,43,6.59,34.86,20.85
Wheat,Red,Rabi,Drip,6.2,7.7,122,53,43,3.5,43881,25536,77,34,6.06,20.82,23.5
Maize,Sandy,Rabi,Drip,6.0,6.6,120,78,60,5.18,42734,14871,71,53,6.46,29.89,18.43
Wheat,Sandy,Kharif,Sprinkler,5.5,6.9,109,54,50,2.87,37745,22608,63,60,7.04,23.3,28.3
Wheat,Black,Rabi,Sprinkler,6.4,7.1,137,58,40,2.58,34159,22148,82,51,6.09,20.09,26.6
Maize,Red,Rabi,Drip,5.6,7.3,142,59,64,6.66,30199,14496,81,20,7.38,32.24,24.05
Soybean,Black,Kharif,Canal,6.1,7.1,87,91,67,1.52,37539,48654,87,23,8.49,27.42,27.62
Tomato,Clay,Zaid,Drip,5.9,7.5,220,74,95,23.87,84372,10418,61,26,8.87,29.12,24.95
Capsicum,Sandy,Kharif,Canal,6.4,7.4,213,81,122,28.84,78309,49813,68,34,5.57,27.73,27.22
Wheat,Sandy,Zaid,Rainfed,5.9,6.8,100,60,65,4.38,35709,24678,87,51,6.84,29.16,21.53
Groundnut,Sandy,Rabi,Canal,6.1,7.1,68,84,95,2.07,46275,62368,68,52,5.02,27.9,22.48
Cotton,Red,Rabi,Rainfed,6.5,7.0,182,62,87,2.77,47556,60567,86,54,8.89,22.47,29.59
Tomato,Red,Kharif,Canal,6.1,7.5,193,73,70,35.43,83840,15130,92,20,6.62,21.78,20.91
Soybean,Black,Zaid,Canal,5.7,7.7,88,99,63,2.81,44815,52839,64,31,7.69,24.92,25.28
Capsicum,Black,Zaid,Drip,5.7,7.4,203,111,113,14.23,116864,21269,76,24,6.71,24.32,22.55
Capsicum,Black,Kharif,Canal,6.1,7.6,170,123,119,25.81,113842,33631,75,29,5.4,24.94,17.15
Capsicum,Sandy,Zaid,Drip,5.7,7.6,167,111,101,18.89,117556,43740,67,28,7.29,32.67,16.46
Soybean,Clay,Rabi,Rainfed,5.9,7.4,76,88,79,2.0,39458,45934,73,37,5.72,26.51,19.94
Soybean,Loamy,Zaid,Sprinkler,5.7,6.8,52,69,52,1.91,33920,53862,65,23,5.1,20.43,25.06
Capsicum,Loamy,Zaid,Canal,5.8,6.9,216,83,99,28.32,89865,30578,61,38,6.21,29.74,27.82
Rice,Sandy,Zaid,Sprinkler,5.7,7.3,148,64,53,3.98,39441,18192,60,32,6.52,24.15,26.84
Cotton,Sandy,Rabi,Canal,6.1,7.7,171,75,77,1.99,69710,74895,94,21,6.76,30.79,15.72
Rice,Red,Rabi,Drip,5.9,7.0,135,66,64,4.0,39811,23863,89,29,5.32,27.82,17.67
Rice,Sandy,Kharif,Canal,6.0,7.7,108,49,58,3.15,48827,19155,78,36,6.61,29.58,26.8
Cotton,Black,Zaid,Sprinkler,6.0,6.8,153,82,63,2.53,51283,72899,86,47,5.74,29.31,16.36
Groundnut,Red,Zaid,Sprinkler,6.0,7.5,59,77,100,1.39,34440,56181,60,59,5.65,26.91,18.78
Rice,Black,Rabi,Canal,6.5,7.2,117,56,58,5.37,45737,20303,78,40,8.01,30.89,20.26
Capsicum,Red,Rabi,Drip,6.3,6.6,165,93,110,18.0,100636,43607,88,38,7.89,25.14,27.42
Potato,Red,Kharif,Sprinkler,6.0,7.7,216,100,95,20.64,52157,13941,92,52,8.02,25.66,23.72
Potato,Black,Rabi,Sprinkler,6.3,7.0,191,134,104,12.73,48940,15992,70,42,7.52,32.07,20.57
Soybean,Clay,Zaid,Drip,6.1,7.6,80,95,76,1.75,41985,53155,65,54,8.34,30.33,28.94
Potato,Black,Kharif,Canal,6.1,7.2,244,126,126,22.43,76367,13564,71,41,5.06,31.71,29.06
Cotton,Loamy,Rabi,Sprinkler,5.9,6.9,151,93,99,3.36,52171,77746,88,37,8.54,33.45,25.89
Groundnut,Sandy,Rabi,Drip,5.9,7.1,59,94,63,2.41,44974,43715,64,59,6.04,32.58,25.0
Soybean,Clay,Zaid,Drip,5.7,7.6,74,62,79,1.97,35383,38701,85,52,8.67,22.03,19.06
Tomato,Red,Rabi,Sprinkler,6.2,7.0,216,98,97,20.4,57792,12021,70,31,8.8,33.86,23.84
Rice,Black,Rabi,Drip,6.3,7.5,147,56,68,5.65,49591,22368,74,52,6.14,25.15,16.77
Groundnut,Sandy,Zaid,Rainfed,5.8,7.2,55,86,78,1.43,46244,47207,70,56,6.72,20.84,24.79
Rice,Loamy,Zaid,Sprinkler,6.2,7.4,132,43,49,3.31,52771,16050,79,56,8.11,32.95,25.43
Soybean,Black,Rabi,Canal,5.5,7.3,68,83,69,2.84,36101,52731,90,36,5.58,24.69,18.07
Sugarcane,Sandy,Zaid,Drip,6.1,7.4,269,126,102,40.11,73725,3124,84,43,8.88,33.57,15.18
Potato,Red,Rabi,Drip,5.7,6.6,229,110,139,14.39,60214,18012,79,22,8.04,33.22,18.21
Rice,Loamy,Zaid,Drip,5.9,6.6,114,69,60,5.91,45649,18263,82,21,6.15,29.77,28.83
Rice,Black,Rabi,Sprinkler,5.8,7.5,122,73,64,5.22,42779,16219,84,44,5.08,31.2,29.49
Soybean,Red,Rabi,Canal,6.3,7.4,77,69,74,2.36,29755,46673,89,27,6.34,31.77,23.53
Soybean,Black,Rabi,Drip,5.7,7.0,72,74,40,1.82,32505,53488,91,26,8.35,32.33,22.71
Rice,Red,Kharif,Rainfed,5.6,7.6,121,43,66,3.89,48103,20649,64,30,6.66,27.54,27.21
Capsicum,Sandy,Kharif,Canal,6.2,7.4,191,131,92,10.72,110526,38007,84,53,6.27,30.42,29.19
Tomato,Black,Rabi,Rainfed,5.6,6.7,181,88,78,27.42,52800,17640,85,32,6.28,25.45,19.42
Wheat,Loamy,Kharif,Canal,6.2,7.1,93,61,48,3.29,45421,19062,88,54,7.32,30.31,22.01
Capsicum,Black,Kharif,Sprinkler,6.1,7.3,193,132,117,14.71,99830,47254,63,22,7.86,23.9,17.26
Wheat,Black,Kharif,Drip,6.2,7.5,113,44,48,3.76,31363,23528,62,44,8.24,31.1,23.9
Wheat,Sandy,Rabi,Drip,6.0,7.1,117,63,59,3.99,48186,20420,68,56,7.02,21.85,25.96
Sugarcane,Black,Zaid,Rainfed,6.1,6.5,227,105,132,49.01,74380,3750,67,30,6.72,27.98,26.23
Groundnut,Sandy,Rabi,Drip,6.4,7.0,56,63,64,2.5,41319,48623,75,38,8.08,21.3,19.24
Capsicum,Clay,Zaid,Sprinkler,5.6,7.3,237,89,97,28.89,99601,33126,75,45,6.83,30.52,25.29
Capsicum,Red,Zaid,Rainfed,5.7,7.5,235,138,137,17.54,94097,34437,87,26,7.52,29.14,22.71
Rice,Red,Kharif,Drip,5.6,7.7,124,71,53,2.73,44441,20082,93,26,7.11,26.03,18.77
Rice,Clay,Zaid,Rainfed,5.9,6.7,148,57,53,4.54,43348,23687,67,48,8.8,23.37,20.75
Soybean,Loamy,Rabi,Rainfed,6.1,7.4,52,84,55,1.59,34909,51175,65,29,5.13,22.48,26.41
Groundnut,Loamy,Zaid,Rainfed,6.4,6.9,72,100,64,2.29,42651,53601,62,56,8.92,21.07,29.61
Cotton,Clay,Rabi,Drip,5.8,6.8,161,98,72,2.9,51939,53156,70,28,8.89,31.11,28.0
Cotton,Sandy,Kharif,Canal,5.9,7.5,177,97,68,1.82,60273,73340,86,24,6.68,34.39,23.54
Soybean,Black,Zaid,Canal,5.6,6.7,68,100,66,1.57,25692,53622,65,52,6.59,33.25,20.03
Potato,Red,Rabi,Sprinkler,5.6,7.6,185,127,105,19.49,75964,17473,85,23,6.77,30.35,26.92
Groundnut,Loamy,Rabi,Drip,6.5,6.6,67,89,61,2.92,33252,54213,89,47,8.16,30.06,23.42
Potato,Black,Rabi,Drip,6.1,7.7,258,94,85,21.76,69540,19202,66,26,6.4,27.32,16.97
Rice,Sandy,Zaid,Sprinkler,6.3,6.7,120,49,51,4.28,37402,19211,74,25,8.22,27.85,18.16
Wheat,Sandy,Rabi,Rainfed,5.6,6.9,139,51,49,4.28,34233,23310,84,48,6.66,24.45,17.67
Tomato,Sandy,Zaid,Canal,6.1,7.4,180,70,101,39.9,50436,14417,76,45,7.08,29.97,18.88
Cotton,Red,Zaid,Canal,5.6,7.1,159,95,76,2.67,55316,73471,66,42,8.27,22.64,17.07
Rice,Red,Kharif,Canal,6.5,6.9,150,70,80,5.17,41424,20706,70,58,6.5,25.03,15.56
Wheat,Red,Zaid,Canal,5.6,7.7,95,55,46,2.95,47614,20031,87,31,8.17,28.02,24.7
Rice,Sandy,Kharif,Sprinkler,6.4,7.1,140,67,51,2.56,52420,16828,86,52,6.45,26.97,29.28
Tomato,Sandy,Kharif,Sprinkler,5.5,7.3,195,91,80,29.72,57826,12775,65,25,5.95,32.86,23.16
Wheat,Sandy,Zaid,Rainfed,6.3,7.1,133,46,52,4.5,41021,25708,76,36,5.32,29.92,26.49
Soybean,Clay,Rabi,Canal,5.8,7.0,78,71,64,1.93,27211,50467,62,40,8.36,29.7,21.39
Sugarcane,Sandy,Rabi,Sprinkler,6.3,6.8,276,97,133,44.3,75855,3525,82,30,7.28,33.4,26.32
Cotton,Red,Zaid,Canal,5.8,7.0,149,70,80,2.06,68522,71024,90,43,6.57,22.39,24.33
Cotton,Clay,Rabi,Canal,5.8,7.7,184,82,69,2.69,56104,55498,81,38,7.65,23.05,18.34
Rice,Clay,Rabi,Drip,5.7,7.5,100,59,56,4.95,39158,19770,77,53,7.16,28.98,19.4
Soybean,Red,Zaid,Drip,5.7,6.6,57,63,52,1.97,44657,43064,84,37,5.9,26.56,26.46
Wheat,Red,Rabi,Rainfed,6.3,6.8,110,52,44,3.96,34957,23967,71,41,6.96,28.02,20.31
Tomato,Sandy,Zaid,Drip,6.1,6.9,237,72,72,37.28,74156,8478,89,47,6.57,21.64,26.01
Soybean,Black,Rabi,Rainfed,5.6,6.6,59,86,69,1.85,35163,38812,85,58,7.6,28.02,19.09
Cotton,Black,Zaid,Canal,6.4,7.6,192,61,66,3.16,46570,67992,60,36,6.4,30.39,25.22
Maize,Loamy,Kharif,Drip,6.2,7.6,172,59,43,3.24,30452,21934,93,36,8.29,34.02,16.06
Cotton,Loamy,Rabi,Canal,5.8,7.5,152,95,60,2.05,60463,69029,76,52,6.92,25.33,23.53
Capsicum,Sandy,Rabi,Drip,6.4,7.5,170,107,86,28.37,66907,41233,77,23,6.59,26.95,26.27
Soybean,Red,Zaid,Drip,6.5,7.0,72,99,52,2.48,28717,37922,62,30,7.45,29.38,27.27
Sugarcane,Red,Rabi,Rainfed,5.9,7.0,240,114,90,27.86,69928,2938,61,23,6.27,24.29,25.41
Rice,Sandy,Rabi,Rainfed,5.5,6.7,127,68,62,3.92,56378,22588,84,56,5.69,21.72,24.72
Potato,Sandy,Rabi,Drip,6.4,7.3,245,83,100,28.61,58717,13004,62,59,6.1,28.77,29.07
Maize,Red,Rabi,Sprinkler,6.3,7.3,152,59,73,6.09,35929,18027,79,46,6.56,28.67,24.35
Wheat,Sandy,Zaid,Drip,6.4,6.5,112,54,51,4.3,46546,23069,79,44,6.71,32.83,25.63
Sugarcane,Sandy,Kharif,Sprinkler,6.4,7.6,298,84,80,54.19,90660,4051,67,59,7.42,22.34,24.15
Potato,Loamy,Rabi,Canal,6.1,7.4,191,89,127,19.84,75364,18583,79,28,8.38,21.54,26.27
Sugarcane,Sandy,Zaid,Sprinkler,6.5,7.1,300,125,117,47.47,91736,2954,90,24,7.78,34.64,18.28
Soybean,Loamy,Rabi,Canal,6.0,6.9,68,63,60,2.43,25879,35685,91,30,7.14,26.33,24.93
Groundnut,Black,Rabi,Drip,6.0,7.3,51,89,70,1.35,37346,46426,73,29,7.24,28.14,19.32
Groundnut,Clay,Zaid,Rainfed,5.8,6.8,42,67,100,2.02,38255,57264,94,39,5.48,32.38,21.57
Soybean,Clay,Zaid,Sprinkler,6.4,7.4,84,85,57,2.8,39121,42881,87,25,6.68,24.65,16.38
Groundnut,Black,Zaid,Sprinkler,5.6,7.4,45,82,93,2.42,42436,55267,81,55,6.58,22.91,20.94
Tomato,Sandy,Zaid,Sprinkler,5.6,6.6,206,71,77,25.12,66157,13611,67,43,8.76,29.78,28.41
Sugarcane,Black,Rabi,Rainfed,5.7,7.3,229,92,85,25.1,77022,4101,74,49,5.59,32.67,26.3
Wheat,Black,Zaid,Drip,6.2,6.5,108,46,47,3.08,43188,21848,83,21,7.75,22.92,24.21
Tomato,Loamy,Rabi,Rainfed,5.5,7.4,173,119,114,32.85,86545,15597,68,47,8.42,23.67,25.16
Capsicum,Loamy,Rabi,Rainfed,6.1,7.4,228,112,114,14.51,101950,23294,65,55,7.76,33.11,16.11
Groundnut,Sandy,Zaid,Drip,6.3,7.4,74,88,94,2.4,46621,47702,67,43,8.48,21.29,19.53
Potato,Clay,Kharif,Drip,6.4,7.5,256,101,118,17.85,47195,16345,80,40,6.46,32.8,15.32
Wheat,Black,Zaid,Sprinkler,5.8,7.5,134,45,65,3.8,47059,22101,94,22,5.28,28.49,26.18
Rice,Sandy,Rabi,Sprinkler,5.7,7.3,126,63,78,2.98,44099,17622,67,47,8.08,26.71,17.24
Cotton,Sandy,Rabi,Drip,5.9,6.8,155,70,92,2.12,57979,50227,79,32,7.71,20.47,22.36
Soybean,Red,Kharif,Canal,6.2,6.5,63,89,78,2.9,39395,48979,90,35,6.46,30.72,23.57
Capsicum,Loamy,Kharif,Rainfed,5.7,6.7,229,132,134,16.26,98606,33323,72,50,6.84,21.31,22.05
Rice,Clay,Rabi,Sprinkler,6.5,7.2,144,45,46,5.44,39080,22468,88,22,7.0,31.43,25.8
Rice,Black,Zaid,Drip,6.2,7.8,134,62,74,5.06,53819,21381,77,53,6.81,33.26,15.61
Tomato,Loamy,Kharif,Rainfed,6.0,6.6,194,81,114,22.31,67829,14141,84,55,7.67,27.3,17.39
Soybean,Sandy,Kharif,Drip,6.1,7.7,60,70,42,2.55,38681,49443,84,44,5.94,27.45,22.03
Potato,Clay,Rabi,Canal,5.8,6.8,221,125,103,22.9,58124,16667,74,39,6.89,34.43,17.88
Capsicum,Red,Kharif,Sprinkler,6.0,6.9,199,82,109,20.16,86334,38674,87,28,7.65,29.19,18.29
Tomato,Black,Zaid,Drip,6.2,6.5,208,108,112,39.62,58024,10251,86,25,6.82,29.17,22.11
Groundnut,Clay,Rabi,Canal,6.3,7.0,64,70,68,1.22,33299,44046,87,36,8.24,34.75,25.76
Cotton,Red,Kharif,Rainfed,6.1,7.3,194,74,86,1.78,67908,73229,80,24,6.35,21.72,20.3
Capsicum,Red,Kharif,Drip,5.8,7.3,198,104,129,11.64,70386,36216,74,28,7.33,26.32,19.97
Tomato,Loamy,Zaid,Drip,6.0,7.2,235,109,90,33.81,68347,12239,79,28,6.33,31.3,16.17
Sugarcane,Sandy,Zaid,Rainfed,6.0,7.3,271,121,88,51.37,68165,3953,69,52,8.16,23.98,26.62
Capsicum,Black,Zaid,Canal,6.4,7.7,151,84,97,20.84,110722,24782,65,35,8.12,28.09,17.94
Groundnut,Clay,Kharif,Canal,6.5,7.5,47,88,67,1.47,35507,62464,92,30,6.37,21.76,17.14
Rice,Sandy,Rabi,Rainfed,6.0,6.7,132,76,71,2.77,44835,20533,60,47,8.08,33.04,29.72
Maize,Red,Rabi,Drip,5.7,7.5,133,77,42,3.22,41121,15680,63,28,8.59,24.54,28.24
Soybean,Loamy,Rabi,Sprinkler,6.4,7.0,62,62,47,2.51,34480,38639,70,49,8.43,33.8,24.08
Maize,Loamy,Kharif,Sprinkler,5.9,7.4,137,63,51,3.67,47379,16697,74,48,6.86,32.63,26.26
Cotton,Red,Zaid,Sprinkler,6.0,7.2,183,73,85,3.77,65266,72563,95,43,8.18,20.57,23.03
Tomato,Sandy,Rabi,Sprinkler,5.9,7.7,222,104,96,23.55,55501,14698,70,60,5.34,34.86,16.52
Rice,Loamy,Zaid,Canal,5.8,7.5,131,68,54,3.54,47695,23286,86,59,5.85,22.86,15.95
Tomato,Sandy,Kharif,Rainfed,6.0,6.5,208,70,77,21.04,66874,13406,79,34,8.33,22.17,18.03
Rice,Red,Zaid,Canal,5.9,7.1,127,57,47,4.96,56551,17839,63,54,8.5,33.71,16.67
Potato,Sandy,Zaid,Sprinkler,5.6,6.8,205,93,90,20.33,67022,18565,72,50,8.5,21.99,27.22
Rice,Red,Zaid,Sprinkler,5.8,7.7,123,75,63,3.79,50996,16409,71,28,8.88,30.93,28.21
Groundnut,Black,Zaid,Sprinkler,5.6,6.8,41,86,90,2.91,47571,57559,75,43,5.5,32.64,20.08
Wheat,Clay,Kharif,Rainfed,5.7,6.8,133,55,61,3.66,43591,20610,77,45,5.71,29.65,19.67
Capsicum,Loamy,Rabi,Drip,6.4,7.7,160,89,138,25.06,71873,49839,69,29,6.89,22.08,16.7
Potato,Sandy,Kharif,Drip,6.1,7.0,209,119,130,21.41,47069,15308,94,20,5.72,21.75,24.21
Cotton,Red,Zaid,Sprinkler,6.3,6.8,194,93,60,2.57,67101,72243,87,43,7.75,27.1,26.24
Rice,Sandy,Zaid,Sprinkler,5.7,7.5,115,57,51,3.72,37047,19105,70,37,8.25,23.67,16.16
Wheat,Clay,Rabi,Drip,6.4,7.3,129,47,61,4.29,42778,21046,95,57,8.3,31.61,27.27
Potato,Black,Zaid,Sprinkler,5.8,7.2,210,121,98,25.35,51427,13559,74,43,6.2,20.14,23.69
Soybean,Black,Rabi,Sprinkler,6.4,6.5,57,62,66,1.73,43372,51861,75,45,5.6,27.44,15.53
Maize,Clay,Rabi,Rainfed,6.4,6.7,125,53,61,3.43,44780,18678,62,45,7.37,22.58,29.6
Rice,Clay,Kharif,Drip,5.8,7.8,134,77,72,3.58,57978,22391,77,30,8.41,23.86,24.54
Groundnut,Red,Kharif,Canal,5.5,7.6,72,66,66,1.59,43525,62302,60,49,8.48,21.75,28.86
Potato,Loamy,Kharif,Rainfed,6.3,7.5,253,81,110,26.68,69543,13004,92,23,6.02,27.16,16.17
Soybean,Sandy,Rabi,Canal,5.5,6.6,89,97,55,2.32,37966,42138,89,56,7.81,23.27,18.41
Potato,Sandy,Zaid,Canal,5.6,7.5,204,107,130,19.66,70886,13794,80,57,8.24,32.09,18.57
Cotton,Red,Zaid,Drip,6.0,7.8,176,76,85,3.35,45147,70364,88,48,5.53,23.18,18.79
Maize,Red,Kharif,Canal,5.8,7.0,157,88,74,6.21,43344,19186,61,25,8.33,26.31,19.48
Potato,Sandy,Zaid,Canal,6.4,6.6,231,111,82,27.82,65491,16952,63,23,8.04,20.21,25.45
Capsicum,Clay,Rabi,Drip,6.1,7.0,203,88,90,13.88,77066,26174,86,43,6.61,28.33,23.29
Capsicum,Black,Rabi,Canal,5.6,6.8,204,113,98,24.68,74792,34484,62,50,5.55,29.46,23.78
Groundnut,Loamy,Rabi,Sprinkler,5.5,7.6,55,93,99,2.36,39027,54977,89,48,5.71,25.45,15.1
Potato,Clay,Rabi,Sprinkler,5.6,7.4,243,92,95,21.31,57406,17422,74,53,5.2,31.59,16.32
Rice,Black,Zaid,Canal,6.5,6.9,130,74,72,5.57,44506,23458,95,55,6.61,28.25,19.57
Rice,Red,Zaid,Sprinkler,6.0,7.5,123,60,74,5.67,42241,20238,60,43,7.56,20.53,22.56
Sugarcane,Black,Rabi,Drip,5.8,6.6,293,111,92,41.61,86943,2821,89,40,5.11,20.48,24.26
Soybean,Black,Zaid,Sprinkler,6.5,6.6,56,95,47,2.67,34606,41973,73,37,6.26,25.5,20.95
Rice,Red,Kharif,Canal,6.0,7.5,121,60,69,2.71,42455,20515,87,45,5.1,30.09,24.47
Capsicum,Loamy,Kharif,Drip,6.2,7.5,162,91,136,27.9,118101,24010,90,24,5.79,33.46,27.65
Potato,Sandy,Zaid,Canal,5.8,7.4,224,132,91,15.94,53644,18954,67,26,5.41,34.91,23.74
Maize,Clay,Kharif,Rainfed,5.6,6.6,123,52,69,3.3,36236,21098,86,48,5.39,22.34,16.5
Potato,Black,Zaid,Rainfed,5.8,7.5,228,118,130,17.01,51975,15699,73,47,6.56,32.48,22.61
Rice,Sandy,Kharif,Canal,6.4,6.6,137,47,49,5.66,36567,18340,76,28,8.18,33.55,21.17
Cotton,Clay,Rabi,Canal,6.0,7.7,171,95,82,3.42,54775,72867,85,21,5.09,21.57,24.02
Soybean,Loamy,Kharif,Canal,5.7,7.0,81,77,64,2.2,26659,52077,76,52,8.1,28.71,25.99
Wheat,Red,Zaid,Rainfed,6.0,6.7,100,49,62,2.09,34054,19324,71,31,5.12,34.75,19.04
Sugarcane,Clay,Kharif,Rainfed,6.1,7.1,261,86,128,38.91,95640,3111,61,23,7.76,31.71,18.04
Rice,Clay,Rabi,Sprinkler,6.5,7.3,105,64,52,2.79,54273,23303,78,54,6.47,21.34,19.37
Wheat,Red,Rabi,Sprinkler,5.9,7.1,90,67,43,4.18,34000,19237,61,45,8.31,34.24,29.95
Soybean,Loamy,Zaid,Sprinkler,5.8,6.6,80,94,57,2.35,43531,54800,87,41,8.64,27.58,22.79
Sugarcane,Sandy,Kharif,Sprinkler,6.3,6.5,201,113,120,31.05,62369,3364,60,57,8.73,28.01,26.17
Maize,Red,Zaid,Canal,5.6,7.4,128,59,55,4.3,38433,21978,95,27,5.37,34.66,25.72
Cotton,Black,Kharif,Rainfed,5.6,6.6,148,87,70,2.05,61954,78359,62,52,8.65,21.19,18.25
Groundnut,Red,Kharif,Canal,5.6,7.3,73,84,95,1.23,49800,54627,92,34,8.38,23.54,25.73
Groundnut,Clay,Kharif,Canal,5.7,7.8,44,93,79,1.52,46078,52568,80,33,6.98,26.75,28.7
Rice,Sandy,Zaid,Drip,6.0,6.7,145,72,79,3.68,39335,20067,81,58,8.2,28.46,19.96
Wheat,Black,Rabi,Canal,5.8,6.6,111,48,53,2.18,47528,21133,87,48,6.54,26.16,22.58
Sugarcane,Sandy,Zaid,Sprinkler,6.1,7.1,268,92,115,33.07,97399,3011,64,36,8.31,27.52,24.58
Rice,Clay,Rabi,Rainfed,6.2,7.1,144,54,64,4.18,50278,17691,93,25,8.08,28.96,15.5
Groundnut,Black,Zaid,Rainfed,6.2,6.6,68,60,96,2.81,39245,53213,92,57,5.56,23.43,18.46
Maize,Loamy,Rabi,Rainfed,6.2,7.5,159,84,42,5.97,42178,17723,93,48,7.12,31.41,17.74
Groundnut,Black,Rabi,Canal,6.3,7.4,40,71,91,2.25,42150,62360,90,40,8.34,26.43,19.05
Maize,Red,Kharif,Drip,6.3,7.5,125,86,42,4.83,34052,15784,66,35,8.86,32.09,22.12
Potato,Loamy,Kharif,Sprinkler,6.0,6.6,196,138,104,18.79,65420,14015,94,29,7.1,33.52,29.74
Rice,Red,Kharif,Drip,6.2,6.7,139,41,75,4.34,53429,17306,83,55,7.45,33.85,26.9
Capsicum,Loamy,Kharif,Canal,6.1,6.7,195,134,94,25.75,107406,26410,78,58,8.15,30.13,21.9
Soybean,Loamy,Rabi,Sprinkler,5.6,6.6,85,89,42,2.5,31213,38499,80,30,7.76,31.49,27.86
Rice,Sandy,Kharif,Canal,6.3,6.8,134,48,60,2.94,43381,17015,72,26,6.63,30.7,17.79
Sugarcane,Red,Rabi,Canal,6.2,7.1,215,124,127,51.21,69593,3656,64,27,6.37,24.86,19.71
Groundnut,Loamy,Kharif,Canal,6.1,6.9,45,98,72,2.78,47424,53963,95,20,6.61,25.29,19.7
Cotton,Sandy,Rabi,Rainfed,6.0,7.0,171,76,65,1.93,60842,59793,74,47,8.83,31.85,15.01
Tomato,Black,Rabi,Rainfed,6.1,6.6,229,111,94,22.43,87459,16779,88,52,5.39,32.45,29.16
Cotton,Clay,Kharif,Drip,5.7,7.1,149,89,64,2.6,49867,66979,82,24,7.66,25.14,23.8
Soybean,Clay,Kharif,Sprinkler,6.5,7.7,74,64,46,1.7,42288,44036,73,42,7.61,31.29,26.7
Capsicum,Red,Zaid,Sprinkler,5.6,7.3,199,116,117,25.2,64890,29119,65,32,6.24,21.72,22.46
Soybean,Black,Rabi,Sprinkler,5.6,6.8,70,94,54,2.98,38801,42494,74,22,7.42,20.93,25.61
Maize,Sandy,Rabi,Canal,6.4,7.5,169,53,43,4.33,38398,19193,90,33,6.16,33.41,25.22
Soybean,Red,Kharif,Canal,6.4,7.4,51,76,50,1.74,38607,46734,89,42,7.11,24.0,16.3
Capsicum,Black,Rabi,Drip,5.7,7.4,207,117,98,19.19,88346,48940,91,38,8.57,20.2,16.18
Tomato,Sandy,Kharif,Rainfed,6.4,6.6,198,71,93,38.75,51319,11164,67,20,5.05,29.89,23.23
Groundnut,Sandy,Rabi,Rainfed,6.2,6.5,46,84,77,1.98,47163,53347,75,32,7.75,23.95,25.71
Groundnut,Sandy,Kharif,Canal,6.1,6.7,71,80,76,2.48,31713,43885,61,53,8.83,29.55,28.56
Soybean,Loamy,Rabi,Rainfed,5.8,6.9,57,95,54,1.89,43427,37162,92,49,8.97,27.62,24.37
Rice,Loamy,Zaid,Sprinkler,5.5,7.0,139,47,48,5.61,37960,22448,68,40,5.9,32.36,15.78
Potato,Clay,Zaid,Drip,5.7,7.7,223,88,91,18.29,53431,16813,62,56,6.99,28.8,26.54
Wheat,Red,Zaid,Canal,5.6,7.4,138,64,60,4.96,48309,23303,70,59,7.45,34.71,15.72
Sugarcane,Black,Zaid,Drip,5.9,6.5,282,114,95,32.38,63937,3378,68,20,8.3,26.05,22.33
Potato,Sandy,Kharif,Sprinkler,5.8,6.8,252,108,131,27.03,69173,14263,86,60,6.0,23.44,17.65
Capsicum,Black,Kharif,Drip,6.0,7.1,236,132,128,20.02,64285,21784,75,51,6.72,24.94,28.79
Capsicum,Red,Kharif,Rainfed,6.4,7.5,181,97,119,14.22,89875,21903,79,58,8.78,33.45,21.16
Potato,Black,Kharif,Rainfed,6.5,6.6,188,139,84,20.06,67851,12625,60,33,7.96,30.11,25.35
Maize,Black,Kharif,Drip,6.0,6.9,155,57,43,4.2,30869,15379,91,40,7.84,29.71,24.06
Potato,Loamy,Kharif,Drip,5.8,7.2,194,130,122,25.19,56885,19152,64,29,7.58,25.63,16.81
Cotton,Loamy,Rabi,Rainfed,6.0,7.7,180,92,82,3.15,50458,72613,88,36,5.28,25.92,20.99
Potato,Red,Zaid,Rainfed,5.9,7.3,205,117,129,27.34,52039,18914,92,44,5.28,34.85,18.87
Tomato,Black,Zaid,Drip,6.2,7.8,161,107,79,31.05,66875,16300,83,59,7.36,34.8,21.78
Wheat,Black,Kharif,Canal,6.1,7.4,127,60,64,4.02,46437,25602,61,28,5.34,30.41,22.16
Wheat,Red,Rabi,Sprinkler,5.9,7.5,110,53,45,3.4,32753,18136,87,28,5.22,24.3,24.63
Maize,Clay,Rabi,Rainfed,6.2,6.9,150,73,41,4.13,35226,20821,63,54,5.23,23.62,26.03
Rice,Loamy,Zaid,Rainfed,6.0,7.7,133,47,61,3.24,51165,18851,90,47,6.78,32.08,18.22
Capsicum,Loamy,Zaid,Canal,6.1,7.0,183,134,111,16.68,93807,29705,80,20,5.39,34.32,29.12
Potato,Black,Kharif,Canal,6.0,6.7,237,121,91,26.45,46602,17335,88,45,5.49,21.87,24.13
Capsicum,Clay,Zaid,Sprinkler,6.4,6.6,194,134,121,19.14,94014,20474,86,53,5.02,30.51,21.6
Soybean,Loamy,Zaid,Drip,6.4,7.1,72,91,48,1.63,40591,54811,60,53,8.49,28.06,25.24
Capsicum,Red,Zaid,Rainfed,5.8,7.3,220,88,83,24.59,60313,26828,72,54,5.43,21.32,20.45
Cotton,Black,Zaid,Drip,5.6,7.4,177,71,95,1.66,50019,51740,64,54,5.53,27.82,15.95
Cotton,Loamy,Rabi,Canal,6.2,6.8,198,86,81,2.24,45100,60827,74,28,7.59,22.98,20.34
Potato,Sandy,Kharif,Sprinkler,5.6,7.8,223,125,135,20.95,64236,13319,75,51,5.75,33.48,25.23
Groundnut,Clay,Rabi,Drip,5.5,7.6,75,67,66,2.58,45291,51169,90,22,6.35,28.7,24.63
Tomato,Sandy,Kharif,Sprinkler,5.8,7.1,229,94,98,26.33,56042,16292,61,21,5.21,21.84,22.2
Cotton,Clay,Zaid,Rainfed,5.6,7.5,179,94,70,1.91,67632,74653,69,60,8.39,30.36,29.94
Tomato,Loamy,Kharif,Drip,6.1,6.8,166,114,70,21.98,81241,12138,66,60,6.76,25.6,23.31
Potato,Sandy,Kharif,Sprinkler,5.6,7.5,183,102,117,26.59,69827,19657,94,34,7.56,33.35,25.24
Groundnut,Black,Zaid,Canal,6.2,6.6,59,66,89,1.46,45370,51629,80,51,6.45,26.63,18.87
Tomato,Loamy,Zaid,Canal,6.3,7.4,192,79,111,38.5,67067,10975,64,53,8.99,25.32,18.45
Soybean,Sandy,Rabi,Sprinkler,6.3,6.6,85,74,48,2.72,27597,37276,93,44,6.55,27.18,26.1
Soybean,Red,Zaid,Drip,5.9,6.8,82,95,45,2.89,35485,53959,90,26,8.68,22.75,24.32
Rice,Loamy,Rabi,Drip,5.9,6.7,118,45,76,4.17,44642,18753,81,59,6.95,34.52,26.41
Cotton,Clay,Zaid,Rainfed,5.9,7.3,142,88,74,2.95,69194,55906,88,22,5.9,29.98,26.37
Capsicum,Sandy,Zaid,Sprinkler,6.1,6.6,154,129,133,25.21,83521,48306,90,59,7.96,30.3,15.02
Soybean,Loamy,Rabi,Drip,6.4,7.5,73,89,53,2.75,34764,47396,87,54,7.4,28.6,24.34
Rice,Black,Kharif,Sprinkler,5.7,7.0,132,53,78,4.1,43795,17151,94,31,8.05,23.29,21.16
Maize,Sandy,Kharif,Sprinkler,6.3,7.0,169,71,49,3.74,35917,19233,78,44,7.29,28.13,27.66
Soybean,Clay,Zaid,Canal,6.3,7.5,52,68,77,1.69,26255,51423,87,35,6.24,24.29,26.81
Tomato,Clay,Kharif,Rainfed,5.7,7.4,170,72,72,19.54,61721,15247,91,25,8.81,26.72,22.41
Rice,Sandy,Kharif,Drip,6.0,7.1,140,46,46,3.16,52173,18932,79,42,8.31,31.04,20.11
Tomato,Clay,Zaid,Sprinkler,6.5,7.7,194,99,93,16.62,80019,16712,86,55,6.1,29.07,28.38
Capsicum,Loamy,Rabi,Rainfed,5.7,7.5,196,85,134,10.08,69855,41176,64,34,8.92,20.54,17.71
Wheat,Red,Kharif,Rainfed,5.6,6.7,95,41,40,2.09,31271,25161,83,60,8.78,33.71,28.17
Cotton,Clay,Rabi,Drip,5.8,7.0,143,64,63,3.16,62366,61841,91,22,7.08,21.11,21.09
Capsicum,Sandy,Rabi,Sprinkler,6.2,7.7,216,105,112,14.94,95468,29046,68,40,7.83,32.22,23.57
Rice,Red,Zaid,Drip,6.1,6.8,132,62,77,2.51,54212,21535,74,25,6.32,27.87,24.5
Wheat,Black,Kharif,Drip,6.1,7.5,101,48,46,3.86,41049,25722,69,38,7.19,28.87,29.36
Capsicum,Red,Rabi,Sprinkler,5.9,7.7,228,129,123,24.3,101284,48968,73,51,8.05,21.54,17.28
Maize,Sandy,Kharif,Sprinkler,6.4,7.7,144,69,53,5.25,36191,14960,95,21,7.92,32.43,22.5
Groundnut,Red,Rabi,Canal,6.1,7.5,46,80,89,2.16,42865,44699,61,42,8.29,24.32,29.51
Potato,Sandy,Rabi,Sprinkler,6.1,7.0,255,139,136,23.61,64409,15674,84,49,6.09,26.51,23.51
Tomato,Red,Kharif,Canal,6.3,7.4,220,94,70,31.38,61439,8261,61,21,6.27,21.06,16.79
Tomato,Clay,Zaid,Sprinkler,6.2,6.9,240,86,74,24.88,83150,8307,93,48,6.5,30.66,20.71
Potato,Red,Zaid,Rainfed,6.3,6.6,204,81,118,22.0,46908,15140,60,43,5.65,26.71,28.72
Wheat,Clay,Zaid,Rainfed,6.4,7.7,117,46,68,2.86,33575,21120,93,51,7.94,27.2,18.05
Tomato,Clay,Rabi,Drip,6.5,7.6,182,84,101,21.57,63907,11223,94,30,6.41,26.03,19.51
Maize,Loamy,Zaid,Rainfed,6.1,7.5,167,68,63,4.25,45840,20574,65,32,5.51,28.87,24.74
Potato,Sandy,Zaid,Rainfed,5.7,6.7,249,140,133,16.5,54478,19894,74,49,6.56,21.43,17.41
Capsicum,Black,Rabi,Sprinkler,5.9,7.3,200,135,107,18.85,105007,45206,60,56,6.35,33.85,27.58
Cotton,Red,Rabi,Rainfed,6.2,7.2,194,87,62,3.18,57606,60240,63,57,5.39,23.71,26.79
Sugarcane,Clay,Zaid,Drip,6.3,7.2,202,112,110,33.15,98450,4025,62,27,6.83,22.64,26.37
Rice,Red,Rabi,Sprinkler,5.9,6.9,144,64,75,4.67,43464,19557,63,56,7.36,30.83,23.04
Cotton,Black,Rabi,Rainfed,6.0,7.8,198,67,100,1.99,56012,76567,78,46,7.76,33.69,17.25
Wheat,Sandy,Rabi,Drip,6.4,6.7,114,64,70,2.7,34587,22074,88,52,7.25,29.84,17.31
Capsicum,Sandy,Zaid,Drip,6.0,7.1,183,134,103,20.46,71162,27054,83,37,5.77,21.88,26.66
Tomato,Sandy,Rabi,Rainfed,5.5,7.8,201,73,100,34.77,71872,8709,94,51,8.26,22.77,15.84
Tomato,Black,Kharif,Sprinkler,5.5,6.6,220,103,76,24.51,59174,9848,87,54,6.3,22.52,19.96
Groundnut,Red,Rabi,Rainfed,6.1,6.9,72,87,79,1.52,47559,46984,86,47,6.02,25.63,25.88
Soybean,Black,Kharif,Drip,6.1,7.5,55,63,72,2.74,27757,53541,95,50,7.09,24.85,19.46
Potato,Loamy,Kharif,Sprinkler,5.9,7.7,257,139,97,28.36,55150,14247,75,29,6.85,20.26,20.86
Cotton,Clay,Kharif,Rainfed,6.2,6.6,147,77,78,2.35,50934,54397,77,36,7.45,34.72,22.78
Groundnut,Black,Kharif,Canal,6.3,7.2,54,85,81,2.12,47612,63934,60,32,7.11,27.5,29.52
Rice,Loamy,Rabi,Sprinkler,6.1,7.6,132,45,52,5.89,54058,20008,74,41,8.26,31.29,17.64
Tomato,Black,Kharif,Drip,6.1,6.5,188,84,74,27.5,77512,9223,89,33,5.38,26.83,19.45
Potato,Loamy,Kharif,Canal,5.8,6.9,183,108,104,17.84,53296,12412,75,31,8.0,25.23,27.44
Potato,Red,Zaid,Canal,6.5,6.9,241,113,98,29.52,72670,15245,89,21,6.61,29.9,23.67
Soybean,Sandy,Zaid,Drip,6.0,7.6,64,81,55,2.69,27718,38871,84,30,6.33,21.91,22.08
Tomato,Red,Rabi,Drip,6.1,6.7,206,107,92,26.28,69872,15927,70,26,8.9,24.71,26.55
Maize,Sandy,Rabi,Sprinkler,5.6,7.4,137,59,76,6.54,39062,20268,94,39,5.58,24.75,15.83
Cotton,Clay,Kharif,Sprinkler,6.2,7.3,149,83,91,2.87,57456,66707,64,35,7.19,20.81,27.9
Maize,Red,Rabi,Rainfed,5.8,7.2,180,67,79,6.56,39150,20288,69,39,7.38,30.94,17.49
Wheat,Sandy,Zaid,Rainfed,6.1,6.8,137,67,68,3.95,30305,21114,94,42,5.24,22.96,17.17
Wheat,Sandy,Rabi,Canal,6.2,7.0,103,53,65,4.23,47425,22060,67,28,7.92,23.32,22.23
Cotton,Sandy,Rabi,Rainfed,6.3,7.1,159,83,64,1.79,60796,73970,78,25,8.85,26.24,29.36
Tomato,Loamy,Rabi,Sprinkler,5.9,7.4,217,118,70,22.41,51253,17753,68,35,6.93,31.0,22.56
Capsicum,Red,Rabi,Drip,6.2,6.7,216,82,89,11.8,76249,49070,68,35,7.93,26.54,18.07
Sugarcane,Clay,Zaid,Canal,6.0,6.9,203,119,115,52.93,79127,3335,62,53,7.52,25.14,22.97
Capsicum,Loamy,Rabi,Canal,6.4,6.8,154,80,119,29.22,100316,33303,79,38,5.41,22.63,26.13
Capsicum,Black,Rabi,Drip,5.9,6.5,168,135,134,29.45,90889,37395,60,44,6.47,20.24,18.54
Sugarcane,Red,Kharif,Sprinkler,6.3,6.7,235,120,104,57.54,88994,3244,85,32,5.05,30.88,25.32
Potato,Clay,Zaid,Canal,6.0,7.7,232,98,135,16.77,56944,14778,84,52,8.56,27.83,27.25
Capsicum,Sandy,Zaid,Sprinkler,6.1,7.3,240,126,96,10.3,103063,23071,79,56,7.82,33.87,15.32
Maize,Loamy,Rabi,Drip,6.3,7.3,139,63,52,5.86,45597,14031,82,53,6.62,32.01,28.45
Soybean,Black,Zaid,Canal,5.9,6.6,72,73,47,1.8,32359,53353,77,44,8.85,24.42,20.74
Capsicum,Sandy,Rabi,Sprinkler,6.4,6.9,218,82,107,11.76,101842,26253,80,39,8.78,22.4,28.55
Potato,Sandy,Kharif,Canal,6.0,7.7,208,134,125,15.43,65501,18577,73,35,6.77,29.81,24.37
Sugarcane,Loamy,Rabi,Canal,5.8,7.2,280,106,82,28.97,74067,2963,70,38,7.25,30.04,25.77
Cotton,Clay,Kharif,Rainfed,6.4,7.2,143,75,81,2.87,54295,64243,60,48,8.55,23.49,17.4
Tomato,Sandy,Kharif,Drip,5.6,6.9,168,80,96,26.92,54687,16999,73,22,5.09,22.38,15.15
Sugarcane,Red,Rabi,Sprinkler,5.6,7.1,277,93,137,43.11,97814,3774,65,46,6.04,27.53,28.31
Tomato,Clay,Zaid,Canal,6.4,7.2,189,114,92,35.71,89013,15679,68,22,6.52,31.46,28.01
Tomato,Loamy,Kharif,Drip,5.6,6.9,184,107,106,20.51,76208,11870,88,33,6.47,20.19,21.92
Sugarcane,Sandy,Kharif,Sprinkler,5.6,7.1,243,94,113,26.31,96744,3429,92,26,7.26,26.58,21.85
Cotton,Red,Kharif,Canal,6.0,7.6,165,92,100,3.66,56894,70081,89,21,6.8,31.93,25.27
Wheat,Red,Rabi,Sprinkler,5.7,7.1,126,44,65,2.52,45946,19918,88,34,7.84,31.47,22.37
Maize,Clay,Kharif,Rainfed,6.5,7.2,152,60,76,5.28,29516,14730,73,24,5.46,29.09,16.75
Maize,Loamy,Rabi,Drip,6.3,7.5,147,71,76,4.22,44871,18581,81,46,7.63,23.91,23.72
Potato,Loamy,Zaid,Rainfed,5.5,7.7,189,131,91,16.05,75098,12454,87,35,5.12,23.64,27.23
Soybean,Loamy,Rabi,Drip,6.0,7.7,75,94,74,2.54,30775,47222,85,31,5.41,25.33,27.82
Cotton,Loamy,Kharif,Canal,6.1,6.8,173,84,94,2.57,51909,61636,91,52,6.23,33.73,27.87
Capsicum,Black,Rabi,Canal,5.9,7.1,213,140,115,24.26,115050,27008,86,51,6.35,25.01,16.35
Rice,Sandy,Kharif,Canal,5.8,7.7,106,69,75,5.58,48534,20416,71,20,5.51,29.26,25.09
Sugarcane,Clay,Rabi,Rainfed,6.3,6.7,257,129,123,47.89,83692,3363,90,33,5.25,27.62,24.79
Wheat,Red,Kharif,Drip,6.1,7.3,118,70,59,3.95,49113,25596,72,46,5.48,26.35,15.43
Capsicum,Black,Kharif,Rainfed,6.2,6.6,216,122,140,19.56,88494,46515,72,29,6.06,20.4,27.82
Soybean,Clay,Zaid,Canal,6.2,6.9,61,64,76,1.76,40504,44123,95,46,7.74,21.45,27.6
Potato,Clay,Zaid,Sprinkler,5.7,7.1,198,126,112,27.92,74425,18586,80,25,8.94,30.25,23.72
Groundnut,Clay,Zaid,Sprinkler,6.3,7.5,44,86,64,2.75,40736,60244,86,59,7.03,21.49,22.02
Maize,Black,Zaid,Rainfed,6.5,6.6,156,66,64,4.71,31471,19973,95,47,8.29,29.18,15.22
Maize,Sandy,Kharif,Canal,5.9,7.1,126,63,66,6.09,29085,18472,89,57,8.98,21.71,19.82
Sugarcane,Red,Rabi,Sprinkler,6.5,7.8,231,136,135,46.55,88991,3374,76,52,6.22,28.48,20.95
Soybean,Red,Zaid,Drip,5.8,7.3,61,92,47,2.96,25981,48169,90,49,7.27,33.31,28.68
Sugarcane,Sandy,Zaid,Drip,6.3,6.7,269,82,135,42.93,70907,3568,73,30,6.6,26.18,25.34
Potato,Red,Rabi,Drip,5.7,7.5,200,87,94,25.36,45500,18113,82,43,8.95,24.14,27.01
Groundnut,Loamy,Zaid,Drip,6.3,7.0,55,77,97,2.14,33461,59427,95,33,7.46,22.85,25.16
Wheat,Loamy,Rabi,Rainfed,6.3,7.4,135,51,55,4.53,49085,24492,62,35,8.23,24.0,28.75
Tomato,Sandy,Zaid,Sprinkler,6.3,7.6,162,73,103,19.17,77709,14093,60,52,8.64,29.01,20.3
Capsicum,Sandy,Rabi,Drip,6.2,7.6,156,101,90,17.61,67692,42360,68,35,7.38,27.36,16.53
Cotton,Clay,Zaid,Rainfed,5.6,7.7,152,79,96,3.02,51141,70116,90,27,7.26,33.99,19.91
Capsicum,Sandy,Rabi,Canal,6.2,6.7,209,84,115,29.84,78552,20886,63,32,7.23,32.57,23.36
Potato,Sandy,Rabi,Drip,6.0,7.7,208,127,118,16.93,60228,14141,90,55,5.62,25.0,25.15
Wheat,Loamy,Zaid,Canal,5.9,7.8,120,64,62,3.34,37527,24068,72,50,5.77,21.7,23.36
Rice,Black,Zaid,Canal,5.8,7.4,115,55,52,3.22,50693,22098,64,41,7.8,20.99,26.74
Potato,Clay,Kharif,Canal,6.2,6.6,260,85,130,27.69,79630,17231,63,35,8.35,29.14,25.9
Sugarcane,Clay,Kharif,Drip,5.6,7.1,233,125,121,30.5,61530,3058,94,34,8.96,22.66,18.69
Wheat,Black,Zaid,Sprinkler,5.6,6.6,93,66,40,2.93,40119,21195,79,48,8.12,29.31,20.46
Maize,Clay,Kharif,Sprinkler,6.0,6.8,132,57,45,5.18,38039,14124,88,37,7.08,29.48,21.82
Wheat,Red,Kharif,Sprinkler,5.6,7.4,130,57,68,2.99,42862,18918,66,47,8.27,23.19,22.08
Tomato,Red,Zaid,Canal,6.4,6.6,228,94,103,19.19,70207,16698,70,50,6.54,34.42,29.75
Capsicum,Red,Kharif,Drip,6.3,7.1,177,132,98,23.57,65709,32647,86,52,8.35,29.47,23.11
Tomato,Black,Zaid,Rainfed,5.9,6.9,190,114,81,19.3,60567,10278,71,50,5.52,31.87,18.47
Maize,Black,Kharif,Rainfed,6.3,6.7,145,54,57,3.65,37074,16643,62,49,5.14,29.11,27.18
Maize,Red,Rabi,Drip,5.9,7.6,152,57,71,6.58,33153,14103,72,28,8.9,34.72,15.17
Tomato,Sandy,Kharif,Rainfed,6.1,7.0,201,73,97,16.32,51408,10030,87,22,5.31,33.43,26.1
Soybean,Clay,Rabi,Drip,5.6,6.8,84,94,41,2.99,35365,48213,62,48,6.44,21.68,22.95
Cotton,Black,Zaid,Rainfed,6.0,7.7,190,69,79,2.68,57170,57383,85,32,8.52,25.92,28.78
Rice,Clay,Rabi,Canal,5.8,6.8,130,56,75,4.65,45329,23793,72,45,5.75,21.74,20.39
Tomato,Sandy,Rabi,Drip,5.8,7.8,215,80,92,15.14,79072,17973,95,55,5.14,21.2,27.55
Groundnut,Loamy,Zaid,Canal,5.8,7.3,66,63,91,2.87,42129,53142,85,21,7.63,23.98,29.32
Tomato,Sandy,Zaid,Canal,5.8,6.9,183,77,97,27.21,64730,8837,90,24,7.62,27.32,15.21
Rice,Black,Rabi,Drip,5.5,6.8,137,47,62,4.56,57900,21797,74,56,6.67,21.56,19.61
Cotton,Black,Zaid,Sprinkler,6.1,7.5,189,61,94,3.41,53051,68845,66,31,6.2,24.85,21.36
Sugarcane,Black,Rabi,Canal,6.4,6.7,220,116,124,41.49,90444,2913,85,24,7.75,20.97,19.63
Potato,Loamy,Zaid,Sprinkler,5.6,7.5,228,82,83,16.81,53377,13249,90,57,6.87,26.23,15.36
Groundnut,Red,Rabi,Drip,6.0,7.4,52,64,69,2.96,48566,41630,76,29,8.6,20.99,18.84
Soybean,Red,Zaid,Sprinkler,6.0,6.7,72,63,61,2.55,35017,39532,86,55,6.58,26.52,27.56
Maize,Black,Zaid,Rainfed,6.4,7.6,179,85,44,3.15,44844,15950,89,36,5.24,29.69,24.49
Sugarcane,Red,Zaid,Canal,5.6,6.9,274,115,87,28.06,62131,3934,87,43,6.47,22.59,19.35
Capsicum,Sandy,Zaid,Canal,6.4,7.6,150,82,140,15.1,79252,25468,78,42,8.15,33.36,27.75
Maize,Black,Zaid,Canal,6.3,7.6,157,82,74,6.23,32432,21406,77,42,6.82,29.85,24.22
Maize,Loamy,Zaid,Drip,6.0,7.4,130,71,79,3.17,29829,20256,81,40,6.36,34.91,21.41
Capsicum,Clay,Rabi,Drip,5.8,7.4,195,135,133,13.58,68750,27982,94,37,7.75,33.96,27.03
Tomato,Black,Zaid,Sprinkler,6.4,7.6,234,113,102,31.89,68469,9923,62,32,5.94,23.92,17.62
Potato,Clay,Kharif,Canal,5.5,7.0,237,130,130,25.44,59385,12441,62,31,8.04,20.38,17.72
Tomato,Sandy,Kharif,Sprinkler,6.2,7.4,161,74,76,24.04,54420,11406,61,29,7.51,31.93,19.01
Maize,Red,Rabi,Canal,5.6,6.7,124,57,73,5.24,31010,21917,74,21,6.05,26.97,17.61
Rice,Loamy,Zaid,Drip,6.1,7.5,115,62,65,3.5,49475,20630,92,41,5.45,30.87,29.78
Maize,Red,Rabi,Drip,5.7,6.8,146,70,40,6.09,30663,15933,66,42,7.28,22.73,25.77
Potato,Clay,Zaid,Rainfed,5.8,7.7,236,133,81,21.62,56683,18597,78,43,6.2,28.67,22.96
Wheat,Clay,Rabi,Drip,5.6,7.6,134,46,43,3.91,37939,20540,73,56,7.6,30.84,23.01
Soybean,Clay,Rabi,Rainfed,5.5,6.8,88,63,74,1.79,27350,38845,88,27,5.96,31.45,17.29
Tomato,Clay,Kharif,Canal,5.5,7.0,212,105,118,37.37,89135,15575,74,31,5.95,34.1,27.14
Rice,Loamy,Zaid,Sprinkler,5.7,7.6,144,68,63,5.86,43208,17990,70,25,5.69,31.13,29.3
Maize,Loamy,Rabi,Sprinkler,6.4,7.1,126,65,72,3.73,32175,16690,76,22,8.55,33.08,21.44
Maize,Red,Kharif,Drip,6.1,6.9,152,79,57,5.85,43430,15876,88,28,8.41,31.95,22.34
Groundnut,Sandy,Zaid,Sprinkler,6.1,7.2,42,98,74,1.83,34881,54930,94,31,6.2,29.04,18.63
Capsicum,Black,Zaid,Rainfed,6.0,6.7,199,108,98,22.77,99639,23092,73,22,6.32,20.03,15.94
Capsicum,Red,Zaid,Rainfed,6.4,6.8,170,100,82,24.61,60919,35750,90,25,5.2,24.37,26.6
Wheat,Clay,Zaid,Sprinkler,5.9,7.1,132,44,58,2.98,32168,18338,70,40,8.29,23.09,16.0
Wheat,Black,Kharif,Canal,5.8,7.4,97,61,61,4.35,41319,23327,85,28,7.17,28.98,28.63
Potato,Red,Rabi,Sprinkler,5.6,6.7,235,92,128,15.21,66471,12720,85,22,6.55,31.88,25.03
Maize,Red,Rabi,Canal,5.5,7.5,144,85,67,5.04,39163,17271,77,53,5.29,26.47,19.5
Rice,Red,Kharif,Sprinkler,6.0,7.0,133,53,65,5.68,52574,17709,77,53,7.42,31.21,15.7
Tomato,Black,Zaid,Drip,6.0,7.1,195,93,117,34.8,76765,14811,93,52,5.2,22.43,27.39
Tomato,Black,Zaid,Canal,6.1,7.6,219,98,73,31.09,51939,14973,92,28,7.89,24.42,29.87
Soybean,Clay,Rabi,Canal,6.2,7.7,70,96,42,2.35,28122,47531,82,60,7.15,29.96,21.75
Maize,Clay,Rabi,Drip,6.5,7.3,152,72,79,6.48,35877,19165,62,54,6.76,23.17,15.2
Capsicum,Sandy,Kharif,Rainfed,5.6,7.4,207,86,81,15.44,107887,29399,65,58,5.44,31.47,18.02
Sugarcane,Loamy,Zaid,Sprinkler,5.6,7.5,232,127,114,33.53,76167,3665,87,60,5.54,26.76,23.46
Maize,Black,Zaid,Rainfed,6.0,7.7,167,74,45,5.53,39299,17426,74,53,8.88,23.67,17.84
Cotton,Clay,Kharif,Drip,5.9,7.5,160,76,84,2.16,48484,72275,78,45,7.6,34.66,16.0
Sugarcane,Loamy,Rabi,Canal,6.0,7.7,204,117,108,35.11,64237,3715,79,59,8.5,25.47,20.31
Rice,Loamy,Rabi,Rainfed,6.1,7.5,122,63,52,3.42,45195,20720,73,54,5.58,21.44,22.99
Maize,Sandy,Zaid,Drip,5.9,7.1,131,68,42,4.07,44966,21023,60,28,5.68,21.82,27.35
Rice,Sandy,Kharif,Drip,6.5,7.1,132,78,62,3.55,46688,20204,68,25,8.44,20.72,20.83
Groundnut,Sandy,Zaid,Sprinkler,5.8,7.2,76,75,94,2.41,44297,51161,70,43,6.95,25.64,27.23
Rice,Loamy,Kharif,Sprinkler,6.1,7.8,130,66,49,5.42,44650,21076,84,45,6.73,22.51,23.23
Sugarcane,Clay,Rabi,Drip,6.2,7.2,232,120,99,54.05,91245,3929,82,27,5.55,27.65,28.92
Soybean,Clay,Rabi,Canal,6.0,7.6,58,64,79,1.92,37450,45086,92,24,5.07,22.35,18.48
Groundnut,Clay,Kharif,Canal,6.2,6.8,41,77,80,1.94,44252,51313,81,31,8.19,33.49,24.78
Wheat,Clay,Rabi,Sprinkler,5.7,6.8,107,41,44,4.53,45680,25062,77,38,5.97,24.87,20.02
Sugarcane,Clay,Rabi,Canal,6.0,7.5,290,99,87,25.69,99190,3562,77,26,7.1,22.42,19.39
Tomato,Red,Zaid,Canal,6.0,7.3,161,75,112,27.98,68723,13993,69,37,6.3,27.85,20.07
Tomato,Clay,Kharif,Sprinkler,5.5,7.4,227,82,102,18.4,52280,10499,88,20,6.77,31.56,19.64
Wheat,Loamy,Rabi,Drip,5.8,7.4,129,59,49,3.16,31116,25108,83,30,8.98,26.73,27.91
Cotton,Clay,Rabi,Drip,6.3,7.0,192,93,63,1.66,63222,61632,84,58,7.56,22.99,20.15
Cotton,Red,Kharif,Rainfed,5.8,7.1,171,61,84,3.69,68758,72046,76,21,5.9,32.06,16.39
Maize,Red,Zaid,Drip,5.7,7.2,125,80,72,6.78,46074,17457,93,43,5.36,32.21,27.06
Groundnut,Loamy,Kharif,Sprinkler,6.3,7.7,57,81,90,1.6,40052,40192,75,51,7.12,21.12,25.15
Rice,Loamy,Kharif,Rainfed,5.8,6.5,127,55,56,5.09,49125,21379,90,33,6.83,28.53,18.03
Wheat,Black,Kharif,Sprinkler,6.0,7.7,122,54,54,4.64,42738,23721,68,21,5.48,26.57,21.79
Potato,Black,Kharif,Drip,5.8,7.3,260,102,81,18.33,45885,14805,74,31,6.85,29.94,16.94
Cotton,Red,Kharif,Rainfed,5.9,6.9,161,83,91,3.13,55164,70914,87,25,6.67,21.82,23.81
Maize,Sandy,Kharif,Sprinkler,6.0,6.7,123,87,40,6.66,40762,14012,87,29,8.26,25.68,29.75
Rice,Sandy,Kharif,Sprinkler,6.4,7.4,106,45,61,4.19,53867,23109,79,30,6.04,29.79,22.23
Tomato,Loamy,Kharif,Canal,6.2,7.5,187,73,95,20.98,63672,12302,86,30,5.1,31.27,21.61
Capsicum,Clay,Kharif,Canal,5.8,7.0,195,81,82,12.61,72622,27847,89,57,5.75,28.58,20.81
Groundnut,Clay,Kharif,Sprinkler,5.6,7.3,54,81,64,2.88,38736,42371,91,40,7.21,33.72,19.88
Soybean,Red,Rabi,Sprinkler,6.1,6.7,65,83,41,2.95,25350,53825,61,27,6.68,22.51,19.33
Potato,Black,Kharif,Canal,6.3,6.7,224,118,134,12.89,56456,17233,83,59,7.4,26.95,17.4
Rice,Clay,Kharif,Drip,5.6,7.4,119,59,54,5.53,53128,20349,83,49,8.06,34.19,22.14
Groundnut,Black,Rabi,Rainfed,5.8,7.4,80,96,74,1.82,35387,50932,73,58,8.84,28.08,24.24
Potato,Red,Kharif,Canal,5.7,7.8,204,122,108,23.98,50488,16523,78,46,8.23,32.91,20.44
Cotton,Sandy,Kharif,Sprinkler,6.4,7.6,160,64,69,3.87,45825,51875,77,38,5.99,33.04,26.09
Maize,Sandy,Rabi,Sprinkler,6.4,7.2,160,85,67,5.86,34176,14243,85,26,8.55,30.65,18.35
Groundnut,Loamy,Zaid,Rainfed,6.4,7.8,45,81,75,1.44,37807,45555,75,31,8.53,23.75,25.7
Groundnut,Red,Rabi,Drip,5.8,7.1,54,87,62,1.59,40012,62392,67,23,6.32,23.59,29.81
Groundnut,Black,Kharif,Rainfed,5.8,7.5,75,92,65,2.98,31867,54107,87,34,7.31,26.42,28.75
Tomato,Black,Zaid,Rainfed,6.4,7.6,211,80,94,35.82,88720,11266,72,22,8.04,28.03,29.42
Soybean,Red,Zaid,Rainfed,6.2,7.0,68,93,78,2.62,37137,36147,88,24,7.6,25.15,22.71
Potato,Red,Rabi,Canal,6.3,6.7,211,94,99,15.01,54468,19046,75,39,8.13,32.37,16.82
Soybean,Red,Rabi,Drip,6.0,6.5,50,60,48,2.25,39582,40763,81,44,6.47,24.64,24.87
Maize,Clay,Rabi,Canal,5.6,7.6,168,53,78,3.74,32790,21940,90,36,8.2,21.94,15.79
Sugarcane,Sandy,Rabi,Drip,6.3,6.9,206,108,92,38.1,76855,3376,70,22,5.13,32.41,24.42
Maize,Red,Zaid,Canal,5.8,7.2,161,63,49,5.9,32562,16606,66,20,8.47,35.0,19.01
Maize,Black,Zaid,Canal,6.4,7.5,172,66,67,4.32,40536,17553,95,49,8.31,23.19,25.42
Wheat,Loamy,Rabi,Rainfed,6.3,7.3,96,54,66,3.63,40347,19249,75,42,7.26,31.34,23.14
Soybean,Loamy,Kharif,Canal,6.1,7.3,53,76,80,2.72,25412,54508,87,27,5.83,27.54,22.19
Groundnut,Black,Kharif,Drip,5.5,6.7,41,95,97,1.23,37193,45739,76,35,5.51,31.8,27.17
Tomato,Clay,Zaid,Drip,6.3,7.7,195,89,107,39.79,74512,12955,60,35,8.46,25.51,19.13
Wheat,Red,Zaid,Rainfed,5.7,7.2,136,40,58,2.93,32484,18784,80,27,5.51,25.56,15.1
Groundnut,Clay,Kharif,Rainfed,6.0,7.6,80,79,99,1.68,43153,48977,81,28,5.56,20.36,18.98
Sugarcane,Black,Rabi,Sprinkler,5.8,7.4,215,113,92,36.99,94392,2908,74,36,6.19,24.43,24.32
Groundnut,Loamy,Zaid,Rainfed,6.2,7.8,48,71,65,2.45,33907,64854,92,26,7.58,27.92,15.19
Cotton,Black,Kharif,Canal,6.4,7.6,184,72,64,1.61,53310,62978,69,41,7.2,24.38,24.6
Tomato,Black,Rabi,Sprinkler,6.3,7.5,177,105,90,27.43,72939,16930,66,42,5.27,23.03,17.37
Tomato,Black,Kharif,Sprinkler,5.6,7.7,163,107,77,18.55,79924,14692,93,38,6.69,26.94,21.0
Groundnut,Clay,Kharif,Sprinkler,6.5,6.9,78,70,91,1.99,43619,49822,72,32,8.95,23.35,23.32
Capsicum,Black,Zaid,Sprinkler,6.0,7.1,227,124,129,26.91,61486,40876,87,21,7.94,20.88,17.02
Cotton,Clay,Rabi,Sprinkler,5.7,6.8,188,72,95,3.86,46393,53034,64,47,6.2,26.3,27.35
Sugarcane,Loamy,Kharif,Canal,6.2,6.8,219,104,104,37.53,71048,3521,62,34,7.7,31.42,21.85
Wheat,Loamy,Kharif,Canal,6.0,7.6,138,70,61,2.42,30366,21253,91,43,6.31,34.18,17.72
Wheat,Loamy,Rabi,Canal,5.7,6.8,115,49,47,4.19,37066,19734,61,30,7.92,33.71,25.16
Soybean,Loamy,Zaid,Drip,6.0,6.7,88,87,66,1.51,42261,44159,89,27,6.64,28.33,16.32
Cotton,Black,Zaid,Sprinkler,5.7,7.5,158,71,75,3.71,68566,73902,91,28,7.34,27.54,23.57
Tomato,Black,Rabi,Sprinkler,5.5,7.3,212,72,89,29.61,74729,16851,80,52,7.02,31.86,23.26
Groundnut,Sandy,Zaid,Canal,5.6,7.4,49,68,96,2.96,47931,45735,75,45,6.11,27.57,29.89
Soybean,Loamy,Zaid,Drip,5.5,7.5,77,80,65,1.98,25236,50181,90,27,8.27,23.02,29.21
Capsicum,Red,Kharif,Rainfed,5.7,6.9,155,86,86,17.76,98265,31310,79,24,8.95,20.04,28.39
Groundnut,Loamy,Kharif,Drip,6.1,6.5,43,96,61,1.97,44717,53754,93,24,6.91,20.68,28.77
Maize,Sandy,Kharif,Rainfed,6.0,7.4,134,80,71,3.92,46381,20919,90,39,5.34,34.46,17.02
Potato,Loamy,Rabi,Sprinkler,6.2,6.7,226,89,120,26.04,74990,17932,74,58,5.23,31.55,24.66
Tomato,Red,Zaid,Canal,5.6,6.9,188,116,78,16.72,51036,8212,84,51,7.49,23.03,15.11
Soybean,Black,Kharif,Canal,5.8,7.4,52,100,59,2.39,33931,46642,77,23,6.23,32.46,23.46
Potato,Clay,Rabi,Sprinkler,5.5,6.9,257,108,81,26.71,67023,17819,67,35,7.38,20.9,25.32
Maize,Black,Rabi,Rainfed,5.7,7.2,163,72,73,5.05,28717,14594,68,58,8.35,24.72,24.11
Wheat,Clay,Zaid,Sprinkler,6.1,7.2,129,67,57,4.1,37290,19996,67,49,7.15,26.11,29.06
Groundnut,Sandy,Zaid,Drip,5.8,7.1,48,81,85,2.08,40140,44330,80,34,5.98,24.6,24.27
Soybean,Sandy,Zaid,Sprinkler,5.7,7.3,64,71,68,2.56,42827,52305,76,53,7.14,21.25,17.17
Rice,Clay,Kharif,Rainfed,6.3,6.8,106,61,63,2.6,37052,19876,83,39,5.04,28.67,28.75
Rice,Red,Zaid,Rainfed,5.8,6.7,106,72,77,4.42,55566,23443,68,24,6.87,33.96,16.99
Rice,Clay,Zaid,Canal,5.6,7.7,126,63,80,4.16,38544,23958,91,52,7.32,30.29,24.38
Sugarcane,Red,Zaid,Canal,5.9,7.1,242,98,132,36.26,65624,3566,77,54,7.93,20.38,22.18
Sugarcane,Black,Rabi,Drip,5.9,6.6,246,103,128,38.62,78861,2904,85,50,7.57,23.61,23.01
Maize,Red,Kharif,Sprinkler,6.5,6.5,132,53,73,5.48,34548,14771,84,30,5.75,22.95,21.61
Potato,Loamy,Kharif,Drip,6.0,6.6,212,138,118,16.27,49027,15153,95,36,7.91,29.24,18.4
Potato,Clay,Kharif,Drip,5.8,7.3,194,127,139,12.15,72925,17877,64,51,5.61,21.55,16.28
Tomato,Clay,Zaid,Canal,6.0,6.9,186,120,101,36.37,60966,13428,80,49,8.73,23.53,20.8
Maize,Black,Zaid,Drip,5.7,7.5,140,70,59,6.22,45725,17889,83,28,8.73,29.79,15.22
Capsicum,Clay,Zaid,Sprinkler,5.7,7.0,181,97,83,26.23,82454,42231,78,20,8.67,28.45,22.54
Soybean,Sandy,Rabi,Drip,5.6,6.9,60,69,78,1.61,25379,46192,72,45,7.98,27.12,18.28
Sugarcane,Sandy,Kharif,Rainfed,5.8,7.1,265,98,123,59.5,83085,3727,89,38,6.37,30.33,26.22
Tomato,Sandy,Zaid,Drip,6.4,7.7,182,76,108,32.16,85344,12124,85,38,7.29,30.31,28.06
Potato,Red,Rabi,Canal,5.8,7.3,185,120,126,13.7,78166,16722,63,48,7.86,29.43,29.4
Sugarcane,Sandy,Rabi,Canal,6.2,7.3,224,97,131,36.95,84752,2986,60,33,5.52,24.25,19.49
Sugarcane,Black,Rabi,Drip,6.3,7.3,277,85,129,52.29,96136,3619,78,43,8.3,29.86,20.04
Wheat,Clay,Rabi,Drip,5.7,6.9,122,57,52,2.33,47108,23197,78,21,6.16,26.85,29.48
Groundnut,Clay,Zaid,Canal,5.9,7.6,47,95,88,2.68,35905,53700,95,39,6.13,20.7,18.53
Maize,Black,Zaid,Canal,5.7,6.6,125,81,57,4.66,30864,14584,83,24,8.25,27.12,20.21
Wheat,Loamy,Kharif,Canal,5.8,7.6,114,46,44,4.06,49577,24675,95,39,6.72,27.91,27.12
Wheat,Red,Rabi,Sprinkler,5.7,6.7,115,63,60,2.04,45273,22870,69,44,7.71,34.19,15.83
Sugarcane,Sandy,Kharif,Canal,5.7,7.3,240,99,84,52.9,71637,3673,63,37,6.75,21.12,18.87
Potato,Loamy,Kharif,Sprinkler,6.1,6.5,190,140,100,12.4,59856,18137,62,30,5.81,25.05,22.07
Cotton,Red,Rabi,Canal,5.6,6.9,149,77,78,1.74,57200,76385,78,53,6.18,29.43,28.72
Sugarcane,Black,Zaid,Sprinkler,6.3,7.2,256,130,129,53.47,89647,3527,78,50,7.11,20.61,17.5
Sugarcane,Clay,Kharif,Rainfed,6.4,6.8,215,138,134,53.68,97971,3840,71,40,8.75,31.72,22.84
Rice,Red,Kharif,Rainfed,6.4,7.3,127,52,55,3.01,53471,19190,95,32,6.01,27.21,16.56
Maize,Black,Zaid,Sprinkler,6.1,6.9,169,83,64,6.37,39937,20378,89,38,5.61,24.68,25.98
Capsicum,Clay,Zaid,Canal,5.9,7.0,198,107,94,13.03,104073,36598,74,40,5.69,27.41,18.63
Potato,Sandy,Kharif,Rainfed,6.2,7.6,251,138,92,24.58,71008,18092,60,58,5.82,27.54,26.38
Wheat,Loamy,Zaid,Rainfed,6.3,7.3,127,55,62,3.75,35182,19513,81,31,5.07,34.21,16.14
Cotton,Loamy,Kharif,Rainfed,5.6,7.2,145,71,87,2.04,53729,79356,64,20,6.32,21.67,18.81
Capsicum,Red,Zaid,Rainfed,6.3,7.8,238,139,81,19.65,81276,43520,82,59,8.66,26.51,23.76
Wheat,Sandy,Rabi,Rainfed,5.5,6.9,99,61,54,4.78,35330,18574,88,52,7.94,34.44,22.23
Wheat,Loamy,Kharif,Canal,6.1,7.0,132,43,45,3.98,43480,18570,60,49,5.26,34.79,25.6
Groundnut,Red,Kharif,Canal,6.0,7.3,60,81,79,2.7,49924,64718,86,58,5.3,21.19,19.67
Sugarcane,Loamy,Zaid,Canal,5.9,7.4,209,120,115,59.92,65631,3737,90,50,5.15,20.19,16.04
Groundnut,Sandy,Zaid,Sprinkler,6.0,6.7,56,91,63,2.35,34170,55683,94,22,7.63,20.9,29.29
Maize,Red,Rabi,Rainfed,5.8,7.6,163,81,49,5.87,46020,15809,63,50,5.9,20.63,15.48
Potato,Sandy,Rabi,Sprinkler,6.4,7.6,202,128,81,29.62,74316,16157,79,36,6.36,34.18,15.24
Tomato,Sandy,Rabi,Drip,6.4,7.5,223,110,70,33.48,54693,8381,72,20,7.2,24.34,24.12
Potato,Loamy,Kharif,Rainfed,6.4,6.5,246,138,121,27.33,74971,19200,87,22,6.61,28.41,15.36
Capsicum,Loamy,Zaid,Drip,6.4,7.0,203,94,122,14.53,72488,38122,91,44,5.48,30.97,26.06
Rice,Sandy,Kharif,Rainfed,6.1,7.4,149,48,45,2.84,36334,23304,83,43,6.18,24.53,19.03
Rice,Clay,Zaid,Drip,6.5,7.7,103,63,70,4.91,49130,18361,67,48,8.15,22.69,24.5
Maize,Clay,Rabi,Sprinkler,6.1,7.0,156,78,41,3.96,28247,17881,72,58,6.27,32.56,29.19
Capsicum,Loamy,Kharif,Drip,6.0,7.7,177,91,137,11.36,76545,34822,93,37,6.13,20.45,15.65
Capsicum,Red,Zaid,Rainfed,6.3,7.5,229,81,87,19.29,71368,42837,78,36,8.7,32.02,18.52
Maize,Red,Kharif,Drip,5.8,7.6,173,67,68,3.65,31914,20006,73,31,5.59,24.63,24.91
Rice,Black,Kharif,Rainfed,6.0,7.0,101,73,75,4.01,55669,16010,63,29,6.09,25.74,20.01
Groundnut,Clay,Zaid,Sprinkler,6.2,6.9,42,100,92,2.52,39851,58515,73,25,5.99,30.6,27.8
Cotton,Black,Rabi,Rainfed,5.6,7.3,183,82,81,2.54,67894,72392,86,31,8.15,30.19,25.56
Tomato,Red,Rabi,Rainfed,5.6,7.2,166,87,77,20.19,86821,10101,91,34,7.58,28.95,15.91
Maize,Loamy,Zaid,Canal,5.6,7.4,122,51,60,3.75,42951,21774,67,24,7.87,24.25,27.81
Potato,Black,Kharif,Sprinkler,5.7,6.8,256,124,126,15.43,48815,18542,76,26,5.03,29.26,26.83
Groundnut,Red,Kharif,Sprinkler,6.2,7.0,79,76,74,1.3,30094,60041,70,54,6.84,28.41,26.49
Potato,Clay,Zaid,Sprinkler,6.3,6.8,255,89,87,19.28,63516,15507,70,44,5.31,24.07,24.09
Cotton,Loamy,Rabi,Canal,5.8,6.6,163,67,92,1.91,68221,73634,85,38,7.88,25.18,22.1
Potato,Red,Rabi,Canal,5.6,7.1,241,130,86,24.93,70951,16836,94,47,6.59,32.71,21.18
Soybean,Sandy,Zaid,Rainfed,6.2,7.4,71,74,47,2.12,26531,51382,70,31,7.4,21.61,26.91
Soybean,Red,Zaid,Drip,6.4,7.2,79,62,40,2.51,40119,48564,84,48,7.33,29.4,24.79
Maize,Red,Zaid,Rainfed,6.3,7.3,163,67,64,4.33,45197,19655,68,21,7.8,29.57,19.22
Tomato,Black,Zaid,Rainfed,5.6,7.0,214,92,90,18.11,54255,14887,76,58,6.41,30.93,15.33
Tomato,Sandy,Kharif,Rainfed,5.7,7.0,225,99,94,36.61,70951,15283,94,40,7.84,27.34,26.8
Maize,Red,Zaid,Canal,6.2,7.7,121,81,49,4.96,32006,21593,89,29,7.24,34.43,17.6
Maize,Black,Zaid,Rainfed,5.8,7.5,124,54,68,3.89,43879,21415,77,34,6.21,31.16,15.28
Soybean,Black,Kharif,Sprinkler,6.3,6.8,84,72,73,2.15,43936,48048,66,30,7.05,31.08,15.4
Groundnut,Loamy,Kharif,Rainfed,5.8,7.5,40,96,69,2.05,45992,43857,95,33,5.07,22.49,21.07
Maize,Clay,Zaid,Drip,5.7,7.1,130,55,50,6.0,33827,20264,95,52,7.97,23.8,18.13
Potato,Clay,Kharif,Rainfed,6.0,6.8,243,110,131,13.6,75579,13464,68,54,7.42,25.63,25.83
Tomato,Black,Rabi,Canal,6.3,6.7,174,78,92,16.27,78271,14378,72,46,7.17,31.38,19.94
Sugarcane,Red,Rabi,Sprinkler,5.6,7.3,246,136,117,58.9,86212,4049,95,29,6.26,24.65,16.62
Maize,Black,Zaid,Canal,5.6,7.7,165,83,79,6.09,45229,19539,91,35,8.66,27.16,15.07
Potato,Black,Kharif,Drip,5.6,7.3,248,115,103,12.55,67083,16210,62,30,6.1,28.12,27.71
Groundnut,Clay,Zaid,Canal,5.6,6.8,56,67,92,2.81,47135,48087,69,27,6.37,24.51,29.88
Tomato,Black,Zaid,Canal,6.1,6.7,189,73,112,36.69,57907,14748,66,60,7.12,26.59,22.22
Sugarcane,Red,Zaid,Drip,6.1,7.4,232,94,118,57.49,65570,3011,77,53,8.55,29.06,18.32
Capsicum,Loamy,Rabi,Sprinkler,6.3,6.7,187,107,85,14.6,69142,39487,68,45,8.79,32.53,24.81
Soybean,Clay,Zaid,Canal,6.0,7.3,68,72,49,2.09,41627,41090,84,50,5.29,22.72,18.12
Soybean,Clay,Zaid,Sprinkler,5.7,6.5,59,72,70,2.02,33550,54209,61,30,7.79,24.22,26.99
Wheat,Clay,Rabi,Sprinkler,5.6,6.8,139,61,64,3.67,37379,23034,85,45,8.44,22.52,24.17
Maize,Clay,Kharif,Sprinkler,6.1,7.5,177,60,44,6.11,47173,18810,61,56,8.77,29.76,22.26
Rice,Clay,Kharif,Sprinkler,5.9,7.6,104,51,45,5.91,37419,16393,61,26,7.17,24.5,21.07
Tomato,Clay,Kharif,Drip,5.9,6.8,222,117,74,32.02,52826,17402,89,34,6.18,31.43,24.29
Groundnut,Loamy,Kharif,Canal,5.9,7.4,62,94,88,1.49,37360,52611,94,32,8.48,33.37,16.66
Potato,Clay,Zaid,Drip,6.5,7.3,253,99,140,15.42,75468,17015,62,49,8.07,23.39,27.16
Wheat,Loamy,Rabi,Rainfed,6.0,7.4,113,54,51,2.34,46692,22533,66,58,6.05,27.07,27.04
Potato,Black,Zaid,Canal,5.6,7.8,204,105,104,12.87,69366,17541,76,38,8.37,25.25,23.14
Cotton,Clay,Rabi,Rainfed,5.7,7.6,147,79,79,1.58,69077,56836,80,51,5.68,31.7,21.29
Potato,Sandy,Kharif,Drip,5.8,7.5,181,134,96,29.41,79254,18758,64,56,8.94,24.97,26.4
Tomato,Clay,Rabi,Rainfed,6.1,7.2,193,115,87,33.19,77320,14601,60,39,8.61,26.69,21.18
Sugarcane,Black,Rabi,Canal,6.4,6.7,268,100,130,49.91,93022,3487,66,53,7.79,20.66,22.79
Cotton,Sandy,Zaid,Sprinkler,5.8,7.2,184,78,84,2.15,60204,74402,77,28,8.19,30.15,15.58
Groundnut,Loamy,Kharif,Rainfed,6.1,7.6,79,100,71,1.84,40116,52460,76,25,6.2,27.2,16.04
Soybean,Sandy,Rabi,Drip,5.8,7.4,68,88,45,2.81,41072,52014,93,20,8.47,26.33,28.14
Sugarcane,Clay,Zaid,Rainfed,5.9,6.5,226,122,139,47.54,89799,3892,80,31,5.37,34.44,26.37
Wheat,Red,Kharif,Canal,5.6,6.8,129,46,67,4.01,36810,20903,70,44,8.31,34.94,27.04
Cotton,Clay,Kharif,Sprinkler,5.6,7.6,172,61,79,1.54,68723,62942,89,27,5.33,34.75,25.57
Maize,Clay,Zaid,Sprinkler,6.0,7.2,177,53,67,3.26,33781,15954,85,23,5.02,28.22,27.58
Capsicum,Sandy,Rabi,Rainfed,5.9,6.7,204,107,125,24.64,97674,20200,60,42,5.95,34.12,27.91
Tomato,Red,Rabi,Sprinkler,6.2,6.6,205,94,90,25.7,71121,16661,77,42,7.25,32.6,29.95
Soybean,Red,Kharif,Canal,5.7,7.2,83,88,41,2.34,37232,39232,80,48,8.25,28.9,20.37
Rice,Red,Zaid,Rainfed,6.3,7.2,115,54,43,4.72,35882,22341,69,56,5.69,28.89,24.01
Potato,Black,Zaid,Rainfed,6.2,6.6,186,103,122,29.16,76149,15318,95,31,8.13,21.24,26.43
Cotton,Black,Kharif,Canal,6.2,7.3,159,69,74,1.65,59138,61653,68,24,8.09,29.89,19.22
Tomato,Red,Rabi,Drip,6.4,6.6,208,104,99,29.03,62462,15621,74,59,8.19,34.4,18.89
Cotton,Clay,Zaid,Drip,5.7,6.8,146,63,99,2.54,59746,52298,62,22,8.7,25.89,25.1
Sugarcane,Loamy,Kharif,Sprinkler,5.8,7.1,271,125,107,40.92,89183,3437,89,60,5.59,20.99,22.81
Maize,Sandy,Zaid,Rainfed,6.4,6.9,128,77,73,6.84,32707,19099,66,46,7.01,28.43,24.32
Groundnut,Red,Zaid,Rainfed,6.1,7.7,43,76,76,2.09,49689,50866,69,35,5.63,28.28,17.99
Cotton,Red,Rabi,Canal,6.2,7.4,154,62,93,3.0,50247,58991,76,42,7.01,21.18,17.17
Soybean,Loamy,Rabi,Canal,6.0,6.8,84,91,45,1.87,31718,44888,86,33,5.01,29.99,26.77
Groundnut,Sandy,Zaid,Rainfed,5.7,7.0,71,63,75,1.42,44112,41954,60,31,5.51,28.39,17.45
Soybean,Clay,Zaid,Drip,6.4,7.5,88,91,67,2.49,29201,53035,60,39,6.6,33.05,19.29
Maize,Sandy,Zaid,Drip,6.0,7.5,176,58,47,5.47,34301,18852,83,60,6.85,33.18,18.14
Cotton,Sandy,Rabi,Sprinkler,5.8,6.8,186,78,90,3.01,57938,77166,79,35,6.14,30.44,18.02
Soybean,Red,Zaid,Drip,5.5,6.9,66,97,41,2.42,36565,38321,65,45,5.28,26.8,21.74
Soybean,Black,Kharif,Drip,5.9,6.8,54,64,59,2.84,38965,53562,76,46,7.99,20.01,16.62
Soybean,Loamy,Zaid,Sprinkler,6.0,7.0,88,95,57,2.94,31009,42152,84,43,7.59,20.62,22.72
Sugarcane,Clay,Rabi,Sprinkler,6.1,6.7,238,111,85,56.94,66113,3494,92,22,5.14,20.39,20.49
Capsicum,Loamy,Zaid,Drip,5.7,7.8,151,93,101,26.57,100318,33495,64,33,8.64,33.81,27.77
Cotton,Sandy,Zaid,Canal,6.3,6.5,151,76,77,3.39,50791,65290,83,59,7.92,28.07,15.46
Wheat,Sandy,Kharif,Canal,6.4,7.6,123,57,47,2.09,45562,24211,90,38,7.0,27.33,16.96
Rice,Loamy,Kharif,Drip,5.9,7.0,116,79,69,2.71,47226,18065,64,23,7.5,30.28,22.64
Wheat,Black,Zaid,Drip,6.2,7.8,100,69,69,2.13,44535,22624,94,46,5.83,28.16,17.51
Tomato,Sandy,Rabi,Sprinkler,6.4,7.2,202,80,85,18.32,66613,15347,87,40,8.39,33.09,21.81
Capsicum,Clay,Rabi,Rainfed,5.6,7.8,227,135,85,16.85,62653,40552,94,59,7.44,27.8,26.01
Wheat,Clay,Zaid,Drip,6.4,7.4,118,56,51,4.24,46758,19571,95,26,8.74,32.29,29.15
Capsicum,Loamy,Kharif,Rainfed,6.5,6.7,215,134,95,18.16,78015,47168,83,32,7.48,31.46,27.36
Tomato,Sandy,Zaid,Rainfed,5.7,7.6,202,90,107,39.38,68928,12364,80,38,8.8,29.58,26.35
Tomato,Loamy,Rabi,Drip,5.8,6.9,195,110,88,18.48,55224,9779,81,58,8.65,28.22,25.05
Wheat,Clay,Rabi,Sprinkler,5.6,7.3,129,46,57,4.86,35150,18846,71,49,6.35,27.54,16.45
Capsicum,Black,Rabi,Rainfed,6.5,6.6,200,91,101,23.25,82006,38017,90,47,5.2,21.81,15.29
Soybean,Red,Kharif,Rainfed,5.9,6.5,76,98,74,2.87,35978,35004,68,37,8.95,22.73,18.11
Maize,Loamy,Rabi,Canal,6.5,6.9,167,51,53,6.14,34930,19768,82,53,7.04,29.08,20.51
Groundnut,Red,Rabi,Canal,6.2,7.0,64,95,70,1.93,37455,63001,85,58,8.82,25.69,28.05
Sugarcane,Loamy,Kharif,Rainfed,5.7,7.3,231,132,133,40.86,68502,3625,69,29,6.75,25.28,16.81
Soybean,Sandy,Kharif,Canal,5.5,7.0,67,92,74,2.29,27970,37571,91,39,7.23,21.52,26.45
Soybean,Loamy,Kharif,Drip,5.8,6.9,86,66,48,2.87,26819,43885,67,60,5.85,31.51,20.81
Cotton,Clay,Rabi,Drip,5.9,6.9,154,76,68,1.97,51027,78300,80,38,8.89,20.8,15.49
Potato,Clay,Kharif,Drip,6.2,6.6,257,115,80,21.96,46425,18257,60,45,6.36,23.64,18.13
Maize,Loamy,Kharif,Rainfed,6.2,7.2,178,83,40,3.73,29766,19245,87,26,6.66,28.93,22.74
Capsicum,Clay,Zaid,Drip,6.3,7.1,199,135,100,27.46,72279,25495,70,51,8.84,23.78,25.44
Rice,Loamy,Zaid,Canal,6.1,7.1,150,65,73,5.56,35399,23060,60,31,6.38,34.6,29.22
Capsicum,Red,Rabi,Canal,5.6,7.6,170,120,109,24.15,115155,35176,87,31,5.67,29.87,23.82
Cotton,Clay,Kharif,Canal,5.9,7.2,200,95,88,3.9,69557,75680,61,58,8.51,30.33,16.97
Soybean,Black,Zaid,Canal,6.2,6.5,73,78,63,2.31,27061,46987,62,43,7.54,30.74,17.1
Tomato,Black,Zaid,Rainfed,5.9,6.7,209,117,111,26.13,60002,11378,82,31,9.0,21.43,18.21
Capsicum,Black,Rabi,Sprinkler,6.3,7.4,191,94,107,15.12,116331,42081,72,44,8.9,27.55,22.21
Groundnut,Loamy,Rabi,Canal,6.3,7.5,49,70,97,1.21,33559,62872,66,52,5.08,30.13,15.18
Wheat,Sandy,Rabi,Drip,6.3,7.2,104,58,40,2.12,45028,25436,72,55,8.27,21.11,26.97
Cotton,Red,Rabi,Canal,6.5,6.9,149,73,87,2.05,62913,66588,89,31,6.31,33.27,24.54
Capsicum,Sandy,Zaid,Rainfed,6.2,7.4,157,123,136,21.32,104236,38426,80,47,8.33,33.68,28.98
Rice,Sandy,Zaid,Rainfed,5.6,7.7,118,61,67,3.82,51955,17160,69,60,8.89,24.51,23.09
Wheat,Loamy,Kharif,Rainfed,6.1,7.2,106,40,58,2.27,40646,18442,89,31,8.03,24.1,20.79
Wheat,Loamy,Rabi,Drip,6.4,6.6,90,63,64,4.26,32885,22624,68,55,8.22,23.78,18.25
Groundnut,Black,Kharif,Rainfed,5.7,7.5,75,89,91,1.69,41630,53881,64,59,8.29,33.82,16.97
Rice,Clay,Rabi,Canal,6.4,7.2,120,58,54,4.7,48580,23645,60,25,6.16,23.81,29.53
Sugarcane,Loamy,Rabi,Drip,5.8,7.3,267,92,132,37.18,90911,3685,62,41,8.23,28.89,24.11
Tomato,Red,Kharif,Rainfed,6.0,7.4,233,92,89,36.17,80684,16563,88,32,6.22,34.03,26.75
Cotton,Loamy,Kharif,Drip,5.8,7.6,149,76,91,3.35,54053,71964,90,22,5.72,25.6,27.17
Groundnut,Black,Rabi,Rainfed,6.4,6.8,40,67,81,2.42,41116,49052,76,24,8.44,21.59,29.3
Capsicum,Sandy,Rabi,Rainfed,5.5,7.6,229,132,102,26.3,115956,42649,78,52,5.01,26.81,24.02
Sugarcane,Sandy,Rabi,Rainfed,6.0,7.3,217,140,83,47.34,76250,3497,66,29,7.93,32.63,22.4
Soybean,Loamy,Zaid,Sprinkler,5.8,6.8,52,62,75,2.03,37477,40486,85,20,6.39,23.53,24.88
Sugarcane,Loamy,Kharif,Canal,5.6,7.3,273,130,118,25.52,72770,3716,63,42,6.66,29.94,15.37
Potato,Clay,Rabi,Rainfed,6.5,7.7,259,80,108,29.28,67385,16542,95,20,5.32,31.83,29.69
Groundnut,Loamy,Zaid,Rainfed,6.2,7.3,50,62,72,2.98,38003,47050,66,34,8.24,24.07,20.21
Potato,Loamy,Zaid,Canal,5.6,7.3,250,129,131,14.54,55135,15496,88,40,7.53,30.92,17.44
Potato,Red,Rabi,Drip,6.2,7.7,227,92,122,27.29,79118,15524,74,60,8.3,28.02,16.91
Tomato,Clay,Rabi,Sprinkler,5.6,7.0,184,101,78,36.75,61102,10840,67,53,6.09,20.8,15.36
Cotton,Loamy,Zaid,Drip,5.8,6.8,187,71,92,2.74,60902,54314,80,28,7.72,33.64,27.42
Sugarcane,Black,Zaid,Sprinkler,6.2,6.7,299,97,83,33.15,84862,3441,92,25,7.17,21.55,15.96
Capsicum,Loamy,Zaid,Canal,5.7,7.3,198,122,125,19.75,116913,21925,75,53,5.57,27.2,29.46
Wheat,Sandy,Zaid,Sprinkler,6.2,7.0,106,64,50,2.39,49400,19189,70,53,8.78,25.54,17.14
Cotton,Red,Zaid,Rainfed,5.9,6.8,150,84,99,2.52,48797,69604,92,39,8.62,26.71,18.35
Wheat,Black,Kharif,Canal,6.4,7.3,98,52,42,3.93,43404,19579,64,47,8.5,27.66,26.28
Potato,Sandy,Rabi,Sprinkler,6.3,7.6,227,113,127,23.84,68789,19224,75,47,8.12,30.32,25.78
Tomato,Black,Kharif,Sprinkler,5.7,7.4,232,98,100,32.76,56727,9990,67,39,7.29,21.94,17.13
Wheat,Sandy,Zaid,Canal,6.3,7.1,138,67,43,4.57,49325,24822,65,20,7.82,27.91,28.3
Groundnut,Red,Rabi,Canal,5.8,7.2,63,66,66,2.74,45434,53194,74,27,7.52,28.09,24.26
Wheat,Clay,Zaid,Rainfed,6.3,7.2,127,41,59,3.08,31186,22209,70,59,7.73,24.52,23.1
Cotton,Loamy,Kharif,Rainfed,5.7,6.6,172,75,71,2.38,61326,63873,86,41,8.67,26.91,16.4
Rice,Red,Zaid,Sprinkler,6.5,7.5,113,52,60,4.22,38297,17491,75,37,7.02,29.98,17.35
Groundnut,Clay,Zaid,Drip,6.2,6.5,47,69,63,2.37,36446,54037,89,58,6.18,20.36,25.75
Rice,Red,Rabi,Sprinkler,6.4,7.0,144,57,77,2.94,56470,19633,74,45,8.62,28.42,23.95
Rice,Clay,Kharif,Canal,5.5,7.1,139,51,49,5.41,35402,19406,76,32,5.85,33.8,17.19
Tomato,Red,Zaid,Drip,5.6,6.9,205,119,91,39.27,63052,12746,60,45,7.04,34.0,26.93
Sugarcane,Sandy,Rabi,Rainfed,5.9,6.7,284,129,81,46.63,61747,3370,74,57,7.31,20.31,24.02
Cotton,Red,Kharif,Drip,5.7,7.6,159,87,66,2.4,60031,54998,70,39,5.39,28.56,23.59
Potato,Black,Rabi,Drip,6.2,7.5,204,120,129,24.25,48985,17643,78,44,5.76,31.46,17.71
Capsicum,Red,Rabi,Sprinkler,6.0,6.8,226,126,95,18.77,96612,28878,79,30,6.58,21.17,15.53
Soybean,Clay,Zaid,Rainfed,6.3,7.3,75,77,57,1.71,42714,39127,90,35,8.28,32.49,15.28
Cotton,Red,Rabi,Canal,5.9,6.8,169,69,60,3.48,66304,61438,69,20,7.48,33.82,16.22
Capsicum,Red,Zaid,Rainfed,6.0,7.7,209,135,89,19.53,79625,46688,69,59,5.49,32.12,27.65
Capsicum,Red,Zaid,Rainfed,5.9,6.5,190,109,91,18.65,76923,48908,92,40,5.63,28.24,16.67
Capsicum,Sandy,Kharif,Rainfed,5.9,6.6,207,100,96,29.68,99811,37348,77,59,6.2,34.79,24.44
Wheat,Loamy,Kharif,Canal,6.4,7.1,103,64,65,4.37,44408,20474,65,27,8.4,28.46,19.72
Maize,Clay,Kharif,Sprinkler,5.7,7.5,135,90,79,6.95,45742,20473,65,56,7.5,30.57,22.03
Sugarcane,Black,Kharif,Sprinkler,5.8,6.9,272,130,101,27.46,99677,3726,79,31,7.51,25.04,27.96
Soybean,Clay,Zaid,Drip,6.2,7.5,79,96,70,2.78,38626,54041,93,26,7.31,29.12,25.16
Maize,Sandy,Kharif,Sprinkler,6.4,6.6,142,61,54,5.71,29829,15326,75,41,5.16,25.21,21.46
Capsicum,Sandy,Kharif,Drip,5.8,7.8,159,126,113,17.01,88391,35761,87,34,7.64,30.03,27.39
Cotton,Sandy,Zaid,Canal,6.3,7.0,188,95,81,3.19,60331,66986,86,41,5.02,26.42,16.59
Rice,Red,Kharif,Rainfed,5.7,6.8,146,64,66,5.18,53665,17394,80,46,6.67,20.66,21.04
Cotton,Clay,Zaid,Drip,6.0,7.8,153,91,100,1.69,62003,70977,75,28,5.55,21.46,21.54
Sugarcane,Red,Kharif,Canal,5.9,7.4,257,122,90,44.2,78460,3351,85,22,5.09,24.16,28.37
Soybean,Clay,Kharif,Canal,6.0,6.9,75,92,71,2.11,44170,46867,71,44,7.49,29.66,17.92
Capsicum,Loamy,Rabi,Sprinkler,5.9,7.6,240,130,129,15.02,76026,41639,90,58,5.63,30.22,26.03
Tomato,Loamy,Zaid,Drip,6.0,6.8,232,77,89,25.58,78877,12342,95,47,6.44,34.5,19.04
Groundnut,Sandy,Kharif,Drip,6.0,7.1,51,85,91,1.65,43134,59725,61,52,7.83,28.77,23.39
Rice,Black,Rabi,Rainfed,6.0,7.3,123,56,72,4.77,45738,16975,84,34,5.55,32.5,17.78
Soybean,Black,Zaid,Drip,6.4,7.4,72,88,42,2.45,28586,51998,90,45,8.72,29.41,19.29
Soybean,Black,Rabi,Canal,6.1,7.7,69,76,41,1.79,29476,45282,61,30,8.34,22.49,26.39
Soybean,Red,Rabi,Canal,5.7,6.5,62,99,62,2.68,38655,53208,67,47,6.63,25.07,27.18
Rice,Black,Rabi,Sprinkler,6.4,7.6,109,49,69,3.79,47837,17298,87,40,6.56,31.71,29.56
Sugarcane,Red,Zaid,Rainfed,5.9,6.9,211,82,128,43.18,86219,4036,63,55,5.06,26.49,18.87
Groundnut,Loamy,Zaid,Canal,6.3,7.7,52,83,76,2.98,31226,59703,60,57,8.8,25.91,24.77
Cotton,Loamy,Zaid,Canal,6.5,7.3,196,77,67,2.29,64796,62268,92,27,5.17,28.86,29.09
Tomato,Sandy,Rabi,Sprinkler,6.2,6.9,236,90,79,26.52,63002,16015,94,53,6.19,24.94,23.19
Cotton,Black,Zaid,Canal,6.0,7.8,168,61,73,2.36,65554,59888,90,46,5.17,34.93,18.13
Soybean,Red,Zaid,Sprinkler,5.8,6.5,81,99,50,2.96,29493,52676,95,56,8.42,32.53,24.18
Soybean,Sandy,Kharif,Canal,6.1,6.9,62,79,52,2.8,31612,43989,71,58,8.17,28.12,20.08
Capsicum,Red,Rabi,Canal,5.7,6.8,227,139,115,15.03,64459,38352,88,32,7.08,22.68,30.0
Rice,Red,Rabi,Drip,6.0,6.7,132,72,40,4.2,51101,19929,65,21,5.05,25.33,25.93
Wheat,Black,Rabi,Sprinkler,6.4,7.8,130,62,65,3.04,46888,22482,74,59,7.63,23.12,19.88
Capsicum,Red,Rabi,Rainfed,6.3,7.6,166,135,134,25.91,98000,23998,79,47,6.88,29.62,28.78
Cotton,Red,Rabi,Canal,5.8,7.4,195,96,100,2.97,45806,54042,89,31,7.87,32.2,29.81
Potato,Loamy,Rabi,Rainfed,6.0,6.7,256,95,139,28.0,53474,19547,77,33,7.26,30.87,18.9
Wheat,Clay,Zaid,Drip,5.9,7.1,103,57,64,3.45,41357,21644,94,24,7.76,22.8,17.46
Groundnut,Red,Zaid,Canal,5.7,7.4,44,76,65,2.17,30802,43655,89,42,7.03,27.93,26.94
Cotton,Loamy,Zaid,Sprinkler,6.4,7.6,184,87,83,2.24,59285,70668,74,44,8.77,31.25,28.87
Sugarcane,Black,Zaid,Rainfed,6.5,6.9,253,129,113,56.75,96294,4069,73,20,7.32,28.96,26.0
Rice,Red,Rabi,Sprinkler,5.7,7.1,139,51,54,4.84,42438,20839,87,25,8.27,20.93,19.33
Potato,Red,Rabi,Sprinkler,5.9,7.2,244,105,98,22.1,69470,12804,67,56,8.11,24.79,24.06
Cotton,Black,Kharif,Sprinkler,6.0,6.8,170,84,63,3.7,51242,75584,86,50,6.8,32.05,16.65
Rice,Sandy,Zaid,Rainfed,5.9,6.6,127,65,51,2.7,59717,19879,77,24,7.52,31.53,15.6
Sugarcane,Sandy,Zaid,Canal,6.0,7.4,279,108,118,44.52,77001,3385,87,27,8.16,21.69,28.91
Maize,Black,Kharif,Rainfed,5.6,7.0,167,71,44,6.46,34923,16369,66,20,7.06,34.22,24.33
Rice,Black,Rabi,Drip,6.0,7.0,147,53,43,4.0,49894,16533,93,44,5.16,30.65,29.27
Maize,Black,Kharif,Rainfed,5.8,7.0,162,67,45,4.08,37211,20097,87,58,5.96,27.67,21.13
Maize,Clay,Kharif,Sprinkler,5.5,6.6,166,79,60,4.28,35808,19458,64,60,6.81,20.98,19.66
Wheat,Black,Kharif,Canal,5.9,6.9,92,46,54,2.01,30744,24437,62,41,8.57,32.34,22.14
Rice,Clay,Zaid,Canal,5.5,6.7,114,63,71,5.73,49991,21983,61,35,5.01,28.62,23.13
Groundnut,Sandy,Kharif,Canal,6.4,6.8,46,94,67,1.54,41745,52591,83,21,8.3,20.08,22.94
Soybean,Loamy,Zaid,Sprinkler,5.6,7.4,63,87,42,1.66,33686,35018,77,48,6.79,33.32,20.1
Capsicum,Sandy,Kharif,Canal,5.9,7.8,240,109,87,24.51,114648,48793,83,32,8.13,23.5,27.86
Maize,Sandy,Zaid,Drip,5.6,7.7,151,77,76,6.94,36314,20070,66,44,7.93,22.12,23.46
Wheat,Black,Rabi,Drip,6.3,7.0,95,54,44,2.92,31213,18625,76,21,7.7,26.29,18.01
Maize,Red,Zaid,Drip,6.0,6.5,138,67,58,3.68,29361,18176,88,39,8.49,34.44,16.35
Maize,Black,Kharif,Rainfed,5.7,6.6,156,50,64,3.27,36216,17975,75,28,6.43,30.67,20.75
Groundnut,Sandy,Zaid,Rainfed,5.8,7.2,58,84,77,2.62,46899,48708,66,33,5.85,23.8,25.24
Capsicum,Clay,Zaid,Drip,5.7,7.5,165,131,137,13.22,90840,35724,86,37,7.98,24.89,24.11
Cotton,Black,Zaid,Drip,6.2,6.5,181,70,73,3.83,61371,66019,65,25,5.44,23.6,17.66
Groundnut,Red,Zaid,Rainfed,6.2,7.6,47,79,100,1.79,49649,61934,74,52,8.02,32.24,17.91
Groundnut,Red,Rabi,Drip,6.2,7.5,53,86,79,2.17,39861,41767,79,36,6.52,29.34,26.04
Cotton,Black,Zaid,Drip,5.7,7.3,194,73,84,3.91,59322,70399,76,60,5.34,23.68,23.86
Sugarcane,Sandy,Rabi,Canal,5.9,7.2,243,80,106,36.65,68828,3849,93,51,5.17,21.32,18.61
Sugarcane,Black,Kharif,Canal,6.0,7.3,203,137,115,57.95,77956,2991,78,56,5.09,23.16,24.2
Capsicum,Black,Rabi,Sprinkler,6.3,7.4,178,110,136,29.98,100501,27539,80,52,5.17,27.81,26.85
Sugarcane,Black,Kharif,Rainfed,6.1,7.1,246,118,133,31.77,97552,3679,80,34,5.26,27.95,27.23
Tomato,Black,Rabi,Sprinkler,6.3,6.9,191,74,79,22.08,86602,17100,75,58,5.08,25.45,15.04
Cotton,Loamy,Zaid,Canal,6.5,6.7,196,79,88,2.29,48125,78887,75,39,7.08,30.49,28.07
Sugarcane,Red,Kharif,Rainfed,6.4,7.6,296,109,105,51.12,81260,3239,90,57,6.52,23.55,27.96
Capsicum,Red,Kharif,Sprinkler,5.6,7.2,235,127,140,22.77,115807,20872,63,38,7.71,26.2,27.88
Rice,Red,Zaid,Rainfed,6.1,7.3,121,51,51,5.14,51392,17145,61,36,6.64,20.57,19.59
Capsicum,Loamy,Kharif,Sprinkler,6.1,7.3,161,130,85,27.24,89214,32529,69,28,6.97,26.38,15.44
Potato,Sandy,Zaid,Sprinkler,5.6,7.7,220,102,85,22.17,78678,14733,88,35,6.77,23.75,28.93
Potato,Black,Kharif,Sprinkler,5.7,6.6,255,132,82,29.53,53779,14517,80,49,6.06,32.43,17.19
Tomato,Clay,Kharif,Rainfed,6.2,6.5,231,83,75,18.66,59068,13047,77,48,8.83,29.03,17.97
Rice,Red,Rabi,Sprinkler,5.7,6.9,141,73,70,4.18,53057,18669,95,50,6.72,24.74,19.77
Wheat,Clay,Zaid,Drip,5.9,7.4,140,48,69,4.23,36255,20544,87,52,7.67,20.05,22.47
Rice,Clay,Rabi,Canal,6.4,7.7,113,65,67,4.22,51937,16895,73,32,8.49,30.6,25.06
Wheat,Sandy,Rabi,Canal,6.3,7.6,134,69,60,4.39,33499,21648,82,38,7.68,21.05,22.55
Groundnut,Red,Kharif,Rainfed,5.9,7.5,59,92,89,2.98,36461,60445,64,43,8.1,22.08,23.27
Capsicum,Red,Zaid,Canal,5.7,6.9,236,104,116,24.42,79375,32820,78,45,5.51,31.01,19.68
Potato,Red,Rabi,Rainfed,5.7,7.2,205,130,82,13.32,53634,19515,89,41,7.01,30.19,21.3
Soybean,Clay,Kharif,Canal,6.1,7.2,70,85,73,1.92,27703,54483,69,59,7.79,32.17,20.59
Potato,Red,Rabi,Rainfed,5.9,7.4,229,103,80,24.17,76090,14027,95,45,7.54,21.91,20.97
Rice,Clay,Rabi,Sprinkler,6.1,6.8,135,54,42,4.8,50247,23450,89,43,7.96,22.59,19.07
Maize,Clay,Rabi,Sprinkler,6.1,7.6,144,63,50,5.5,39033,16227,94,43,8.92,24.07,24.68
Soybean,Clay,Zaid,Canal,6.1,6.8,64,63,47,2.37,44221,37978,87,36,6.53,30.05,19.1
Sugarcane,Loamy,Kharif,Drip,6.0,6.6,203,117,80,53.46,73376,4063,64,43,7.25,22.49,15.69
Tomato,Black,Rabi,Rainfed,6.1,7.5,166,109,117,24.69,69621,13386,64,48,7.35,25.32,18.94
Cotton,Loamy,Kharif,Sprinkler,5.7,7.7,190,78,86,2.97,47146,60050,66,35,6.44,34.56,15.45
Rice,Black,Zaid,Sprinkler,5.6,6.7,103,47,69,3.82,46696,21780,69,60,7.74,33.61,21.68
Potato,Red,Kharif,Drip,5.6,7.7,184,104,139,17.06,74588,13160,95,51,7.08,20.38,20.27
Cotton,Black,Rabi,Drip,6.4,7.4,164,91,95,3.41,62886,67232,90,39,7.04,28.59,28.94
Rice,Red,Rabi,Canal,5.8,7.3,115,78,78,5.97,46755,17988,79,35,5.01,30.9,28.13
Groundnut,Loamy,Zaid,Canal,6.3,6.7,62,87,89,2.76,37420,55301,88,34,7.27,31.77,18.23
Groundnut,Black,Rabi,Sprinkler,6.4,7.6,43,75,73,2.6,37031,53321,85,27,7.14,24.72,21.48
Cotton,Red,Rabi,Drip,6.4,7.4,148,77,85,3.94,57871,74476,81,38,5.39,28.11,16.86
Cotton,Sandy,Zaid,Sprinkler,5.9,7.0,193,76,73,2.81,67512,77245,78,59,5.33,22.88,26.44
Capsicum,Clay,Rabi,Canal,5.8,7.7,184,86,88,15.38,105102,37250,80,51,7.23,32.76,17.71
Soybean,Loamy,Kharif,Canal,5.5,7.4,78,91,52,1.78,29978,35409,67,37,6.73,33.61,17.78
Sugarcane,Black,Zaid,Canal,5.7,7.6,285,124,113,53.14,69783,4133,94,44,5.32,27.09,20.57
Soybean,Clay,Kharif,Rainfed,6.2,7.7,73,75,45,1.64,31791,41172,89,33,8.12,22.79,17.17
Groundnut,Black,Rabi,Drip,6.0,7.0,74,89,71,2.42,44248,60819,71,45,7.03,22.53,19.94
Maize,Red,Kharif,Drip,6.3,6.7,160,52,42,6.5,46922,21269,88,53,7.05,33.52,22.94
Maize,Clay,Rabi,Drip,5.6,7.3,166,78,48,3.12,44271,18801,77,42,5.03,23.83,20.71
Capsicum,Red,Kharif,Canal,6.4,7.7,181,136,90,17.49,63842,42309,81,52,7.39,20.38,20.93
Tomato,Sandy,Rabi,Rainfed,5.9,7.5,167,102,76,31.87,69540,10158,88,59,6.91,23.92,19.78
Potato,Clay,Kharif,Drip,5.7,7.4,194,82,136,23.67,72871,17935,77,55,7.1,26.54,22.18
Tomato,Sandy,Zaid,Rainfed,5.9,7.0,227,74,76,28.78,84948,10149,88,57,5.2,27.36,27.89
Capsicum,Sandy,Zaid,Rainfed,5.8,6.6,185,87,131,20.87,93764,43224,90,44,8.18,24.59,29.9
Tomato,Black,Kharif,Canal,5.6,7.3,200,118,106,37.61,51898,8113,66,32,5.14,33.01,23.37
Soybean,Loamy,Rabi,Sprinkler,6.3,7.4,57,67,69,2.34,28504,42580,82,49,8.57,24.99,23.78
Tomato,Sandy,Kharif,Sprinkler,6.3,6.5,180,99,119,26.71,64620,11778,86,37,5.32,22.91,25.92
Wheat,Sandy,Rabi,Rainfed,6.3,7.8,121,48,47,4.21,37558,18688,82,60,6.62,25.52,20.01
Maize,Sandy,Rabi,Sprinkler,5.8,7.2,132,75,53,5.21,46257,18024,89,50,7.59,26.69,25.33
Potato,Clay,Rabi,Rainfed,5.8,7.5,213,117,123,28.53,57581,13962,90,46,7.24,20.91,16.75
Sugarcane,Red,Rabi,Canal,5.8,6.9,218,90,94,38.26,97565,3246,92,50,8.65,24.16,21.2
Potato,Sandy,Kharif,Drip,5.9,7.0,248,128,101,12.41,66210,13606,72,35,5.08,34.14,27.05
Rice,Sandy,Zaid,Drip,6.4,6.7,119,41,79,3.66,39622,23995,63,36,5.29,28.38,16.62
Soybean,Clay,Rabi,Canal,5.9,6.6,72,67,57,1.98,37171,54513,84,35,7.2,31.75,27.16
Sugarcane,Red,Kharif,Sprinkler,6.0,7.1,298,129,100,33.32,69209,3568,84,39,6.77,32.81,27.3
Groundnut,Sandy,Zaid,Rainfed,5.8,7.3,73,61,72,1.95,43655,44680,92,34,8.63,33.22,27.92
Maize,Red,Zaid,Canal,5.7,7.3,150,54,41,3.79,35528,14148,69,58,7.79,21.21,24.97
Rice,Black,Zaid,Drip,5.6,7.4,107,71,48,3.94,39113,22957,63,32,7.78,29.85,27.75
Soybean,Clay,Zaid,Rainfed,5.5,6.8,75,62,50,1.98,33126,47399,64,47,6.51,34.29,24.25
Cotton,Loamy,Kharif,Sprinkler,6.4,6.5,181,93,66,3.47,58792,62216,68,56,6.15,23.06,25.23
Wheat,Sandy,Rabi,Sprinkler,5.6,6.7,106,66,64,3.34,35073,20726,72,46,7.52,29.33,18.03
Rice,Sandy,Rabi,Rainfed,5.6,6.7,125,73,49,3.67,57985,21459,68,29,7.78,33.36,17.89
Rice,Loamy,Zaid,Rainfed,6.0,7.7,112,59,78,3.35,47116,20798,78,52,8.0,31.21,15.05
Cotton,Clay,Zaid,Canal,6.3,7.0,157,89,60,1.67,47012,77106,72,53,5.99,34.66,21.5
Groundnut,Clay,Rabi,Sprinkler,6.3,7.4,51,79,85,2.36,43018,48856,80,48,5.03,27.02,17.68
Maize,Sandy,Kharif,Sprinkler,5.6,6.8,173,60,75,5.09,37692,14042,86,42,5.57,33.58,25.77
Maize,Clay,Rabi,Rainfed,6.3,7.7,159,84,56,3.46,31844,21911,93,20,5.33,34.47,21.21
Cotton,Black,Rabi,Drip,6.1,6.9,179,61,74,2.15,58283,51860,94,58,7.48,24.92,16.6
Cotton,Red,Kharif,Sprinkler,6.3,7.4,141,72,78,3.6,50794,50639,71,31,8.16,26.15,23.63
Potato,Black,Rabi,Sprinkler,5.5,7.7,216,107,96,24.98,76802,13429,91,27,6.86,33.19,18.06
Rice,Black,Rabi,Sprinkler,6.0,7.0,120,64,44,4.63,50369,22848,90,21,6.69,29.77,25.92
Tomato,Sandy,Rabi,Rainfed,6.4,7.5,201,93,93,23.21,50724,9865,93,46,8.37,26.28,20.61
Maize,Red,Kharif,Rainfed,6.1,7.1,163,64,80,3.36,33920,17743,87,42,6.35,29.24,26.56
Maize,Red,Kharif,Drip,6.2,7.3,145,81,64,5.65,33750,16253,93,48,5.43,27.79,27.39
Tomato,Black,Zaid,Sprinkler,6.3,6.8,226,103,93,31.39,72040,16386,73,36,6.46,23.75,20.89
Wheat,Loamy,Kharif,Sprinkler,6.3,7.1,116,42,65,2.41,47375,21672,88,41,6.17,21.86,16.71
Capsicum,Sandy,Zaid,Rainfed,6.4,6.8,160,123,115,28.64,106859,38768,65,21,5.03,21.88,27.25
Tomato,Clay,Kharif,Drip,5.6,7.5,169,103,86,38.65,78366,16609,85,28,7.9,25.63,15.97
Capsicum,Loamy,Kharif,Sprinkler,6.3,7.0,217,98,98,24.69,69988,28262,88,51,6.26,21.29,21.32
Cotton,Red,Kharif,Drip,6.2,7.8,168,78,89,3.22,57032,63930,84,52,8.11,20.55,16.65
Maize,Sandy,Kharif,Drip,6.3,7.5,176,51,74,4.31,45462,21439,61,54,5.23,32.24,25.45
Cotton,Clay,Zaid,Canal,6.2,7.6,177,91,70,2.01,47660,64807,90,39,7.33,28.8,15.19
Potato,Clay,Rabi,Rainfed,5.6,6.6,232,117,129,28.33,45746,16480,76,34,8.85,28.19,26.96
Rice,Loamy,Zaid,Canal,6.3,6.9,148,50,66,2.87,46871,16553,89,33,5.66,24.02,16.81
Sugarcane,Loamy,Rabi,Drip,5.8,6.6,271,112,80,29.31,82635,3027,89,23,8.07,24.48,17.47
Soybean,Loamy,Kharif,Drip,6.5,7.4,85,69,41,2.67,25057,49875,90,30,8.24,31.24,23.23
Maize,Loamy,Zaid,Canal,6.0,7.8,148,82,79,5.78,32908,15336,86,55,5.89,34.95,16.88
Potato,Sandy,Kharif,Drip,6.3,7.1,230,101,107,16.28,45198,15083,83,35,6.42,21.36,24.07
Potato,Red,Zaid,Canal,5.9,6.5,192,86,128,28.11,68189,13019,61,58,7.9,21.41,27.9
Soybean,Sandy,Kharif,Drip,5.9,7.7,69,85,50,2.09,42079,51688,90,27,6.14,32.54,28.24
Sugarcane,Sandy,Kharif,Sprinkler,6.4,6.7,271,90,116,40.25,95364,3564,89,28,8.77,33.33,16.24
Groundnut,Sandy,Kharif,Sprinkler,5.7,6.6,76,95,65,2.1,45436,41518,89,54,5.84,23.4,22.48
Tomato,Clay,Rabi,Sprinkler,6.1,7.4,233,111,116,20.68,71876,10563,76,46,8.67,33.49,23.26
Capsicum,Red,Rabi,Drip,6.4,7.7,164,117,129,28.6,66737,38338,78,47,5.87,32.2,16.56
Soybean,Black,Rabi,Drip,6.2,7.4,55,76,41,2.62,38685,36148,76,31,6.09,29.55,16.83
Potato,Sandy,Zaid,Canal,6.2,7.5,205,112,126,14.45,71975,17893,70,29,8.03,29.71,22.09
Wheat,Clay,Rabi,Canal,5.8,6.7,140,58,59,2.14,40687,20430,66,32,6.54,33.26,18.15
Cotton,Red,Kharif,Canal,6.2,7.7,178,77,96,2.15,45480,73780,80,56,6.55,23.54,25.78
Potato,Red,Zaid,Sprinkler,6.5,6.8,236,92,101,28.54,61311,17777,66,59,8.4,27.08,18.33
Potato,Black,Rabi,Rainfed,5.5,7.4,209,122,127,22.98,69566,15175,75,44,7.22,27.78,27.24
Tomato,Red,Kharif,Drip,6.4,6.6,169,78,115,39.39,85929,11766,88,44,5.41,31.19,17.72
Tomato,Black,Kharif,Rainfed,6.0,7.4,192,96,92,23.34,54240,11331,88,40,7.64,33.31,24.86
Maize,Sandy,Rabi,Sprinkler,6.0,6.7,143,86,54,5.21,41303,15685,77,36,6.81,25.04,29.74
Soybean,Loamy,Zaid,Sprinkler,6.1,7.2,86,87,65,2.9,37515,52257,72,51,7.12,20.09,17.46
Rice,Red,Rabi,Drip,6.3,6.8,147,44,53,2.69,49132,17842,69,32,5.28,26.79,29.58
Sugarcane,Clay,Zaid,Canal,5.7,7.2,274,94,131,39.33,76309,3308,74,41,5.85,27.3,24.38
Sugarcane,Clay,Rabi,Rainfed,5.8,7.6,258,132,97,34.28,88789,3970,67,27,8.24,23.8,22.85
Potato,Clay,Rabi,Canal,6.3,7.0,244,100,93,13.79,57592,17861,88,30,6.9,25.85,16.9
Wheat,Black,Rabi,Canal,5.6,6.9,140,41,50,2.76,38259,19289,76,47,8.16,29.78,27.5
Soybean,Sandy,Rabi,Rainfed,6.2,7.6,50,89,47,1.99,30897,39949,71,57,7.88,23.08,16.67
Maize,Red,Kharif,Drip,5.9,6.6,146,64,62,5.6,40659,14086,72,54,5.94,29.3,25.48
Groundnut,Red,Rabi,Rainfed,6.1,7.2,65,85,99,2.49,43866,58517,83,47,7.53,25.4,29.77
Cotton,Red,Zaid,Drip,6.2,6.8,162,76,64,3.34,59877,60601,69,51,7.97,31.78,26.7
Tomato,Sandy,Kharif,Canal,6.3,7.8,239,109,118,18.06,70134,17903,89,33,7.01,32.03,15.46
Groundnut,Sandy,Zaid,Drip,6.0,7.3,57,73,82,2.8,49088,46238,66,29,5.56,33.41,21.34
Tomato,Loamy,Rabi,Canal,6.1,7.7,204,117,93,29.62,82765,8173,83,49,7.1,27.83,16.08
Maize,Loamy,Kharif,Drip,5.7,7.7,135,64,50,4.9,29455,18567,60,39,6.03,30.57,19.78
Capsicum,Black,Kharif,Rainfed,5.6,7.2,192,113,115,12.47,64696,45146,81,33,8.22,29.77,15.72
Groundnut,Red,Zaid,Canal,5.7,6.9,65,92,63,2.43,48169,41422,88,23,8.65,26.11,28.2
Sugarcane,Loamy,Rabi,Rainfed,5.6,6.7,294,98,135,53.66,87079,4129,67,36,7.19,32.21,22.86
Groundnut,Clay,Zaid,Drip,6.0,7.4,53,76,65,2.98,42757,48004,89,45,8.13,34.5,25.24
Capsicum,Red,Kharif,Rainfed,5.7,6.8,191,115,86,24.83,107780,27533,60,45,6.48,25.22,24.42
Tomato,Clay,Zaid,Sprinkler,5.5,6.6,169,82,99,20.1,80715,12085,86,23,8.29,22.44,21.92
Wheat,Sandy,Rabi,Rainfed,6.4,6.6,129,55,62,2.63,45426,22135,61,36,5.48,29.78,16.01
Rice,Black,Kharif,Sprinkler,5.9,6.9,111,69,55,4.88,56842,19305,94,23,7.58,26.09,24.16
Soybean,Clay,Zaid,Canal,6.3,6.8,61,69,66,1.7,38631,49835,72,37,7.88,34.29,24.53
Cotton,Black,Zaid,Canal,6.4,7.2,185,80,81,3.84,62503,73066,92,52,5.55,24.8,24.88
Rice,Clay,Kharif,Rainfed,6.4,7.2,143,78,67,3.39,54155,22727,67,27,6.59,23.98,23.29
Tomato,Black,Zaid,Drip,6.3,7.4,234,85,111,22.7,62363,13009,87,41,6.51,32.24,28.84
Rice,Red,Rabi,Sprinkler,5.8,7.6,138,46,55,3.07,36370,20344,75,46,8.56,22.91,27.52
Soybean,Loamy,Zaid,Rainfed,5.5,6.9,70,82,59,2.97,25963,43969,66,54,8.45,29.93,26.02
Sugarcane,Sandy,Rabi,Canal,6.1,7.1,251,131,111,27.4,80344,3375,72,60,7.13,22.38,16.35
Tomato,Sandy,Kharif,Rainfed,6.4,7.7,178,102,78,28.86,75115,13448,87,28,6.0,30.3,19.54
Tomato,Sandy,Rabi,Rainfed,5.9,6.6,163,113,111,17.86,65143,15181,80,21,5.77,32.15,28.72
Cotton,Clay,Zaid,Canal,5.7,6.9,200,100,97,3.5,56996,76626,60,28,7.75,25.34,26.6
Tomato,Black,Kharif,Drip,6.1,7.6,198,109,95,22.67,72783,13112,81,58,5.42,25.69,27.96
Wheat,Red,Rabi,Drip,6.5,7.2,113,63,40,2.87,35033,19147,64,31,8.27,28.37,29.12
Potato,Red,Zaid,Sprinkler,5.9,7.1,236,116,125,20.34,49579,15515,92,21,6.56,33.49,20.12
Potato,Loamy,Kharif,Rainfed,5.6,7.2,189,132,99,27.98,66350,15883,83,20,5.5,20.79,20.21
Potato,Sandy,Kharif,Rainfed,5.9,7.0,247,128,83,24.92,56278,16999,73,32,6.62,24.94,21.77
Sugarcane,Black,Kharif,Canal,5.6,7.7,216,131,89,45.1,79533,3391,76,33,5.29,22.58,22.61
Potato,Black,Kharif,Rainfed,5.8,7.7,248,110,102,27.88,50186,17883,71,54,7.72,28.9,22.86
Maize,Red,Zaid,Drip,5.7,7.5,136,62,51,3.27,30783,20981,91,38,5.16,30.86,29.17
Soybean,Black,Zaid,Drip,5.8,6.7,75,78,48,2.13,30079,49589,70,44,7.41,29.87,27.05
Cotton,Loamy,Kharif,Drip,5.7,7.8,200,100,74,3.51,69748,77861,85,58,6.68,24.36,17.47
Soybean,Loamy,Kharif,Drip,6.0,7.4,66,69,53,2.44,40881,49878,67,36,7.78,34.59,17.53
Potato,Black,Kharif,Canal,6.5,7.7,199,91,123,25.1,51986,13543,71,46,7.74,31.48,22.82
Cotton,Sandy,Zaid,Rainfed,6.4,6.9,168,74,69,3.53,58430,71772,66,57,5.77,28.15,26.42
Rice,Sandy,Rabi,Drip,5.9,6.6,116,69,65,3.23,39657,22786,78,30,6.65,22.98,16.91
Sugarcane,Loamy,Kharif,Sprinkler,6.1,6.6,236,95,140,27.6,92643,3094,79,30,5.79,34.99,18.53
Capsicum,Red,Rabi,Rainfed,5.8,7.4,214,99,96,29.8,63174,20459,79,54,5.38,30.24,29.75
Maize,Loamy,Zaid,Drip,5.7,7.5,149,73,78,5.95,37261,15427,70,40,7.36,34.62,27.09
Potato,Red,Rabi,Rainfed,6.2,6.7,237,114,108,14.91,63727,17260,84,41,6.7,26.81,26.79
Groundnut,Sandy,Kharif,Drip,5.7,7.7,74,86,72,2.67,44265,46414,63,52,7.48,25.69,28.72
Cotton,Black,Zaid,Rainfed,5.6,7.0,177,65,96,1.67,51097,63671,68,47,8.61,34.83,18.41
Potato,Sandy,Kharif,Sprinkler,6.0,7.8,193,122,105,13.64,78218,19364,95,25,7.79,34.42,15.21
Cotton,Black,Kharif,Sprinkler,6.4,7.6,169,71,66,3.95,69385,50452,84,47,7.29,22.59,23.71
Soybean,Loamy,Kharif,Rainfed,5.6,6.6,55,70,59,2.92,39429,51369,63,24,5.53,29.11,16.75
Potato,Black,Zaid,Rainfed,6.4,7.5,196,87,139,22.37,63501,14584,64,51,5.15,32.72,18.88
Rice,Clay,Kharif,Drip,5.6,7.7,138,57,71,4.06,50570,23680,72,52,6.09,32.35,19.27
Potato,Black,Rabi,Rainfed,5.8,7.5,202,135,128,23.67,75986,19175,83,26,8.68,23.05,24.13
Potato,Black,Rabi,Canal,5.7,6.9,204,104,124,22.47,68706,18746,70,47,8.18,31.37,21.9
Wheat,Loamy,Rabi,Drip,5.8,7.5,96,69,61,2.82,45766,21473,73,59,8.6,32.5,18.67
Rice,Sandy,Rabi,Canal,5.6,7.0,111,77,79,5.09,35510,18874,70,40,7.17,22.88,18.96
Groundnut,Black,Kharif,Canal,6.4,6.8,49,62,96,1.59,43197,61962,71,50,8.7,28.39,20.6
Rice,Loamy,Rabi,Canal,5.5,7.2,105,66,65,3.8,56647,20265,95,26,8.86,34.71,27.94
Cotton,Black,Zaid,Rainfed,6.5,7.3,155,96,71,3.75,58952,68207,84,49,6.92,32.78,17.75
Maize,Sandy,Zaid,Canal,5.5,7.3,140,72,62,6.17,41997,16834,62,42,6.48,33.81,19.9
Wheat,Clay,Kharif,Canal,5.9,7.5,133,57,40,4.91,36322,24682,74,38,8.82,21.51,20.54
Groundnut,Sandy,Zaid,Sprinkler,5.9,7.7,60,88,92,1.49,42615,55021,78,42,7.35,32.71,23.86
Groundnut,Loamy,Kharif,Sprinkler,5.6,7.0,55,100,83,2.23,38419,60313,78,58,6.24,28.07,28.31
Potato,Clay,Zaid,Drip,5.8,6.8,208,97,102,28.12,63302,15224,94,26,7.21,20.08,19.56
Potato,Black,Rabi,Drip,5.7,7.5,237,126,97,23.05,77862,18994,91,60,5.82,30.28,23.52
Rice,Black,Kharif,Rainfed,5.6,6.5,100,54,76,5.39,43108,22611,61,43,6.45,32.72,22.41
Potato,Sandy,Rabi,Sprinkler,5.5,7.0,206,123,108,27.12,72427,17104,76,55,6.99,20.55,29.55
Cotton,Red,Rabi,Sprinkler,6.2,6.7,150,79,85,1.79,52493,75253,69,36,7.82,22.54,15.31
Soybean,Red,Kharif,Sprinkler,6.0,6.6,54,67,66,1.59,43598,51538,94,22,5.05,24.52,23.78
Tomato,Loamy,Zaid,Drip,6.3,7.0,238,91,114,26.42,76521,10984,75,59,7.07,24.57,27.73
Groundnut,Clay,Zaid,Canal,6.1,7.0,42,91,99,2.9,42352,51810,95,42,6.14,30.28,21.18
Potato,Black,Zaid,Canal,6.0,7.1,249,103,81,21.73,45209,12697,65,28,8.05,21.09,27.36
Maize,Black,Kharif,Canal,6.3,7.7,135,66,42,5.05,32575,17458,75,41,8.12,22.2,23.14
Cotton,Clay,Zaid,Drip,6.3,6.9,165,66,96,1.7,64321,51962,66,20,6.97,31.32,22.43
Tomato,Loamy,Kharif,Sprinkler,5.8,6.6,222,103,109,20.54,81062,15519,87,31,8.93,24.84,18.94
Maize,Black,Zaid,Drip,6.0,7.6,163,60,69,3.59,40715,16483,88,27,6.33,33.07,20.01
Rice,Clay,Zaid,Drip,6.2,7.0,148,47,68,5.34,49618,19849,83,33,6.1,32.07,24.53
Maize,Loamy,Kharif,Sprinkler,6.2,7.5,150,88,48,5.2,44901,16264,80,48,7.99,32.5,25.58
Tomato,Red,Zaid,Canal,6.0,7.4,180,108,119,27.97,50347,14756,87,33,5.81,25.94,28.09
Potato,Loamy,Zaid,Drip,6.4,7.3,215,94,86,26.0,45734,13087,64,23,5.13,31.14,15.39
Sugarcane,Clay,Kharif,Canal,5.6,6.9,292,120,81,41.31,88370,4145,94,53,5.34,31.07,19.51
Soybean,Red,Kharif,Rainfed,5.8,6.6,71,93,57,2.01,32700,39957,86,26,9.0,27.26,18.14
Soybean,Loamy,Zaid,Sprinkler,5.6,6.9,88,94,48,2.28,32092,37991,91,45,8.56,25.97,18.11
Maize,Red,Kharif,Sprinkler,6.4,7.7,155,70,56,3.41,46075,18736,61,34,8.27,31.52,28.82
Groundnut,Clay,Kharif,Rainfed,5.7,7.1,42,70,97,1.4,37272,44253,63,23,5.95,31.49,26.42
Wheat,Loamy,Kharif,Sprinkler,5.9,7.3,135,68,53,3.37,40630,24878,75,42,8.36,33.35,18.62
Rice,Clay,Rabi,Drip,5.8,6.8,145,71,54,2.78,51177,19733,95,25,5.41,34.51,26.7
Capsicum,Black,Zaid,Canal,6.5,6.7,232,85,134,21.46,98150,47678,95,38,7.74,22.56,15.44
Groundnut,Black,Kharif,Rainfed,6.1,7.0,73,62,92,2.65,48849,64221,90,27,8.41,28.05,16.71
Tomato,Black,Zaid,Rainfed,5.7,6.6,215,99,79,39.07,69333,15537,72,50,7.89,28.33,18.03
Wheat,Clay,Rabi,Drip,6.0,7.3,116,47,64,2.96,43703,24799,73,33,7.35,24.79,23.54
Soybean,Black,Rabi,Sprinkler,6.1,6.8,54,98,69,2.29,39866,46766,72,56,8.78,32.92,17.26
Soybean,Sandy,Rabi,Rainfed,5.7,6.6,90,91,52,2.43,36664,39334,72,20,6.74,34.12,24.66
Maize,Sandy,Rabi,Drip,5.8,6.9,134,71,50,5.51,35588,14043,81,46,5.9,22.14,19.81
Soybean,Black,Rabi,Canal,5.8,7.3,73,87,61,1.82,31057,35745,77,23,5.09,33.31,20.26
Groundnut,Loamy,Kharif,Canal,6.1,6.6,53,96,63,2.41,49833,43027,80,28,5.6,29.59,24.59
Capsicum,Clay,Zaid,Rainfed,6.3,7.5,219,108,119,25.58,64812,47050,83,52,8.64,28.26,21.89
Rice,Loamy,Kharif,Rainfed,6.2,7.1,120,44,42,5.21,45208,19586,86,23,8.82,31.18,19.96
Wheat,Sandy,Zaid,Sprinkler,6.4,7.0,131,58,67,2.15,35624,20525,62,26,7.84,28.34,23.1
Wheat,Black,Kharif,Sprinkler,6.4,6.8,90,46,68,2.78,38902,23616,76,41,7.51,31.91,23.06
Wheat,Red,Kharif,Drip,6.2,7.2,124,59,40,2.72,34453,20787,95,59,5.82,22.62,22.92
Capsicum,Red,Zaid,Drip,6.2,6.9,171,111,128,25.65,110906,27191,65,24,5.99,21.25,22.29
Capsicum,Loamy,Kharif,Drip,5.6,7.5,168,80,139,22.48,111626,20076,61,34,8.81,27.4,26.03
Capsicum,Red,Kharif,Sprinkler,6.1,7.0,225,133,95,18.77,84603,45712,74,29,6.73,22.04,16.08
Tomato,Clay,Kharif,Rainfed,5.5,7.2,207,117,103,22.33,79508,13637,86,39,6.98,26.48,27.53
Wheat,Sandy,Zaid,Rainfed,5.9,6.9,126,69,68,3.02,35695,22990,92,25,5.78,27.89,17.6
Cotton,Loamy,Zaid,Rainfed,5.9,7.0,140,99,72,2.43,60100,53854,90,22,7.46,28.25,23.28
Maize,Black,Kharif,Drip,5.6,7.0,179,58,79,6.53,41864,16339,68,42,8.04,33.25,24.41
Sugarcane,Black,Rabi,Rainfed,6.4,7.3,289,96,87,27.75,90923,3187,70,54,8.68,27.29,25.88
Tomato,Clay,Zaid,Rainfed,5.7,6.6,237,76,113,20.27,54289,17563,75,50,8.21,31.71,24.33
Tomato,Black,Kharif,Drip,5.7,6.5,198,89,100,36.52,73602,12148,72,51,5.5,22.16,19.24
Maize,Sandy,Rabi,Rainfed,5.6,6.7,120,55,76,6.9,47457,18714,72,34,7.91,21.83,21.28
Groundnut,Sandy,Kharif,Canal,5.6,7.0,55,75,66,2.05,39366,43502,74,55,7.88,21.78,24.84
Tomato,Loamy,Zaid,Drip,6.0,7.0,193,107,75,24.58,60175,11762,79,60,7.03,33.73,28.71
Tomato,Loamy,Rabi,Canal,6.2,6.7,194,83,101,25.15,59730,10914,94,31,7.9,26.61,22.55
Rice,Red,Rabi,Sprinkler,6.4,6.6,122,63,59,4.3,56615,23201,77,35,6.65,29.89,19.75
Rice,Loamy,Rabi,Canal,6.1,6.8,144,76,70,4.29,45689,19923,95,37,5.99,32.68,22.1
Rice,Black,Zaid,Rainfed,5.8,7.1,150,57,58,3.16,43501,18222,63,43,8.55,23.24,24.51
Groundnut,Black,Rabi,Drip,5.9,7.3,67,84,81,1.54,43569,58603,74,41,8.52,33.79,18.88
Groundnut,Black,Kharif,Rainfed,6.1,7.0,79,85,100,1.35,33207,57582,88,57,8.87,26.33,18.3
Rice,Clay,Rabi,Canal,6.5,7.1,124,68,44,3.61,53065,23932,70,48,8.65,24.0,29.28
Sugarcane,Sandy,Rabi,Canal,5.6,7.5,205,97,101,28.67,87196,3558,93,43,8.36,30.99,27.9
Rice,Sandy,Rabi,Rainfed,5.5,7.3,102,55,49,4.93,59548,22003,77,35,5.26,22.23,29.24
Capsicum,Red,Zaid,Sprinkler,6.0,7.4,152,96,81,20.19,65707,27418,79,47,7.62,34.31,20.36
Rice,Black,Rabi,Canal,6.0,6.9,148,55,69,4.62,58004,20131,82,32,7.09,20.73,28.63
Sugarcane,Black,Zaid,Rainfed,6.5,7.8,274,114,86,42.55,63878,3646,93,21,6.75,25.28,25.14
Tomato,Sandy,Zaid,Sprinkler,5.6,7.7,210,81,84,25.5,69713,9807,76,49,6.76,28.54,22.19
Soybean,Loamy,Rabi,Rainfed,6.3,7.5,59,65,62,2.72,35877,51007,73,23,6.16,31.08,17.18
Cotton,Loamy,Kharif,Rainfed,6.3,7.7,149,99,99,2.7,65422,65554,64,24,5.18,31.75,24.42
Tomato,Sandy,Kharif,Rainfed,5.7,7.0,240,113,79,21.37,63888,11515,64,47,7.77,24.72,22.93
Wheat,Clay,Zaid,Rainfed,6.0,7.4,122,55,52,2.07,30224,22968,84,47,7.62,31.85,20.08
Wheat,Red,Zaid,Drip,6.0,6.8,106,54,65,4.62,37167,23019,84,30,7.23,25.83,29.52
Rice,Clay,Kharif,Canal,5.6,6.9,138,71,77,4.98,57264,20822,71,34,6.5,30.91,19.62
Groundnut,Black,Rabi,Rainfed,6.4,7.5,66,68,63,2.35,33656,63339,82,31,7.46,33.4,27.22
Maize,Black,Zaid,Sprinkler,5.6,7.3,132,67,43,4.51,47290,19273,80,54,5.21,25.11,24.19
Maize,Clay,Kharif,Drip,6.0,6.6,139,65,48,3.76,38678,17657,67,49,6.85,34.55,16.67
Soybean,Clay,Rabi,Canal,5.5,7.1,55,91,52,2.41,40266,54424,73,39,5.1,33.98,22.56
Cotton,Sandy,Zaid,Drip,6.3,7.8,149,63,97,1.77,47186,56449,94,50,6.69,21.73,24.15
Capsicum,Loamy,Zaid,Canal,5.8,7.5,195,119,118,24.5,94172,27963,60,54,6.79,29.52,28.29
Wheat,Red,Zaid,Rainfed,5.9,7.2,121,56,52,2.32,44434,19258,91,29,6.5,32.33,17.35
Soybean,Red,Zaid,Rainfed,5.8,7.3,79,98,42,1.59,39997,51909,89,52,8.84,26.94,22.16
Soybean,Black,Rabi,Rainfed,5.8,7.5,65,65,73,1.66,32246,37270,94,49,6.18,23.04,26.16
Potato,Black,Kharif,Sprinkler,5.9,6.6,259,81,123,13.42,45972,19876,66,27,6.86,25.68,20.74
Rice,Red,Kharif,Sprinkler,5.9,6.5,104,66,67,3.34,36314,16425,66,60,6.03,28.26,28.75
Rice,Loamy,Zaid,Sprinkler,6.4,7.5,137,68,42,5.57,51002,22086,89,55,5.92,30.03,21.71
Cotton,Loamy,Zaid,Sprinkler,5.7,7.0,159,96,91,1.58,66479,58948,77,25,7.41,34.17,29.11
Maize,Black,Kharif,Sprinkler,5.8,7.2,125,67,47,6.86,43901,15924,60,27,6.2,30.46,28.86
Sugarcane,Sandy,Kharif,Drip,5.6,6.6,251,100,110,48.46,84526,2886,75,28,7.37,22.63,26.0
Sugarcane,Sandy,Zaid,Drip,6.0,7.4,230,111,93,42.75,69139,3259,86,56,7.03,34.82,28.32
Rice,Clay,Rabi,Rainfed,6.0,7.2,100,79,44,2.93,59236,19192,73,30,8.16,22.02,21.45
Tomato,Red,Kharif,Canal,6.3,7.1,235,80,105,39.72,50205,13711,79,33,7.22,22.41,21.51
Wheat,Clay,Rabi,Rainfed,5.7,6.8,112,61,60,4.85,48671,20848,95,31,8.65,33.45,25.29
Cotton,Black,Rabi,Canal,5.6,6.7,193,90,86,2.48,59236,67875,87,50,5.38,20.63,20.47
Groundnut,Red,Kharif,Rainfed,5.9,6.8,54,66,93,2.16,30112,47058,62,47,8.12,20.9,21.74
Maize,Red,Zaid,Canal,5.7,6.6,128,90,65,4.67,40508,20842,80,25,5.23,34.48,22.21
Sugarcane,Sandy,Kharif,Sprinkler,5.7,7.6,291,102,114,41.0,63230,3701,87,45,7.1,20.14,19.08
Groundnut,Red,Kharif,Sprinkler,5.8,7.8,55,78,81,3.0,38796,56961,84,20,8.59,27.54,18.45
Wheat,Black,Zaid,Canal,5.7,6.9,137,64,65,4.79,33410,24478,67,29,7.98,25.23,16.92
Wheat,Clay,Rabi,Drip,5.7,7.7,117,62,49,2.34,49631,19495,86,58,5.4,30.89,24.02
Sugarcane,Loamy,Zaid,Drip,6.2,6.6,299,93,85,59.33,90749,3310,64,39,5.9,20.13,22.23
Groundnut,Sandy,Kharif,Sprinkler,5.7,6.6,66,83,73,1.35,45344,56333,61,55,8.87,20.33,28.9
Tomato,Loamy,Kharif,Canal,6.0,7.6,209,115,104,17.95,79678,8657,67,47,8.48,26.63,29.41
Groundnut,Black,Zaid,Drip,5.7,6.8,57,64,60,2.26,49046,59525,85,45,6.5,24.06,25.37
Tomato,Clay,Kharif,Rainfed,5.6,7.2,227,99,87,26.1,52674,9246,95,42,8.92,24.83,17.15
Tomato,Clay,Zaid,Canal,5.8,6.9,187,94,98,21.53,62769,12355,87,39,8.27,34.68,22.23
Groundnut,Clay,Rabi,Sprinkler,6.0,6.7,50,67,69,2.72,47365,43646,82,59,5.9,30.2,19.13
Tomato,Black,Zaid,Drip,6.3,6.7,178,99,76,18.29,57248,16417,78,44,6.98,21.34,18.99
Soybean,Sandy,Rabi,Rainfed,6.5,7.3,80,60,64,2.37,36140,38031,81,51,5.37,33.82,18.69
Wheat,Black,Kharif,Drip,6.0,7.8,125,63,60,3.21,32837,22132,89,30,8.89,27.93,21.61
Capsicum,Sandy,Kharif,Sprinkler,6.0,7.1,208,82,90,12.24,116872,42212,61,60,7.2,24.58,16.03
Cotton,Loamy,Zaid,Sprinkler,5.9,7.3,156,73,73,2.63,49006,64305,69,53,5.5,24.59,17.52
Tomato,Red,Rabi,Drip,6.2,7.0,179,96,97,38.47,73397,9677,62,44,5.42,31.76,21.94
Maize,Clay,Kharif,Canal,6.4,7.6,128,80,56,4.9,37437,21657,75,26,5.56,29.16,16.83
Rice,Loamy,Kharif,Rainfed,6.0,7.1,100,41,44,4.04,35764,22598,89,55,8.04,24.31,22.09
Sugarcane,Loamy,Rabi,Rainfed,6.1,7.6,259,110,84,33.34,70015,2803,86,24,6.5,22.9,20.62
Capsicum,Red,Zaid,Rainfed,6.4,7.2,176,86,105,16.37,104886,31811,67,59,6.62,20.24,19.33
Wheat,Clay,Zaid,Drip,6.3,6.6,115,42,52,2.94,39139,19000,90,59,8.55,24.44,26.76
Sugarcane,Clay,Zaid,Rainfed,5.6,6.8,221,112,131,30.17,97610,2891,73,49,6.49,27.8,23.79
Capsicum,Sandy,Zaid,Drip,5.5,7.8,177,100,109,29.36,79154,29659,85,57,5.93,20.67,25.47
Tomato,Black,Kharif,Rainfed,5.9,6.6,160,98,77,20.47,52265,8902,74,31,7.12,25.83,19.16
Rice,Loamy,Kharif,Sprinkler,5.9,6.8,123,50,59,4.07,49233,18343,79,53,5.99,31.32,26.42
Soybean,Black,Rabi,Sprinkler,5.9,6.9,64,100,67,2.16,28986,35669,86,37,8.73,29.97,19.75
Soybean,Clay,Kharif,Rainfed,5.7,7.6,63,60,41,2.58,40549,38196,73,26,5.6,28.5,26.23
Tomato,Black,Kharif,Sprinkler,5.6,7.7,189,114,79,24.5,66023,15816,77,31,7.22,26.14,25.84
Rice,Black,Kharif,Rainfed,6.2,6.6,115,68,56,4.55,48374,20118,83,57,5.17,29.74,15.59
Potato,Clay,Rabi,Sprinkler,5.9,7.1,260,97,134,27.49,58931,16206,60,44,7.21,30.38,27.69
Maize,Black,Rabi,Canal,6.3,7.6,163,59,77,6.84,35881,14197,95,24,7.75,23.52,20.82
Rice,Red,Rabi,Rainfed,6.4,6.6,110,50,70,4.99,51913,21417,86,35,5.6,34.07,29.48
Sugarcane,Clay,Rabi,Drip,5.6,7.4,293,125,115,25.14,83124,3857,85,30,5.75,23.21,18.0
Potato,Red,Zaid,Drip,6.4,6.7,248,138,130,17.61,56375,19857,80,58,8.66,26.81,23.69
Potato,Sandy,Zaid,Canal,6.4,7.7,181,126,129,23.62,77390,12580,64,38,5.45,30.69,24.73
Rice,Black,Kharif,Canal,5.8,7.6,147,48,61,4.12,58038,23531,64,35,6.14,33.98,23.78
Soybean,Black,Zaid,Rainfed,6.2,7.0,62,79,78,1.71,39275,41022,75,32,7.61,27.55,27.35
Tomato,Black,Kharif,Canal,5.6,7.1,221,110,102,16.61,66989,14328,74,43,8.35,30.38,26.13
Sugarcane,Red,Zaid,Sprinkler,6.0,7.6,231,127,140,30.09,96212,3655,92,55,6.64,23.7,21.89
Maize,Clay,Rabi,Sprinkler,5.8,7.5,147,58,55,3.1,32404,16345,89,56,7.8,27.68,24.94
Wheat,Sandy,Kharif,Canal,5.6,7.6,133,57,42,2.26,32498,20457,72,36,5.13,33.58,24.44
Sugarcane,Loamy,Rabi,Rainfed,6.4,7.4,297,132,135,26.92,66705,3137,76,29,6.3,22.05,21.51
Tomato,Clay,Zaid,Sprinkler,5.6,7.3,237,83,102,16.81,79413,10551,83,37,5.94,23.64,19.93
Capsicum,Loamy,Zaid,Sprinkler,5.6,7.1,213,85,85,20.31,102302,47038,77,58,6.39,26.57,29.65
Wheat,Loamy,Rabi,Sprinkler,6.5,7.5,134,44,40,4.68,43404,20078,81,36,8.74,31.05,22.85
Maize,Clay,Rabi,Rainfed,6.1,6.6,158,57,50,4.29,36547,18553,71,48,5.96,31.67,17.1
Wheat,Black,Zaid,Sprinkler,5.5,7.3,94,41,53,3.99,33620,20620,87,33,6.2,32.81,18.06
Rice,Black,Kharif,Drip,5.7,7.4,131,66,44,2.97,48246,17993,88,52,5.82,26.64,20.21
Tomato,Red,Kharif,Canal,6.3,7.2,178,105,77,35.35,81659,15016,61,26,7.07,20.64,21.06
Potato,Sandy,Rabi,Rainfed,6.0,7.3,241,123,120,19.85,60876,15437,71,59,5.26,21.3,19.46
Wheat,Loamy,Zaid,Rainfed,5.5,6.8,111,43,46,3.83,33921,24451,66,48,7.99,30.19,16.73
Capsicum,Clay,Zaid,Rainfed,5.6,7.6,152,120,131,20.59,61134,28446,61,30,6.7,28.05,15.25
Tomato,Loamy,Kharif,Canal,6.0,7.2,207,92,106,24.95,63516,15124,70,45,8.46,24.73,20.79
Groundnut,Clay,Kharif,Rainfed,6.3,7.3,40,69,75,2.87,41042,53347,86,32,5.35,24.12,23.39
Wheat,Sandy,Kharif,Rainfed,6.3,7.3,102,64,50,4.28,38643,18697,76,34,6.34,23.86,18.82
Maize,Loamy,Kharif,Canal,6.3,6.6,166,54,62,6.87,33631,20834,87,52,6.6,22.69,29.92
Cotton,Black,Rabi,Sprinkler,6.3,6.9,161,84,71,2.15,61860,67508,85,55,7.02,30.66,19.98
Sugarcane,Loamy,Zaid,Drip,5.9,6.9,247,103,103,28.78,64637,3512,68,28,7.47,27.4,21.26
Wheat,Red,Zaid,Drip,5.9,7.1,122,51,69,2.38,36977,18257,95,29,8.94,34.19,22.44
Potato,Black,Rabi,Drip,6.0,7.3,210,88,87,15.28,55521,13196,78,24,5.21,24.51,27.44
Wheat,Sandy,Rabi,Drip,6.3,7.1,131,42,67,2.33,33986,21960,60,58,6.59,33.21,18.78
Maize,Clay,Zaid,Canal,6.2,6.9,151,77,75,3.25,33796,19218,83,37,7.36,31.93,18.07
Groundnut,Clay,Rabi,Drip,6.2,7.1,71,69,84,2.88,49589,40035,71,27,8.16,27.39,25.99
Maize,Red,Rabi,Rainfed,5.5,7.6,122,79,80,6.17,28037,15278,64,37,6.59,26.68,25.99
Capsicum,Clay,Kharif,Rainfed,6.3,7.1,156,100,119,11.0,115818,42528,62,58,5.07,28.3,26.19
Groundnut,Red,Zaid,Rainfed,6.3,7.7,69,96,98,1.74,32842,53427,91,26,5.61,34.98,22.42
Tomato,Loamy,Kharif,Rainfed,6.2,7.7,228,120,89,29.51,83795,10869,75,27,6.58,32.69,18.7
Wheat,Clay,Zaid,Canal,6.4,6.8,104,52,47,3.59,41442,19356,86,23,6.82,30.12,24.9
Soybean,Red,Kharif,Canal,6.5,7.4,68,85,73,1.55,30264,50180,65,23,6.16,33.71,17.32
Sugarcane,Sandy,Rabi,Rainfed,6.2,7.7,274,88,130,42.82,93233,3081,91,26,7.36,30.42,20.46
Wheat,Clay,Rabi,Canal,6.2,7.6,129,69,61,3.93,48677,22367,66,27,8.02,26.7,22.97
Cotton,Clay,Rabi,Canal,6.4,7.5,197,89,86,2.35,52720,63392,84,52,6.14,21.97,19.3
Cotton,Sandy,Zaid,Sprinkler,5.6,7.0,188,84,68,2.66,46449,74341,64,48,7.51,25.04,29.57
Soybean,Black,Rabi,Rainfed,5.6,7.4,85,83,77,1.63,33468,46728,88,57,5.81,24.77,28.74
Soybean,Red,Zaid,Rainfed,5.6,7.7,78,92,61,1.99,30460,37018,75,49,5.23,27.19,21.12
Groundnut,Black,Rabi,Rainfed,5.8,6.6,62,91,86,1.59,31059,54869,87,37,6.36,21.16,25.29
Potato,Clay,Kharif,Rainfed,6.0,6.7,226,121,108,20.6,54978,15600,81,49,8.65,25.41,20.72
Tomato,Sandy,Zaid,Sprinkler,6.3,6.5,167,118,89,22.23,87598,12403,81,53,8.77,21.64,17.6
Cotton,Red,Kharif,Drip,5.5,6.8,174,99,60,1.56,52428,76046,75,37,5.61,32.21,18.2
Rice,Red,Rabi,Sprinkler,5.5,6.5,118,52,79,4.45,54824,18725,74,55,6.77,20.49,27.55
Capsicum,Loamy,Rabi,Canal,5.7,6.9,217,91,126,16.94,115170,48313,79,52,8.92,30.84,20.06
Sugarcane,Black,Zaid,Sprinkler,5.8,7.5,242,133,102,49.31,76734,3195,73,44,7.86,27.56,18.97
Groundnut,Black,Rabi,Rainfed,5.7,7.2,64,88,90,2.13,39531,50566,71,26,7.5,31.84,29.06
Sugarcane,Loamy,Kharif,Sprinkler,5.7,7.2,248,115,109,31.05,88385,3063,88,53,7.88,27.64,26.0
Groundnut,Red,Zaid,Sprinkler,5.8,6.6,63,86,89,1.35,32086,61411,94,54,7.34,25.92,29.11
Capsicum,Loamy,Rabi,Canal,6.1,7.2,182,111,95,19.72,71069,30449,92,48,7.73,25.46,20.63
Wheat,Loamy,Rabi,Rainfed,6.4,6.6,112,62,45,2.35,36812,23649,70,36,8.16,20.15,27.59
Sugarcane,Sandy,Kharif,Drip,6.0,7.0,275,114,84,47.27,81022,3688,78,50,8.18,30.17,19.09
Groundnut,Red,Kharif,Drip,6.4,6.8,68,66,77,1.27,33396,50886,60,60,8.58,27.36,21.89
Groundnut,Sandy,Zaid,Rainfed,5.8,7.2,45,77,82,1.43,39693,64607,81,60,6.13,33.51,15.51
Rice,Red,Rabi,Drip,6.1,7.5,137,79,43,2.68,43020,17537,82,44,8.27,29.62,15.16
Wheat,Loamy,Rabi,Canal,5.5,7.2,139,55,46,4.69,44791,25087,76,33,8.58,25.09,21.93
Tomato,Black,Rabi,Sprinkler,5.9,6.6,195,96,87,30.7,76517,15715,74,34,5.42,27.69,26.64
Capsicum,Black,Rabi,Rainfed,6.1,7.4,216,137,121,13.45,113079,37900,91,56,8.15,24.68,15.1
Cotton,Loamy,Rabi,Canal,6.3,7.7,167,98,67,3.57,62004,55579,68,37,5.79,25.81,20.96
Tomato,Loamy,Kharif,Drip,5.9,7.6,221,80,98,36.95,80458,9154,73,38,6.1,23.69,21.51
Cotton,Clay,Rabi,Canal,6.1,6.8,145,93,71,3.68,58036,59276,65,36,6.32,32.73,21.69
Soybean,Clay,Zaid,Canal,5.9,6.8,68,63,73,2.78,37793,52216,78,51,6.84,29.24,21.12
Cotton,Red,Zaid,Sprinkler,5.9,6.8,160,60,63,3.01,58517,62612,69,40,7.12,26.64,15.85
Groundnut,Loamy,Rabi,Drip,6.5,6.9,76,79,100,2.16,41465,46013,76,24,7.65,31.79,22.58
Tomato,Red,Rabi,Drip,5.6,6.9,168,91,118,29.29,82263,13843,64,60,6.32,27.95,20.49
Maize,Loamy,Kharif,Sprinkler,6.0,6.8,138,75,65,3.56,28411,21113,68,41,7.53,23.4,19.28
Wheat,Black,Zaid,Sprinkler,6.2,7.2,103,49,69,2.01,47938,18487,65,24,8.88,25.57,26.77
Sugarcane,Loamy,Zaid,Drip,6.5,7.0,264,122,138,38.49,82461,4171,90,36,8.21,33.02,22.14
Capsicum,Clay,Rabi,Rainfed,6.1,7.2,176,138,81,25.21,100827,44808,89,42,7.44,23.46,27.91
Groundnut,Black,Zaid,Rainfed,6.1,7.5,66,84,76,2.02,30506,64532,88,34,6.87,27.71,20.26
Potato,Sandy,Kharif,Rainfed,6.2,7.1,205,84,135,18.72,78845,17618,65,43,6.38,20.85,17.68
Tomato,Red,Kharif,Sprinkler,6.0,7.5,230,96,106,26.1,81949,9814,78,46,5.83,24.77,22.02
Sugarcane,Black,Rabi,Sprinkler,5.6,7.6,262,139,128,44.88,84007,3615,80,60,5.78,30.53,18.77
Cotton,Clay,Zaid,Canal,5.7,7.3,141,81,87,1.93,59687,76156,74,21,8.13,21.09,16.44
Rice,Clay,Zaid,Sprinkler,6.1,7.5,130,73,52,3.28,52198,23112,71,39,5.68,25.6,21.98
Capsicum,Black,Kharif,Sprinkler,5.9,7.6,224,121,103,21.62,89292,47283,71,37,8.56,29.16,26.11
Sugarcane,Clay,Rabi,Canal,6.0,7.0,283,103,130,30.43,80648,3793,94,44,5.16,21.4,15.72
Wheat,Loamy,Kharif,Canal,6.1,7.1,101,44,66,4.14,42778,20314,69,58,5.38,34.35,24.05
Soybean,Black,Rabi,Canal,6.4,7.0,87,63,78,1.91,37684,43399,77,57,5.11,20.35,21.91
Tomato,Black,Zaid,Sprinkler,6.3,7.0,197,74,93,16.64,66968,12024,79,52,8.96,22.16,16.97
Wheat,Red,Zaid,Canal,6.3,6.7,126,64,59,2.35,47055,21841,78,36,8.67,30.86,22.68
Rice,Red,Zaid,Sprinkler,5.5,7.7,102,62,64,3.83,43105,17275,91,53,6.74,31.64,24.07
Groundnut,Clay,Rabi,Canal,6.5,7.4,53,62,81,2.32,38893,55262,94,59,5.5,32.01,22.53
Groundnut,Loamy,Rabi,Canal,5.6,7.7,43,95,76,2.11,36996,56183,89,60,8.89,26.71,18.26
Groundnut,Loamy,Zaid,Rainfed,6.4,7.5,57,86,98,2.02,48245,47661,91,59,5.3,26.46,22.94
Potato,Clay,Rabi,Sprinkler,5.7,6.9,225,96,121,25.09,55134,13540,64,59,5.53,28.17,19.53
Maize,Red,Zaid,Rainfed,5.5,6.9,148,66,63,6.59,44714,20124,87,52,8.51,27.17,25.67
Groundnut,Red,Rabi,Canal,5.8,6.5,48,78,73,2.71,45950,48750,61,50,7.63,21.66,23.6
Maize,Black,Zaid,Canal,5.6,6.7,135,79,68,5.86,29874,16191,76,59,8.56,21.5,26.53
Rice,Clay,Zaid,Rainfed,5.8,7.6,102,49,78,3.32,43400,18547,95,39,8.47,24.63,26.54
Rice,Black,Zaid,Rainfed,6.5,6.8,110,71,73,4.52,49131,22099,86,34,7.77,25.85,18.22
Maize,Clay,Zaid,Sprinkler,6.3,7.2,144,63,47,3.06,43702,19634,64,47,6.36,20.7,23.97
Potato,Sandy,Kharif,Sprinkler,6.1,7.0,182,118,86,18.42,57618,18365,95,60,8.45,30.43,29.37
Sugarcane,Sandy,Zaid,Drip,5.6,7.2,256,86,113,55.05,82819,3036,88,30,8.98,30.12,19.45
Cotton,Loamy,Kharif,Drip,6.3,7.4,187,78,81,2.78,57648,72329,82,22,5.1,21.48,25.86
Wheat,Loamy,Kharif,Rainfed,6.3,6.8,117,53,41,4.91,46744,21155,83,34,6.26,24.86,24.87
Rice,Red,Rabi,Drip,6.4,7.7,118,47,44,3.91,44564,18863,73,59,8.34,24.47,22.0
Rice,Sandy,Rabi,Canal,6.2,7.5,122,58,67,3.48,44024,17203,73,43,6.64,20.69,16.96
Groundnut,Sandy,Zaid,Sprinkler,5.6,6.9,42,64,72,2.77,30027,49388,83,42,8.57,31.89,15.4
Groundnut,Sandy,Zaid,Rainfed,5.6,7.6,73,67,82,2.01,49658,60949,71,57,5.49,30.81,29.47
Cotton,Loamy,Rabi,Rainfed,6.2,7.0,157,62,76,1.59,53315,61091,85,30,8.14,21.32,23.59
Wheat,Clay,Zaid,Canal,5.6,6.9,134,50,65,3.88,40364,19653,90,42,6.41,26.32,16.38
Capsicum,Loamy,Rabi,Drip,5.6,7.0,176,82,110,21.15,74507,36015,69,27,5.92,27.64,29.58
Groundnut,Red,Rabi,Drip,6.1,7.4,49,97,62,1.24,46113,46163,69,55,8.69,20.12,22.5
Sugarcane,Red,Kharif,Sprinkler,6.4,7.3,254,140,124,49.75,65657,3416,71,32,7.83,28.03,15.51
Rice,Loamy,Zaid,Canal,5.7,7.4,102,72,69,3.66,35682,18530,62,28,6.23,30.26,21.7
Capsicum,Black,Zaid,Rainfed,5.5,7.2,218,137,129,25.44,60843,47838,91,58,8.07,32.91,21.39
Tomato,Black,Rabi,Drip,6.4,7.8,190,108,119,23.7,87002,9177,72,29,7.55,24.53,26.29
Maize,Sandy,Zaid,Drip,6.3,7.6,157,86,64,3.66,43991,17669,61,28,8.57,31.6,25.57
Tomato,Sandy,Kharif,Canal,5.7,7.0,234,94,90,31.09,88519,14586,68,23,6.32,33.11,27.93
Rice,Loamy,Rabi,Drip,6.2,6.8,101,70,55,3.16,54129,22124,90,59,6.88,29.37,29.87
Tomato,Loamy,Rabi,Sprinkler,5.9,7.5,237,118,85,21.05,66317,8128,81,47,5.63,22.47,17.53
Capsicum,Sandy,Zaid,Rainfed,6.4,6.9,169,108,94,16.96,69380,37140,65,25,7.89,27.92,19.73
Cotton,Clay,Kharif,Drip,6.2,7.6,149,74,83,1.6,65103,77855,72,36,6.93,23.49,15.72
Cotton,Clay,Kharif,Sprinkler,6.2,7.4,154,99,94,1.58,63924,78084,68,53,5.82,30.45,28.84
Wheat,Black,Zaid,Rainfed,5.7,7.4,97,60,44,3.21,49827,24290,93,24,8.68,22.48,29.32
Wheat,Black,Rabi,Sprinkler,6.0,6.9,113,64,51,2.55,45126,20737,82,55,7.14,25.87,23.82
Sugarcane,Loamy,Rabi,Sprinkler,6.1,7.5,300,125,105,27.7,96433,3759,63,47,8.7,30.91,29.58
Tomato,Clay,Rabi,Canal,5.8,7.6,218,84,118,26.26,66227,17941,79,47,7.53,20.45,15.55
Wheat,Clay,Rabi,Rainfed,6.1,6.9,124,65,49,3.54,48128,22665,70,54,7.36,24.46,28.24
Rice,Red,Kharif,Rainfed,5.7,7.7,138,64,69,4.83,52559,18714,88,57,5.02,23.04,17.02
Wheat,Loamy,Kharif,Rainfed,5.7,7.5,95,53,69,4.14,49407,21244,93,42,5.71,23.82,19.62
Groundnut,Loamy,Rabi,Rainfed,6.4,7.0,55,95,76,2.0,44324,56663,80,50,8.07,20.9,27.83
Rice,Clay,Zaid,Drip,6.0,6.5,111,80,50,4.73,57571,17068,89,33,5.43,34.67,17.83
Potato,Loamy,Rabi,Rainfed,5.6,7.7,246,111,121,21.68,59109,14775,85,44,6.8,20.25,23.31
Maize,Loamy,Kharif,Canal,6.5,7.5,121,52,55,5.69,36229,15087,60,59,7.28,20.33,25.12
Rice,Sandy,Zaid,Rainfed,5.9,7.2,101,48,62,5.69,38350,22140,86,20,7.16,25.13,29.92
Soybean,Red,Kharif,Rainfed,6.1,7.3,63,71,44,2.98,37913,42197,84,59,6.42,23.74,18.22
Tomato,Clay,Kharif,Canal,5.9,6.8,168,81,83,37.4,83081,17345,69,35,8.31,22.22,22.93
Wheat,Red,Rabi,Canal,6.0,7.7,122,70,56,2.74,40415,22089,95,60,6.5,30.6,19.35
Soybean,Sandy,Kharif,Sprinkler,5.6,6.6,73,68,53,2.8,30263,48387,90,37,8.78,22.78,16.35
Tomato,Sandy,Rabi,Canal,6.3,7.6,203,109,72,37.96,77914,15238,86,59,7.23,22.8,20.23
Rice,Clay,Kharif,Canal,6.2,7.4,106,72,54,2.85,44651,23678,69,51,6.22,23.79,19.3
Rice,Clay,Zaid,Sprinkler,5.7,7.2,122,74,52,4.98,58883,23429,92,39,5.84,28.99,29.21
Rice,Red,Zaid,Rainfed,6.4,7.4,127,77,58,3.01,55907,18072,61,47,6.39,23.1,28.33
Maize,Sandy,Kharif,Rainfed,5.9,7.4,171,80,51,5.71,28288,20594,82,28,6.62,21.37,24.88
Potato,Sandy,Zaid,Rainfed,6.0,7.2,233,97,119,20.98,74848,17165,94,28,8.84,24.23,23.64
Rice,Loamy,Rabi,Sprinkler,6.1,6.8,141,76,80,5.35,37952,17871,70,25,7.0,25.23,18.78
Potato,Sandy,Rabi,Rainfed,6.3,6.9,251,103,118,29.07,60168,12183,69,32,8.15,26.75,18.61
Potato,Red,Rabi,Sprinkler,5.6,7.6,221,140,88,24.81,60945,18295,94,34,5.79,34.28,29.3
Maize,Clay,Kharif,Drip,5.9,7.1,175,83,61,5.75,35269,21625,72,55,6.92,25.6,15.19
Potato,Sandy,Zaid,Drip,6.2,7.5,257,84,110,13.81,77850,16422,79,37,8.7,31.47,29.1
Wheat,Sandy,Zaid,Drip,6.2,6.6,127,45,64,2.13,33871,25678,82,26,8.23,22.95,27.27
Wheat,Sandy,Rabi,Rainfed,6.0,7.1,101,57,47,4.14,40162,18227,85,57,7.2,32.69,16.74
Potato,Sandy,Zaid,Canal,5.8,7.1,245,93,97,28.49,65273,16073,78,38,6.45,34.98,16.83
Cotton,Red,Kharif,Canal,5.9,7.8,165,64,76,3.38,52638,56610,68,20,5.29,20.23,26.86
Soybean,Black,Rabi,Canal,6.2,7.2,54,60,56,1.8,34050,47380,80,31,8.58,30.54,17.3
Rice,Sandy,Rabi,Canal,6.4,7.0,122,77,59,3.5,49505,18262,83,60,8.78,29.78,16.86
Maize,Loamy,Zaid,Canal,5.6,7.0,162,63,68,3.68,46362,19108,62,50,6.21,32.98,26.19
Tomato,Loamy,Kharif,Sprinkler,6.0,7.2,189,86,89,33.0,73610,11316,90,25,6.06,25.05,17.82
Tomato,Clay,Rabi,Drip,6.3,7.1,164,82,95,23.12,86567,14168,69,22,6.86,31.8,23.49
Soybean,Sandy,Kharif,Drip,5.9,6.6,76,90,77,2.83,44587,48569,69,42,6.65,22.84,16.13
Rice,Black,Rabi,Sprinkler,6.3,7.6,120,49,79,3.61,40109,22809,84,60,6.99,26.0,24.48
Rice,Black,Kharif,Sprinkler,5.7,6.6,137,51,72,2.56,53111,17348,76,40,6.92,27.81,27.68
Groundnut,Red,Rabi,Sprinkler,5.6,7.2,45,96,95,1.79,42088,54167,63,55,7.19,27.94,23.14
Capsicum,Black,Kharif,Sprinkler,5.8,7.3,232,114,109,19.75,106876,33162,94,38,6.32,20.13,17.9
Soybean,Loamy,Kharif,Sprinkler,6.5,7.2,65,99,71,1.55,30457,44572,90,52,8.93,21.34,22.08
Maize,Red,Kharif,Canal,5.6,6.9,171,53,62,6.12,44275,21167,85,55,5.4,32.33,15.63
Maize,Clay,Zaid,Sprinkler,6.0,6.8,152,66,65,6.57,28823,20165,89,34,7.09,25.76,29.53
Tomato,Red,Rabi,Drip,6.2,6.5,163,104,113,34.44,88306,10939,64,38,5.17,20.87,21.61
Soybean,Sandy,Zaid,Rainfed,5.9,6.8,63,62,54,2.75,25115,48204,82,50,5.56,26.52,26.24
Capsicum,Loamy,Rabi,Drip,6.2,7.4,193,106,85,16.86,62685,47644,68,30,6.94,31.8,19.63
Potato,Sandy,Zaid,Canal,6.1,7.2,195,98,118,15.43,64925,15220,69,33,8.41,21.98,15.18
Wheat,Clay,Zaid,Rainfed,5.9,7.4,104,64,51,2.55,34105,22636,79,53,5.04,33.53,27.3
Sugarcane,Clay,Rabi,Canal,5.9,7.6,289,130,81,46.08,98865,4058,71,50,6.05,27.17,24.05
Wheat,Sandy,Kharif,Rainfed,6.4,6.7,100,60,56,4.04,38780,22615,92,20,8.19,26.03,26.8
Tomato,Black,Zaid,Drip,6.0,7.4,218,79,86,16.86,53478,8586,63,45,5.26,32.16,23.27
Potato,Black,Rabi,Canal,5.7,6.8,248,90,140,24.35,77408,13813,92,56,8.15,23.7,26.1
Tomato,Clay,Kharif,Rainfed,6.0,7.7,233,102,90,22.47,87857,13462,84,42,7.88,20.46,29.98
Tomato,Black,Rabi,Canal,5.8,7.0,238,102,92,38.47,64786,12247,90,44,7.21,23.32,19.08
Cotton,Clay,Rabi,Rainfed,5.6,7.1,189,64,92,3.18,63081,61570,92,52,8.56,27.3,21.31
Maize,Clay,Rabi,Drip,5.9,6.7,162,83,58,4.61,40662,17098,77,44,5.16,26.45,20.69
Cotton,Red,Kharif,Canal,6.0,6.7,170,63,80,2.54,67785,50408,75,58,6.57,28.46,15.46
Wheat,Red,Kharif,Rainfed,6.5,7.2,101,55,50,3.88,35272,25101,84,25,7.62,25.92,25.26
Soybean,Loamy,Rabi,Rainfed,6.1,6.7,80,93,45,2.05,27398,37202,67,32,6.5,27.26,27.41
Capsicum,Sandy,Rabi,Drip,6.3,6.7,198,97,136,19.0,75664,43944,88,22,7.26,31.2,23.64
Tomato,Red,Kharif,Drip,5.8,6.8,200,116,72,28.08,51149,17458,87,44,5.68,22.27,27.6
Maize,Sandy,Kharif,Canal,6.2,6.8,120,50,42,6.96,32020,21230,62,30,7.43,33.87,27.55
Sugarcane,Loamy,Rabi,Canal,6.3,6.7,280,134,125,54.37,76187,2810,74,27,6.39,30.71,26.42
Groundnut,Clay,Zaid,Rainfed,5.5,7.4,70,67,90,1.96,42624,44654,68,30,6.96,23.65,16.32
Potato,Black,Rabi,Sprinkler,6.4,7.2,236,137,127,27.15,78936,15850,88,35,8.04,30.94,20.65
Wheat,Loamy,Zaid,Drip,6.2,6.8,112,59,66,4.84,34362,25587,74,24,7.67,20.76,15.57
Potato,Clay,Rabi,Canal,6.4,7.7,205,121,90,21.76,69812,13905,76,28,5.56,30.91,24.02
Capsicum,Loamy,Rabi,Rainfed,6.4,6.6,207,134,128,29.71,83180,20794,70,23,5.79,28.96,17.7
Groundnut,Black,Zaid,Rainfed,6.1,6.7,48,78,96,1.96,46815,43011,86,31,8.79,24.65,16.92
Wheat,Clay,Rabi,Sprinkler,6.1,7.6,110,50,47,4.43,40560,19954,74,27,5.95,22.89,17.55
Tomato,Clay,Rabi,Canal,5.7,6.7,231,114,108,19.08,87341,11099,88,54,6.21,31.13,20.43
Maize,Sandy,Kharif,Canal,5.8,7.6,127,78,60,6.94,31163,15988,67,55,6.46,29.05,28.12
Groundnut,Black,Rabi,Rainfed,5.9,7.6,57,66,89,2.53,30136,42238,67,25,7.14,30.5,21.56
Maize,Sandy,Kharif,Canal,5.6,6.7,134,53,41,4.15,30339,21505,84,44,6.54,29.66,22.94
Sugarcane,Loamy,Kharif,Drip,6.5,7.5,219,104,107,27.64,97956,3860,93,27,8.79,24.98,16.32
Rice,Clay,Zaid,Canal,6.0,6.8,104,73,75,4.57,51465,23004,76,41,6.18,32.08,16.79
Wheat,Clay,Rabi,Sprinkler,6.3,6.6,114,56,61,4.12,45755,23033,81,36,8.36,27.83,27.54
Rice,Loamy,Rabi,Drip,5.6,7.5,100,65,68,5.67,53311,22678,68,26,6.96,34.54,27.35
Groundnut,Red,Kharif,Drip,5.5,6.8,57,62,82,2.76,33519,54750,80,41,7.25,28.27,15.2
Maize,Loamy,Rabi,Rainfed,6.1,7.0,134,70,64,3.06,42276,20854,85,29,5.53,29.02,29.06
Potato,Red,Rabi,Drip,6.2,7.7,195,126,129,17.38,51118,19630,94,35,7.17,34.74,23.23
Tomato,Loamy,Zaid,Rainfed,5.9,7.3,192,92,88,23.07,64149,14168,66,59,8.24,21.76,26.98
Wheat,Clay,Zaid,Drip,5.8,6.9,109,61,48,2.01,44063,19849,68,26,7.97,34.06,24.95
Groundnut,Black,Zaid,Canal,6.4,7.0,69,91,100,1.96,47021,59673,83,24,7.34,30.05,20.2
Maize,Sandy,Rabi,Drip,5.8,6.8,136,66,72,3.51,40325,20106,92,41,7.77,29.66,29.76
Groundnut,Red,Rabi,Drip,6.2,6.6,48,95,93,2.11,46721,50851,80,31,6.41,29.47,16.26
Groundnut,Sandy,Kharif,Sprinkler,6.2,7.7,68,97,79,1.86,30766,42705,74,37,5.84,29.68,17.32
Rice,Loamy,Rabi,Rainfed,6.4,6.9,124,58,53,4.43,35621,17670,78,33,6.0,26.13,24.97
Tomato,Loamy,Rabi,Canal,5.7,7.1,210,120,82,36.11,83080,16113,82,26,7.73,24.31,15.34
Sugarcane,Loamy,Kharif,Canal,5.6,7.7,230,139,82,53.87,61518,3458,72,46,5.11,28.21,28.13
Sugarcane,Red,Zaid,Sprinkler,5.9,6.6,227,128,100,41.07,73148,4184,65,27,8.37,21.71,18.49
Potato,Sandy,Kharif,Drip,6.0,6.8,210,124,101,21.07,45666,14685,93,59,7.91,25.87,16.96
Soybean,Red,Zaid,Canal,6.5,6.8,71,91,44,2.13,32364,43031,63,51,6.75,34.9,20.91
Capsicum,Red,Zaid,Rainfed,6.0,7.2,170,109,103,17.22,84243,26780,92,25,8.78,31.26,21.58
Potato,Clay,Rabi,Canal,5.7,6.7,244,99,139,28.87,53551,19488,93,32,6.57,20.48,28.3
Wheat,Red,Kharif,Canal,6.1,6.7,94,40,60,4.29,34555,22114,78,38,6.52,34.89,20.7
Potato,Sandy,Kharif,Sprinkler,6.4,6.8,222,100,135,20.34,49331,17205,73,39,7.76,22.35,18.73
Cotton,Clay,Kharif,Sprinkler,6.5,7.0,166,83,94,2.84,49973,65978,80,33,5.48,24.13,28.77
Soybean,Sandy,Rabi,Drip,6.3,6.7,88,80,47,2.23,25902,45439,72,54,6.73,24.56,27.38
Potato,Sandy,Zaid,Sprinkler,5.7,6.5,239,127,103,14.88,50063,14080,70,47,8.06,33.02,17.58
Maize,Loamy,Rabi,Canal,6.4,6.7,134,61,51,6.34,37454,21288,62,40,5.58,27.79,26.41
Tomato,Clay,Kharif,Drip,5.6,6.9,184,107,74,30.73,53927,14059,80,26,7.37,34.7,29.36
Soybean,Loamy,Zaid,Rainfed,5.7,6.9,58,96,55,1.98,37220,43513,65,55,7.32,30.63,15.46
Capsicum,Sandy,Rabi,Canal,6.0,6.6,203,137,135,28.95,96532,47798,61,50,5.53,29.97,18.92
Soybean,Clay,Rabi,Canal,6.1,7.6,51,66,53,2.56,44908,48064,76,57,7.42,34.41,26.29
Tomato,Clay,Zaid,Drip,6.0,7.2,211,102,74,36.78,84020,12684,79,60,5.23,31.13,17.71
Capsicum,Clay,Rabi,Drip,6.4,6.8,197,134,109,14.56,85076,40516,64,38,6.58,32.66,15.77
Rice,Clay,Rabi,Sprinkler,5.9,7.0,146,64,61,4.26,59938,17333,64,43,5.25,21.05,16.39
Cotton,Loamy,Zaid,Sprinkler,6.3,7.6,155,77,75,3.11,59994,77400,61,25,5.51,22.2,23.84
Potato,Loamy,Rabi,Drip,6.5,7.7,235,87,132,19.63,67712,13554,63,39,5.61,21.33,20.39
Cotton,Black,Rabi,Drip,6.5,7.1,181,61,85,1.8,56856,64556,68,39,6.92,22.16,16.32
Rice,Black,Zaid,Rainfed,6.4,7.1,120,80,80,3.48,35698,19418,87,47,8.92,23.91,27.99
Sugarcane,Clay,Zaid,Drip,5.9,7.4,265,133,91,40.93,75562,2978,79,54,7.19,30.87,16.95
Wheat,Loamy,Kharif,Sprinkler,6.3,6.7,111,51,44,2.06,38738,20225,73,45,8.15,24.62,17.1
Potato,Loamy,Kharif,Sprinkler,5.9,6.8,225,84,97,12.64,67401,18948,85,25,6.66,29.04,22.57
Wheat,Clay,Zaid,Canal,5.5,6.8,96,58,48,3.54,38857,23892,84,53,8.01,21.55,25.17
Potato,Clay,Zaid,Rainfed,6.1,7.2,239,140,110,17.03,56273,14811,68,26,7.89,33.06,27.52
Tomato,Black,Zaid,Drip,6.4,7.3,213,109,84,30.97,56494,17894,83,50,6.16,27.96,24.05
Potato,Red,Zaid,Canal,6.4,6.8,215,139,128,17.62,79068,19866,76,24,8.63,28.62,28.77
Capsicum,Loamy,Kharif,Rainfed,5.7,7.1,240,112,116,10.95,107057,40770,79,38,8.21,23.76,27.67
Capsicum,Red,Rabi,Canal,5.9,7.1,176,84,98,11.03,119985,31032,85,55,8.24,21.35,20.89
Rice,Red,Kharif,Rainfed,5.8,6.7,130,43,51,4.65,59989,22149,71,29,7.6,33.0,20.54
Groundnut,Loamy,Rabi,Canal,6.0,7.8,59,95,87,2.38,34088,51932,81,54,5.2,34.82,27.34
Groundnut,Red,Rabi,Rainfed,5.6,6.7,50,97,67,2.31,33155,47139,91,49,6.18,27.17,25.12
Soybean,Clay,Zaid,Rainfed,6.1,7.4,81,82,70,2.52,39193,50104,73,51,7.67,23.71,26.88
Groundnut,Black,Kharif,Canal,6.2,6.5,46,60,93,1.42,38166,46905,92,49,7.8,29.82,19.11
Tomato,Red,Kharif,Canal,6.2,7.6,217,89,118,27.06,64777,13461,82,38,6.98,24.39,23.04
Cotton,Loamy,Zaid,Sprinkler,5.8,7.7,194,76,79,3.04,59060,74420,92,40,6.2,26.58,29.55
Tomato,Sandy,Kharif,Rainfed,5.8,7.3,215,77,101,32.24,54174,14830,85,25,8.96,26.65,27.16
Rice,Loamy,Kharif,Rainfed,5.6,7.8,143,72,74,4.67,59615,17484,78,37,6.63,27.91,22.89
Soybean,Loamy,Zaid,Canal,6.1,6.8,52,88,77,2.67,38828,35049,74,35,7.03,32.78,19.13
Capsicum,Clay,Kharif,Canal,5.7,6.6,163,108,120,12.27,118759,26726,93,32,7.34,22.95,25.38
Soybean,Loamy,Rabi,Rainfed,5.6,7.6,54,97,50,2.03,28373,47353,87,57,6.9,25.5,20.21
Rice,Sandy,Rabi,Sprinkler,6.0,7.4,107,64,55,5.91,57123,16614,67,48,6.42,22.41,22.01
Soybean,Clay,Kharif,Canal,6.3,7.4,53,73,69,2.76,41160,46401,63,41,8.69,28.12,19.29
Rice,Loamy,Rabi,Drip,6.5,6.5,147,50,70,3.22,53388,22339,67,47,8.21,33.6,16.08
Cotton,Red,Kharif,Rainfed,5.7,7.5,160,67,90,2.45,49847,76690,83,56,5.09,26.73,17.99
Sugarcane,Clay,Rabi,Sprinkler,5.5,7.2,274,121,92,25.97,76571,3741,94,40,6.31,28.61,27.92
Cotton,Loamy,Zaid,Sprinkler,5.8,7.6,145,65,76,2.28,67343,66879,87,38,8.49,29.89,21.97
Potato,Red,Zaid,Sprinkler,6.2,7.7,213,107,109,27.44,53054,17686,76,49,5.67,28.32,19.15
Wheat,Sandy,Zaid,Sprinkler,6.3,7.2,107,61,58,3.05,33551,25775,83,50,5.46,33.67,28.68
Tomato,Black,Zaid,Rainfed,6.3,7.1,235,102,75,19.31,75099,9620,64,48,5.3,25.44,16.16
Tomato,Sandy,Kharif,Canal,5.9,7.1,233,79,109,30.7,69087,12627,72,38,6.39,23.1,23.71
Soybean,Clay,Zaid,Sprinkler,5.5,7.4,65,96,73,2.38,32710,35081,82,22,8.76,32.99,27.33
Capsicum,Black,Zaid,Sprinkler,6.0,6.6,225,88,91,28.64,89251,21359,71,49,6.96,23.77,17.62
Groundnut,Black,Rabi,Canal,5.9,7.6,40,85,83,2.15,48513,60577,82,56,5.28,21.03,20.94
Sugarcane,Loamy,Rabi,Drip,5.6,7.3,262,87,106,44.95,92481,2908,90,33,8.69,27.84,21.5
Cotton,Loamy,Kharif,Rainfed,6.3,6.8,198,78,62,3.65,65814,51362,94,34,6.28,28.67,19.01
Capsicum,Loamy,Kharif,Drip,6.4,7.2,194,136,139,22.09,107185,42706,86,46,7.12,30.54,22.75
Soybean,Sandy,Rabi,Rainfed,6.0,7.5,71,96,75,1.73,36872,52951,87,29,6.2,21.82,27.26
Capsicum,Sandy,Rabi,Drip,6.0,6.9,216,98,102,19.88,70370,22596,80,36,6.45,22.18,15.79
Capsicum,Clay,Rabi,Canal,5.5,6.5,154,83,128,19.68,103627,38453,93,47,7.16,28.95,19.84
Wheat,Sandy,Kharif,Sprinkler,6.0,6.5,108,52,42,2.69,39099,18702,61,48,8.61,33.43,28.94
Potato,Black,Kharif,Drip,6.3,7.7,233,96,134,18.42,48479,18743,61,22,6.45,23.26,22.53
Maize,Red,Rabi,Drip,6.5,7.6,132,64,52,3.76,38637,19849,82,55,6.25,33.89,27.19
Cotton,Clay,Zaid,Canal,6.5,7.0,186,95,85,1.95,68237,69492,75,59,5.73,30.58,28.5
Tomato,Loamy,Zaid,Drip,5.6,7.5,198,88,80,30.23,50137,13452,95,49,8.73,22.34,23.55
Tomato,Red,Rabi,Canal,6.0,7.6,217,106,85,31.36,66142,12649,76,55,6.01,23.43,22.43
Soybean,Sandy,Zaid,Rainfed,5.9,7.4,50,66,69,2.4,31183,43068,88,32,7.41,22.3,27.9
Groundnut,Black,Zaid,Canal,5.7,7.0,76,68,91,2.72,42918,56610,64,39,5.42,23.15,29.55
Maize,Clay,Rabi,Canal,5.9,7.1,137,61,54,3.89,37388,20354,73,52,5.15,25.38,21.94
Rice,Sandy,Rabi,Rainfed,6.1,6.9,118,65,64,5.35,41539,21315,74,21,5.69,21.18,29.58
Maize,Black,Rabi,Rainfed,6.1,7.1,164,88,63,3.23,34892,18441,69,28,6.52,23.79,23.22
Cotton,Sandy,Rabi,Canal,6.2,6.7,166,80,73,3.39,58282,58623,63,55,7.66,25.13,28.97
Rice,Red,Zaid,Rainfed,6.0,7.7,150,62,56,5.25,48834,16726,82,20,5.56,34.7,24.1
Potato,Clay,Kharif,Sprinkler,5.8,7.0,211,115,97,14.6,77469,17734,72,40,8.36,33.78,28.05
Tomato,Red,Rabi,Drip,6.1,6.9,200,107,114,33.31,68974,9357,72,27,7.18,33.09,15.78
Soybean,Red,Zaid,Sprinkler,5.9,6.6,70,81,70,2.43,26654,48213,86,34,5.38,33.68,18.63
Potato,Loamy,Kharif,Drip,6.2,6.8,234,82,95,19.18,54079,14482,88,25,6.0,33.45,24.96
Groundnut,Black,Rabi,Canal,5.6,7.4,65,71,89,2.74,37434,60156,71,60,7.74,23.29,22.32
Tomato,Clay,Kharif,Rainfed,6.2,6.7,192,119,116,19.9,74442,9536,87,39,8.12,33.5,25.13
Wheat,Loamy,Zaid,Canal,6.3,6.9,103,56,45,3.17,37227,21920,86,32,7.25,33.24,15.42
Tomato,Red,Zaid,Canal,5.9,6.7,164,79,99,15.28,85742,16074,62,34,5.28,21.42,19.07
Rice,Black,Kharif,Sprinkler,5.9,6.9,146,80,69,4.02,37933,18686,95,47,5.15,31.69,29.98
Soybean,Loamy,Rabi,Rainfed,6.3,6.7,64,94,72,2.46,25604,54802,67,49,5.04,24.23,23.28
Capsicum,Clay,Rabi,Sprinkler,6.3,7.5,186,111,93,10.85,86628,23438,79,51,7.23,29.9,15.8
Potato,Black,Rabi,Drip,6.2,7.2,258,119,125,26.03,67450,17703,94,47,6.83,34.35,19.42
Tomato,Black,Kharif,Drip,5.8,6.9,215,97,83,19.62,69871,13340,91,29,8.4,28.65,28.24
Soybean,Sandy,Rabi,Drip,6.0,7.5,50,78,67,2.8,34316,51233,88,57,7.54,20.15,24.95
Cotton,Black,Rabi,Rainfed,6.0,7.4,169,89,86,1.99,62855,69773,93,54,7.41,22.52,24.4
Rice,Black,Rabi,Drip,6.4,6.8,126,66,62,3.66,39595,19804,63,27,5.79,32.16,19.36
Potato,Black,Kharif,Drip,6.5,7.5,248,82,128,21.05,77853,16293,83,33,6.62,25.4,17.12
Capsicum,Black,Zaid,Sprinkler,6.1,7.0,199,136,82,17.86,70717,46474,94,25,7.66,34.58,21.31
Cotton,Sandy,Rabi,Canal,6.0,7.5,188,74,77,2.23,58750,67988,93,60,6.13,21.96,17.25
Groundnut,Loamy,Rabi,Drip,5.9,7.3,49,69,93,2.28,36552,49519,92,28,7.46,34.28,22.64
Potato,Clay,Rabi,Canal,6.0,6.7,240,82,109,13.02,56898,16431,66,42,8.75,30.1,23.05
Soybean,Red,Zaid,Drip,6.4,6.8,69,70,57,2.55,27809,42551,68,45,5.48,21.51,20.87
Sugarcane,Loamy,Rabi,Canal,6.0,7.2,292,130,110,27.69,78980,3713,67,28,8.42,28.73,21.06
Wheat,Sandy,Rabi,Canal,6.3,7.2,131,55,56,4.01,42857,20069,92,43,6.68,30.42,19.63
Cotton,Sandy,Zaid,Canal,5.9,7.0,191,93,63,2.85,49118,72542,80,38,6.03,28.9,15.07
Potato,Red,Zaid,Canal,5.6,7.0,215,115,134,23.09,61921,19528,72,38,8.49,30.91,26.97
Soybean,Red,Kharif,Rainfed,6.4,7.3,81,72,79,2.49,35548,51056,83,60,5.81,33.49,28.21
Potato,Loamy,Zaid,Canal,5.6,6.6,206,109,122,15.62,75260,14554,81,22,8.77,29.28,24.56
Groundnut,Clay,Zaid,Canal,5.8,7.2,55,87,71,1.28,33887,46558,90,31,5.31,25.46,27.14
Potato,Loamy,Rabi,Canal,5.6,7.5,205,107,123,13.97,51519,19175,74,57,7.18,20.51,22.39
Maize,Sandy,Kharif,Canal,5.5,7.3,128,67,73,6.16,31244,17609,64,56,7.59,30.56,26.19
Sugarcane,Black,Zaid,Rainfed,5.6,7.4,286,89,105,52.05,88395,2879,94,41,8.82,31.78,19.83
Soybean,Red,Zaid,Sprinkler,5.9,7.7,80,92,44,2.94,40490,36807,75,54,6.05,21.45,29.58
Maize,Loamy,Kharif,Drip,6.0,7.2,145,55,60,3.98,47760,19855,63,53,8.33,34.77,20.33
Capsicum,Loamy,Zaid,Sprinkler,6.1,6.8,214,94,112,21.82,73659,42504,91,31,8.95,32.2,20.12
Potato,Red,Zaid,Rainfed,5.6,7.7,218,139,98,18.83,48217,13540,63,34,6.72,32.07,27.6
Groundnut,Black,Zaid,Rainfed,6.1,7.0,76,97,87,2.89,42586,58868,71,22,5.79,29.55,20.65
Potato,Red,Rabi,Rainfed,5.6,7.0,240,109,133,17.93,79241,13178,64,31,8.04,20.06,27.92
Tomato,Clay,Zaid,Canal,5.6,6.8,230,105,108,26.28,61415,8013,67,23,7.2,30.98,25.44
Rice,Black,Zaid,Drip,6.3,7.3,148,57,49,4.53,40811,16130,84,58,7.96,27.79,26.91
Rice,Red,Kharif,Sprinkler,6.2,7.4,125,79,64,5.98,36214,20121,83,39,6.77,25.68,18.53
Soybean,Loamy,Rabi,Drip,6.0,7.4,65,81,62,1.91,36498,38299,79,47,6.47,30.69,18.1
Tomato,Red,Kharif,Rainfed,5.7,7.4,200,97,98,33.2,61572,17307,61,39,8.48,33.78,25.83
Soybean,Clay,Kharif,Sprinkler,6.0,6.8,90,76,71,2.45,26535,50936,71,39,7.85,22.51,21.04
Capsicum,Red,Rabi,Sprinkler,6.5,7.8,184,107,84,22.57,70101,28856,94,28,6.01,30.24,20.92
Potato,Sandy,Rabi,Canal,6.3,6.8,236,80,93,26.24,51272,13091,79,26,7.33,22.0,17.38
Tomato,Sandy,Zaid,Sprinkler,6.0,7.3,224,94,88,17.23,68197,13603,85,31,7.71,32.67,23.61
Cotton,Loamy,Kharif,Rainfed,5.7,7.2,187,78,80,1.94,51600,64195,92,51,6.07,24.19,19.85
Groundnut,Black,Zaid,Canal,6.2,7.0,63,78,73,1.76,32992,41726,64,26,7.57,32.82,18.86
Rice,Red,Rabi,Canal,5.6,6.9,131,51,44,3.81,47261,16223,86,54,8.77,28.9,24.24
Sugarcane,Sandy,Kharif,Canal,5.5,6.7,247,104,126,52.64,63436,2978,75,38,6.46,27.44,22.47
Maize,Sandy,Rabi,Rainfed,5.6,7.7,138,70,56,3.93,33518,15879,77,54,5.31,27.7,27.15
Soybean,Loamy,Zaid,Rainfed,6.5,7.6,89,87,41,2.55,33459,51347,65,26,6.72,33.58,17.12
Capsicum,Red,Kharif,Canal,5.9,7.7,150,126,118,25.19,105717,20694,71,47,8.07,33.95,17.71
Sugarcane,Red,Kharif,Sprinkler,6.1,7.6,218,89,121,36.19,87790,4043,74,48,5.13,28.99,29.46
Tomato,Red,Rabi,Drip,6.2,6.9,178,91,83,20.49,86038,11881,64,33,8.77,24.76,20.83
Sugarcane,Red,Kharif,Canal,6.2,7.3,271,132,121,47.3,78017,3653,62,50,6.16,33.61,22.57
Maize,Sandy,Rabi,Canal,5.5,7.4,140,52,56,5.42,34118,14645,66,28,5.55,23.34,28.57
Sugarcane,Red,Kharif,Sprinkler,5.8,6.7,249,99,96,29.57,92711,3863,84,23,5.02,22.01,21.01
Potato,Loamy,Kharif,Drip,5.6,7.5,227,82,128,21.0,78416,16789,90,59,5.62,23.1,19.14
Rice,Clay,Zaid,Rainfed,5.7,7.1,149,50,65,4.18,44941,21951,72,23,5.14,33.62,18.68
Maize,Loamy,Kharif,Drip,6.5,6.7,144,73,76,6.11,47838,14686,62,20,6.84,34.56,29.78
Capsicum,Black,Kharif,Sprinkler,5.9,6.7,237,90,98,25.61,65787,26778,69,40,7.59,34.15,25.6
Groundnut,Red,Rabi,Rainfed,5.5,7.5,42,91,98,2.66,33493,43881,92,28,5.56,29.72,27.44
Capsicum,Clay,Kharif,Drip,6.0,6.9,208,115,103,23.88,73200,20804,92,57,7.15,32.94,24.49
Maize,Sandy,Rabi,Rainfed,6.0,7.8,138,72,78,3.37,46718,14142,67,44,6.11,31.67,15.9
Potato,Sandy,Rabi,Drip,5.7,6.8,207,135,133,14.16,55658,13469,81,45,8.35,20.2,25.61
Groundnut,Red,Zaid,Canal,6.2,7.1,54,74,97,2.28,32069,60044,69,51,7.88,29.32,29.46
Rice,Clay,Kharif,Drip,5.9,6.6,108,42,73,5.87,37534,22303,66,55,5.89,23.33,17.88
Sugarcane,Black,Kharif,Drip,5.8,7.7,221,92,102,52.21,62902,3482,67,33,6.47,34.75,25.06
Sugarcane,Clay,Rabi,Sprinkler,5.8,7.1,286,123,117,56.42,78856,3208,77,20,5.13,33.36,18.87
Wheat,Sandy,Kharif,Drip,5.6,7.6,107,63,65,3.41,40283,23386,63,40,7.3,23.86,18.89
Cotton,Clay,Zaid,Rainfed,5.7,7.6,180,62,86,2.48,59406,76424,76,60,8.55,33.69,26.61
Tomato,Black,Rabi,Rainfed,5.7,6.6,165,84,104,33.88,74820,16779,62,43,6.05,27.83,28.89
Groundnut,Red,Zaid,Canal,6.2,7.3,57,91,82,1.97,43164,58016,83,60,8.57,31.04,22.78
Cotton,Clay,Kharif,Rainfed,5.8,7.0,186,62,61,3.5,63971,68758,89,34,5.47,24.77,28.09
Wheat,Black,Rabi,Drip,6.3,7.5,139,47,45,2.9,41400,24899,94,26,6.47,23.47,22.79
Cotton,Loamy,Rabi,Rainfed,6.2,7.2,172,65,100,3.14,58275,50075,91,31,9.0,24.36,22.28
Rice,Red,Kharif,Drip,6.4,6.8,100,55,66,3.03,49134,21990,89,24,5.29,24.46,24.16
Potato,Red,Rabi,Drip,5.6,7.0,251,113,82,12.26,79022,17964,82,29,5.66,27.44,22.2
Tomato,Sandy,Rabi,Canal,5.9,7.5,169,90,75,29.5,81479,12578,75,23,7.15,29.61,29.87
Tomato,Clay,Kharif,Canal,5.9,7.4,172,99,96,15.98,84405,15529,82,55,8.12,21.89,26.69
Sugarcane,Loamy,Rabi,Rainfed,6.2,7.2,259,89,119,45.38,93998,3194,94,33,6.54,30.53,29.93
Tomato,Loamy,Kharif,Sprinkler,5.7,6.9,160,102,81,27.07,77262,15810,79,49,6.92,31.7,19.64
Maize,Red,Rabi,Sprinkler,6.3,7.6,170,85,70,6.68,39764,16655,76,59,8.91,31.63,25.77
Capsicum,Loamy,Rabi,Sprinkler,6.5,7.0,183,113,123,11.52,61489,31331,75,48,6.39,25.41,20.83
Wheat,Sandy,Zaid,Drip,5.6,7.2,95,67,54,2.96,38178,22528,64,32,7.26,32.16,23.68
Soybean,Clay,Kharif,Canal,5.6,7.2,53,84,48,1.55,43270,44346,90,42,5.82,22.82,27.84
Rice,Red,Zaid,Drip,5.8,7.3,134,56,79,2.85,54095,17958,91,55,7.44,25.56,19.59
Rice,Black,Zaid,Rainfed,5.9,7.2,132,67,45,3.61,37600,23418,80,28,8.16,26.35,26.03
Groundnut,Sandy,Rabi,Sprinkler,5.8,7.6,43,73,86,2.22,30410,50865,66,32,5.84,21.08,19.72
Potato,Red,Zaid,Sprinkler,6.3,6.6,210,115,89,22.78,64430,18644,86,43,8.74,21.35,29.28
Wheat,Red,Zaid,Drip,6.0,7.3,104,50,50,2.63,32902,23788,62,25,5.77,32.24,27.82
Maize,Clay,Rabi,Canal,6.5,7.3,156,66,73,5.85,29226,19852,73,46,7.16,27.68,21.0
Maize,Red,Rabi,Drip,5.9,7.1,174,53,47,4.66,38752,20202,89,38,8.12,32.29,22.95
Groundnut,Sandy,Rabi,Sprinkler,5.8,7.8,52,94,83,2.22,45142,46755,85,37,8.64,22.19,25.12
Maize,Sandy,Rabi,Rainfed,6.1,7.0,173,65,65,4.99,29955,20563,62,48,6.61,29.93,19.37
Capsicum,Loamy,Rabi,Drip,6.0,7.5,222,104,115,19.0,106144,29096,71,50,5.78,21.67,25.1
Groundnut,Loamy,Rabi,Drip,6.4,6.6,44,60,87,1.64,45232,57095,61,36,8.57,27.77,20.58
Capsicum,Sandy,Rabi,Sprinkler,5.5,6.6,197,132,91,17.32,71347,49835,88,30,8.32,29.47,26.94
Sugarcane,Red,Rabi,Sprinkler,5.7,7.7,233,126,118,36.63,98304,3286,90,34,7.35,21.24,19.89
Sugarcane,Sandy,Zaid,Rainfed,5.8,7.3,267,138,118,54.43,75388,3776,78,20,6.72,21.08,17.44
Wheat,Black,Zaid,Sprinkler,6.1,7.8,129,43,57,4.16,31608,23169,77,28,6.06,28.8,29.38
Groundnut,Red,Zaid,Canal,6.1,7.4,66,72,72,1.6,32744,44360,80,27,7.93,23.25,19.11
Rice,Sandy,Rabi,Rainfed,6.4,7.2,126,70,68,4.16,37116,21044,88,56,6.8,28.24,20.15
Capsicum,Clay,Zaid,Canal,5.7,7.0,238,107,83,10.96,86578,40201,77,47,6.44,22.2,23.58
Groundnut,Loamy,Kharif,Rainfed,6.2,7.5,75,61,77,1.38,38755,46017,82,20,7.39,20.67,26.57
Maize,Loamy,Kharif,Drip,6.0,7.0,149,75,73,5.72,38533,14423,92,50,5.94,28.51,22.27
Rice,Black,Rabi,Canal,5.7,7.7,103,43,60,4.67,57129,21731,74,30,8.65,27.25,21.44
Soybean,Sandy,Rabi,Drip,5.9,6.5,73,92,57,2.56,43377,49630,83,34,5.3,30.78,17.33
Maize,Loamy,Kharif,Sprinkler,5.7,6.6,140,71,70,6.35,28941,20046,95,58,5.65,27.74,29.6
Tomato,Black,Rabi,Drip,5.9,7.3,222,107,74,22.86,73597,11250,71,40,8.45,21.99,25.56
Soybean,Clay,Kharif,Sprinkler,5.9,7.7,62,90,61,1.9,37157,51669,72,34,6.36,28.73,25.86
Wheat,Clay,Rabi,Drip,5.8,6.6,94,44,62,2.34,37253,21056,83,45,6.33,32.42,19.9
Cotton,Sandy,Kharif,Sprinkler,6.1,6.9,147,68,84,1.67,51796,65810,68,37,8.91,22.86,20.42
Tomato,Loamy,Kharif,Rainfed,6.0,7.6,187,117,95,25.49,75660,9999,77,57,5.93,28.66,21.67
Rice,Red,Zaid,Rainfed,6.1,7.4,109,63,55,4.33,51170,20043,87,20,6.91,31.38,24.66
Soybean,Black,Kharif,Drip,6.3,7.4,55,69,57,1.55,39824,36747,73,23,8.16,33.68,21.36
Potato,Red,Zaid,Sprinkler,6.2,7.2,249,93,108,24.77,69990,19724,87,21,8.94,23.09,28.1
Wheat,Red,Kharif,Canal,6.1,7.7,132,68,62,3.45,35973,21776,70,32,8.68,29.47,15.84
Wheat,Sandy,Kharif,Canal,6.3,7.1,118,66,59,2.66,37396,22664,85,28,6.84,33.54,25.73
Tomato,Clay,Rabi,Drip,6.5,7.3,175,99,102,22.3,77168,10074,77,22,7.19,28.38,24.72
Groundnut,Loamy,Rabi,Drip,6.4,7.1,79,60,69,1.23,45798,49282,81,20,7.93,32.68,25.4
Tomato,Sandy,Rabi,Rainfed,6.5,7.2,216,88,94,34.42,52345,9465,67,44,6.67,28.54,26.32
Maize,Loamy,Zaid,Drip,5.9,7.7,133,77,63,4.05,28595,14158,74,26,8.71,31.67,19.35
Sugarcane,Loamy,Kharif,Rainfed,6.0,7.5,238,133,115,58.77,62421,3602,81,21,6.13,25.04,23.6
Maize,Loamy,Rabi,Rainfed,5.7,7.5,168,63,70,5.09,33063,19298,88,41,7.73,30.04,25.66
Groundnut,Sandy,Zaid,Rainfed,6.4,6.6,48,80,94,1.92,48403,46971,95,37,7.81,34.14,25.19
Groundnut,Sandy,Kharif,Canal,6.3,7.2,73,90,95,2.04,47588,50055,82,38,6.55,29.0,22.6
Soybean,Loamy,Rabi,Rainfed,5.6,7.4,75,71,43,1.51,27323,36854,71,59,6.41,27.06,18.28
Wheat,Clay,Zaid,Sprinkler,5.7,7.8,116,53,58,3.1,43876,21401,95,51,7.95,22.33,15.91
Capsicum,Clay,Zaid,Canal,6.4,6.9,217,95,132,21.86,74216,27080,60,57,7.76,26.67,27.12
Soybean,Black,Rabi,Rainfed,6.0,7.2,56,64,41,2.37,36023,54234,63,35,7.58,25.39,22.58
Cotton,Sandy,Zaid,Sprinkler,5.6,6.8,170,75,100,2.91,60981,60522,78,22,7.7,33.88,18.6
Sugarcane,Red,Kharif,Canal,6.1,7.5,235,130,81,54.55,95030,3239,67,60,6.29,34.02,25.71
Soybean,Loamy,Rabi,Drip,6.2,7.3,57,60,76,2.58,32154,53637,79,39,6.79,23.44,18.43
Cotton,Clay,Zaid,Drip,6.0,6.9,142,89,99,3.88,56734,77226,87,35,8.36,28.37,25.94
Maize,Red,Zaid,Rainfed,6.2,7.7,173,63,58,3.77,38220,17095,94,56,6.53,28.38,29.43
Sugarcane,Black,Zaid,Rainfed,5.8,7.2,226,86,98,36.16,98809,3904,78,53,6.37,26.19,20.47
Maize,Sandy,Rabi,Rainfed,5.6,6.7,134,69,48,6.26,31004,18404,95,49,5.54,27.03,19.37
Maize,Red,Rabi,Canal,6.3,6.7,141,53,42,3.45,38437,16277,88,43,5.95,27.02,25.4
Wheat,Black,Zaid,Drip,6.3,6.8,107,52,49,4.94,45676,24905,93,20,8.96,23.23,27.72
Sugarcane,Loamy,Zaid,Rainfed,5.6,6.6,252,109,116,31.93,64441,3171,67,31,6.21,33.12,28.41
Potato,Loamy,Kharif,Sprinkler,5.8,6.8,252,134,87,16.08,65188,19150,94,50,8.53,25.41,16.57
Tomato,Red,Rabi,Canal,5.6,6.6,206,76,100,16.59,71563,12747,81,58,5.91,27.7,21.86
Groundnut,Clay,Rabi,Sprinkler,6.2,7.7,61,64,60,1.79,49801,49642,90,31,6.98,27.97,17.58
Tomato,Clay,Zaid,Drip,5.6,6.6,224,90,118,35.1,79936,16836,75,35,5.58,33.79,29.49
Wheat,Loamy,Zaid,Sprinkler,5.8,7.3,122,40,64,3.65,47361,23658,68,49,5.11,21.68,23.56
Maize,Sandy,Zaid,Rainfed,6.0,7.0,151,70,76,4.96,31281,19873,74,56,8.47,23.99,20.23
Wheat,Black,Kharif,Rainfed,5.8,6.9,113,51,46,3.87,43616,24659,66,36,7.44,21.83,18.08
Soybean,Red,Kharif,Drip,5.9,7.8,59,88,73,2.61,42824,50046,76,38,7.28,27.13,17.3
Capsicum,Sandy,Zaid,Canal,5.6,7.1,188,83,124,25.13,65222,43475,69,47,6.86,32.02,20.19
Groundnut,Red,Kharif,Sprinkler,6.0,7.1,71,60,71,2.84,49497,63352,71,28,5.2,22.73,23.76
Capsicum,Red,Rabi,Rainfed,6.0,6.8,173,92,115,25.52,104371,28193,78,32,6.48,33.71,29.89
Groundnut,Clay,Zaid,Canal,5.6,7.7,67,93,77,2.72,45866,48028,60,59,7.72,22.03,29.98
Sugarcane,Sandy,Zaid,Rainfed,6.4,6.6,266,100,104,45.49,87708,4076,62,24,8.18,23.2,23.17
Potato,Loamy,Rabi,Sprinkler,6.1,7.4,203,137,118,22.75,59223,17547,76,29,8.96,32.04,21.67
Rice,Loamy,Rabi,Sprinkler,5.6,7.0,131,69,56,5.62,42072,16951,94,33,7.92,20.9,17.17
Rice,Loamy,Kharif,Canal,6.0,6.8,136,49,69,5.67,49852,20295,67,34,6.24,29.15,20.79
Capsicum,Loamy,Rabi,Canal,6.3,7.3,192,130,123,13.83,107473,46963,66,37,7.72,20.57,28.39
Sugarcane,Clay,Kharif,Drip,5.8,7.5,287,133,94,49.39,86013,3751,66,58,7.94,25.76,22.51
Sugarcane,Red,Kharif,Drip,5.8,7.6,204,106,108,30.06,73191,3223,67,46,5.39,33.61,29.55
Rice,Red,Rabi,Sprinkler,6.1,7.3,107,77,50,2.6,55704,18024,68,46,6.61,31.57,18.37
Tomato,Loamy,Zaid,Rainfed,5.7,7.5,164,89,74,38.1,52752,11050,89,33,8.89,27.44,27.02
Rice,Loamy,Rabi,Sprinkler,6.4,7.1,129,73,63,4.94,50365,20475,87,53,5.42,22.96,24.43
Sugarcane,Black,Zaid,Sprinkler,6.4,7.8,245,137,120,58.6,81209,3063,64,37,5.14,22.47,27.8
Cotton,Black,Rabi,Drip,6.0,6.9,199,99,78,3.83,67498,56430,85,38,8.89,23.73,25.96
Sugarcane,Black,Rabi,Rainfed,6.2,7.7,238,133,129,38.17,82936,2850,83,44,7.54,31.9,23.53
Sugarcane,Clay,Kharif,Sprinkler,6.3,6.9,204,110,101,48.15,92301,3407,69,47,8.43,29.25,19.64
Cotton,Black,Zaid,Canal,5.7,7.6,177,73,90,2.84,52456,51718,62,22,6.47,32.85,29.58
Maize,Red,Rabi,Sprinkler,5.7,7.3,131,79,61,6.06,47236,17050,61,51,6.96,26.25,26.75
Groundnut,Red,Zaid,Rainfed,5.9,7.3,63,64,76,1.27,38668,45574,72,57,6.11,23.59,19.18
Wheat,Clay,Kharif,Sprinkler,5.9,7.3,133,49,42,4.72,44534,24970,75,53,8.51,28.93,29.13
Rice,Clay,Kharif,Drip,5.7,6.9,101,75,61,3.52,53717,22539,89,36,6.83,31.83,22.06
Potato,Red,Kharif,Sprinkler,6.2,6.8,207,102,122,29.82,56622,14032,79,39,8.42,33.83,28.98
Wheat,Sandy,Kharif,Sprinkler,5.5,7.4,100,64,63,3.22,36299,19600,76,27,8.15,22.94,25.74
Cotton,Loamy,Kharif,Rainfed,6.1,7.3,184,77,67,3.71,59588,50103,90,36,5.75,29.71,24.87
Maize,Red,Zaid,Canal,6.2,7.4,154,74,80,3.76,43943,20450,86,45,6.84,22.67,17.14
Groundnut,Red,Kharif,Rainfed,5.9,7.2,76,81,84,1.89,34512,55802,84,33,6.13,32.37,24.19
Groundnut,Loamy,Rabi,Canal,5.7,6.7,52,61,77,2.91,45619,40976,66,27,5.95,23.36,17.85
Soybean,Clay,Rabi,Sprinkler,6.5,7.8,84,100,56,1.98,32682,53081,82,24,6.6,33.65,23.5
Potato,Clay,Rabi,Drip,6.1,7.7,260,88,94,12.78,78633,14679,80,34,5.14,27.81,17.93
Cotton,Clay,Kharif,Sprinkler,6.2,6.8,182,83,93,2.82,56453,71000,60,40,8.63,29.53,15.43
Groundnut,Black,Rabi,Rainfed,6.4,7.2,42,84,67,2.86,38673,61700,80,22,5.48,21.77,29.25
Sugarcane,Loamy,Kharif,Canal,6.4,6.6,298,112,111,51.12,66976,3753,93,24,6.07,27.49,18.76
Cotton,Loamy,Kharif,Sprinkler,6.2,7.6,160,99,74,2.55,67130,76866,79,30,6.97,25.49,18.02
Rice,Sandy,Kharif,Sprinkler,6.2,6.8,144,69,72,3.78,54185,20907,80,45,5.03,27.75,21.18
Potato,Black,Kharif,Canal,6.1,7.0,248,107,117,20.49,47971,12302,75,21,8.8,27.99,24.5
Tomato,Sandy,Zaid,Sprinkler,6.2,6.6,231,77,99,29.87,65436,13065,81,33,8.38,31.02,29.56
Capsicum,Black,Kharif,Canal,6.2,6.9,171,131,96,12.29,95737,33267,61,42,5.33,32.12,25.11
Tomato,Sandy,Zaid,Canal,5.6,7.5,207,105,101,35.41,84719,11819,86,21,8.9,27.8,17.93
Rice,Sandy,Kharif,Drip,5.6,6.9,140,47,44,4.32,44093,20569,83,46,8.65,27.45,18.16
Cotton,Black,Zaid,Sprinkler,6.4,6.5,170,86,65,1.65,58622,77874,78,32,6.32,27.21,28.11
Capsicum,Loamy,Rabi,Drip,5.7,7.3,156,83,135,24.73,97505,25351,63,27,5.04,28.33,17.8
Sugarcane,Clay,Rabi,Drip,6.3,6.9,214,137,111,49.93,60001,3981,87,45,6.66,30.94,26.31
Groundnut,Sandy,Zaid,Canal,5.7,7.0,61,79,95,1.2,37014,64228,72,50,6.16,21.48,20.95
Potato,Red,Rabi,Canal,6.5,6.8,197,113,110,28.18,56318,16718,92,20,7.09,27.19,22.13
Groundnut,Sandy,Zaid,Drip,5.7,7.2,62,93,80,2.2,48064,45484,64,46,8.9,33.87,24.88
Rice,Red,Zaid,Drip,6.2,6.7,137,69,78,5.38,43401,18875,60,60,5.91,31.94,27.26
Tomato,Sandy,Zaid,Canal,5.7,7.5,162,75,77,25.74,68957,14035,94,48,6.29,25.57,26.98
Sugarcane,Sandy,Zaid,Canal,5.6,6.7,267,133,131,58.8,66031,3332,71,22,8.75,29.19,21.98
Capsicum,Red,Kharif,Drip,6.3,7.2,232,91,125,21.04,92892,49710,68,28,5.55,28.62,15.08
Groundnut,Loamy,Zaid,Canal,5.5,7.4,40,69,75,2.17,45554,56603,87,42,8.55,32.95,29.91
Maize,Loamy,Rabi,Rainfed,6.4,6.8,162,83,67,5.59,40482,19588,66,38,7.09,30.48,16.93
Capsicum,Red,Kharif,Drip,5.7,7.0,197,89,103,14.7,106572,22581,71,43,8.19,23.88,23.16
Maize,Red,Kharif,Sprinkler,5.7,7.7,122,67,73,6.74,44240,21888,83,22,5.07,28.38,20.57
Sugarcane,Clay,Zaid,Drip,5.5,7.0,282,97,109,42.48,89607,3881,90,39,5.21,34.36,17.96
Groundnut,Clay,Rabi,Canal,6.0,7.1,80,99,77,2.62,41814,49146,94,47,8.35,34.14,29.72
Wheat,Sandy,Rabi,Rainfed,5.8,7.5,97,40,54,2.64,33668,25141,80,20,7.11,24.69,15.8
Wheat,Loamy,Kharif,Drip,6.2,6.9,123,61,58,4.36,40396,21137,87,50,7.28,23.7,29.03
Tomato,Loamy,Kharif,Sprinkler,6.1,7.5,199,88,81,31.25,62108,9682,83,39,5.94,34.35,19.8
Sugarcane,Black,Zaid,Rainfed,5.8,7.5,202,119,84,53.1,83244,3245,63,37,6.71,21.97,22.03
Maize,Loamy,Kharif,Canal,6.4,7.1,152,64,70,6.23,40462,16924,72,60,6.32,21.3,15.19
Tomato,Loamy,Zaid,Canal,6.3,7.4,196,72,73,31.47,80957,8903,74,58,7.81,28.32,17.51
Wheat,Clay,Rabi,Drip,5.7,7.7,90,41,50,2.36,36366,19596,69,51,8.46,22.86,19.46
Potato,Sandy,Kharif,Drip,5.6,7.1,216,131,86,27.55,54890,17874,88,43,5.69,32.08,19.6
Potato,Red,Rabi,Drip,6.3,7.1,193,104,97,21.19,68985,17164,74,20,5.1,28.38,26.67
Rice,Sandy,Zaid,Rainfed,6.3,7.6,131,78,48,4.7,55039,22421,82,25,7.77,33.2,28.84
Soybean,Black,Kharif,Rainfed,6.1,7.4,89,85,77,2.15,32514,40951,82,53,6.78,24.59,15.88
Groundnut,Clay,Kharif,Canal,6.2,6.8,46,89,89,2.37,49356,52717,75,30,5.91,25.05,28.48
Soybean,Loamy,Zaid,Drip,5.8,7.4,71,97,72,2.88,40346,50661,79,24,7.07,29.26,22.71
Potato,Sandy,Zaid,Sprinkler,6.0,6.6,197,115,108,12.63,65360,16699,95,32,8.4,23.11,15.4
Wheat,Black,Kharif,Drip,5.9,7.6,118,46,61,3.64,45507,18165,87,30,7.75,29.26,25.04
Capsicum,Clay,Rabi,Canal,5.6,7.4,214,101,117,20.51,111357,37426,86,21,6.59,26.25,18.78
Soybean,Black,Zaid,Rainfed,6.2,7.1,53,61,70,1.91,35498,51430,85,41,8.91,31.0,27.0
Groundnut,Sandy,Rabi,Drip,6.1,7.3,62,75,91,1.83,41467,59854,67,47,8.3,32.39,16.45
Groundnut,Clay,Zaid,Sprinkler,6.4,7.6,48,71,92,2.83,47992,42600,68,29,8.58,23.25,26.8
Wheat,Black,Zaid,Rainfed,6.1,7.4,104,47,53,2.39,49593,24036,76,41,6.52,26.62,18.37
Groundnut,Sandy,Zaid,Sprinkler,6.2,7.5,45,71,100,1.27,37315,40524,84,20,8.78,28.43,16.49
Sugarcane,Clay,Kharif,Sprinkler,6.3,7.2,235,105,124,33.05,86285,3157,74,41,7.29,22.29,25.42
Groundnut,Sandy,Kharif,Drip,6.2,7.1,55,100,95,2.47,41274,52229,61,50,5.85,22.08,22.1
Tomato,Clay,Rabi,Drip,6.3,6.7,188,110,112,32.32,88745,14843,88,52,7.83,26.12,21.8
Rice,Clay,Kharif,Drip,6.3,7.5,132,42,45,3.95,58961,20427,79,38,5.55,28.69,19.21
Groundnut,Clay,Kharif,Drip,6.4,7.5,44,81,87,2.08,46838,41167,61,46,6.85,22.92,21.47
Rice,Loamy,Zaid,Sprinkler,6.0,7.6,144,66,68,5.56,43082,17348,72,50,7.29,26.21,24.83
Soybean,Loamy,Kharif,Sprinkler,6.4,6.5,79,65,63,1.59,31281,53730,80,60,8.73,29.65,25.09
Sugarcane,Red,Rabi,Canal,6.3,6.8,212,92,91,41.22,85302,2989,65,55,7.84,23.14,26.52
Sugarcane,Red,Kharif,Drip,5.9,6.6,299,117,91,40.78,67993,3929,81,23,6.76,27.4,19.33
Potato,Clay,Kharif,Canal,5.7,6.8,224,90,112,28.09,46856,18249,68,27,8.93,21.6,16.33
Groundnut,Red,Rabi,Canal,6.0,6.8,75,69,60,2.74,37399,51851,65,24,8.27,25.75,18.52
Wheat,Sandy,Kharif,Drip,5.9,7.8,126,65,64,3.52,34664,24089,62,52,7.59,21.15,20.51
Maize,Clay,Kharif,Rainfed,6.4,6.5,170,62,76,4.29,32417,16105,66,25,5.98,32.61,28.22
Cotton,Red,Zaid,Sprinkler,5.6,7.1,159,61,74,1.88,66324,66044,61,33,5.76,34.88,15.5
Sugarcane,Loamy,Kharif,Rainfed,5.9,7.3,247,122,102,55.91,91965,3253,78,47,5.9,29.88,28.79
Maize,Red,Zaid,Rainfed,5.9,7.8,173,62,67,6.27,45233,15180,67,40,7.0,29.61,23.91
Sugarcane,Red,Rabi,Drip,5.6,7.4,236,130,92,44.98,60506,4036,68,48,5.17,25.67,16.07
Potato,Clay,Rabi,Canal,5.7,6.6,243,98,112,23.06,73927,12210,62,38,7.85,27.76,25.14
Potato,Sandy,Kharif,Sprinkler,6.5,6.7,193,123,100,13.62,66535,12418,81,49,8.81,28.19,15.62
Maize,Black,Rabi,Drip,6.3,7.4,138,64,64,4.31,28692,20875,88,48,6.91,21.95,24.86
Cotton,Clay,Rabi,Rainfed,6.3,6.7,193,100,96,1.5,54954,68591,76,55,8.69,27.56,29.71
Rice,Clay,Zaid,Rainfed,6.2,7.3,124,44,51,5.93,42735,23116,77,49,5.72,29.81,27.67
Groundnut,Clay,Zaid,Rainfed,6.4,7.7,54,60,86,2.16,39184,43331,78,54,6.76,27.44,25.6
Groundnut,Sandy,Kharif,Drip,5.9,7.0,74,97,69,1.54,49551,58078,67,59,8.11,25.81,24.49
Sugarcane,Clay,Rabi,Canal,6.0,6.9,200,100,110,26.91,70669,3146,62,21,8.04,32.41,15.05
Tomato,Loamy,Kharif,Canal,6.2,7.5,172,74,116,38.8,65140,14561,93,56,8.4,25.88,16.31
Rice,Clay,Kharif,Sprinkler,6.3,7.2,110,57,75,5.54,41841,22665,93,43,7.63,32.54,29.7
Groundnut,Clay,Zaid,Rainfed,5.7,7.2,60,68,96,2.71,38289,54987,74,46,6.21,29.96,24.81
Sugarcane,Clay,Kharif,Sprinkler,6.4,7.1,271,93,140,50.32,94634,3481,92,40,5.91,21.37,23.51
Rice,Red,Rabi,Canal,5.9,7.7,123,40,48,2.64,58617,17719,85,25,8.05,23.99,21.77
Wheat,Clay,Kharif,Sprinkler,6.3,7.6,133,69,45,3.38,46896,25950,89,24,6.48,29.89,19.02
Capsicum,Black,Zaid,Rainfed,5.7,6.6,169,83,100,16.89,115613,36487,81,51,5.15,21.34,29.32
Tomato,Loamy,Zaid,Drip,5.8,7.0,198,103,80,31.49,87348,15352,93,52,7.61,31.38,27.81
Cotton,Red,Rabi,Rainfed,5.7,7.3,168,85,80,1.77,59632,64178,70,35,5.11,26.97,18.62
Potato,Loamy,Kharif,Sprinkler,6.4,7.3,182,138,107,26.38,61769,13065,64,50,6.22,27.6,25.23
Potato,Black,Rabi,Sprinkler,5.7,7.7,219,87,91,24.37,56322,17185,62,59,5.29,33.58,15.65
Soybean,Sandy,Zaid,Sprinkler,6.0,7.4,89,73,65,2.85,29789,48227,70,43,5.25,22.48,22.89
Cotton,Sandy,Zaid,Sprinkler,5.8,7.6,180,60,95,3.72,59588,57892,60,29,7.31,31.36,24.49
Maize,Red,Rabi,Rainfed,6.2,7.0,168,77,58,3.46,41104,14034,82,43,6.13,29.29,23.25
Wheat,Clay,Zaid,Sprinkler,6.1,6.7,105,60,48,3.99,30074,24499,64,20,5.08,33.0,20.61
Rice,Black,Rabi,Sprinkler,5.7,7.5,110,58,72,4.03,44552,23698,80,37,7.79,26.09,23.52
Soybean,Black,Rabi,Sprinkler,6.3,7.4,78,95,80,2.1,32853,51618,62,38,6.15,22.97,18.23
Potato,Loamy,Kharif,Drip,5.9,6.6,233,99,91,24.0,49914,12739,87,39,5.96,29.22,22.94
Potato,Loamy,Kharif,Rainfed,6.2,6.6,197,113,119,20.1,48305,18138,95,54,5.87,33.12,20.32
Rice,Black,Kharif,Sprinkler,6.3,7.0,148,55,60,2.57,58252,22278,95,30,5.03,24.02,29.01
Rice,Clay,Kharif,Rainfed,5.7,7.2,128,70,57,5.91,54491,22416,87,25,8.34,32.31,28.65
Wheat,Red,Zaid,Rainfed,6.4,7.6,113,66,62,2.2,48852,18938,84,27,6.21,20.28,22.68
Soybean,Red,Rabi,Sprinkler,5.7,6.6,74,76,43,1.53,44622,46897,61,56,8.67,28.75,21.44
Rice,Loamy,Rabi,Drip,6.3,7.2,129,75,78,5.64,39039,17982,72,22,6.32,23.43,26.64
Tomato,Loamy,Zaid,Sprinkler,5.6,7.5,211,111,115,38.8,67428,17067,85,39,8.09,34.92,20.57
Potato,Sandy,Kharif,Rainfed,6.1,6.6,186,87,83,19.07,57615,19825,67,40,7.6,23.3,25.23
Soybean,Black,Rabi,Drip,6.0,6.8,53,60,63,1.88,41039,38397,66,34,7.76,33.37,29.95
Sugarcane,Sandy,Zaid,Drip,6.4,6.7,233,105,133,42.63,74021,3598,72,37,5.85,20.37,22.61
Wheat,Black,Kharif,Sprinkler,6.2,6.8,136,45,70,2.39,39569,21335,86,21,7.9,23.78,20.22
Tomato,Black,Zaid,Drip,5.5,6.7,171,74,111,35.55,56541,16062,63,60,8.42,21.79,25.14
Tomato,Clay,Zaid,Sprinkler,5.6,6.6,189,110,97,27.26,82588,13154,87,57,5.34,26.2,16.49
Potato,Clay,Kharif,Sprinkler,6.0,6.9,219,95,119,19.26,73150,15544,64,28,7.83,33.17,27.98
Wheat,Black,Zaid,Canal,6.5,7.6,103,61,64,4.5,34734,22118,82,51,8.25,29.95,18.79
Groundnut,Loamy,Kharif,Sprinkler,5.7,6.8,59,62,100,2.57,35836,52441,69,54,7.66,31.14,17.44
Rice,Clay,Kharif,Drip,6.2,7.7,118,65,66,2.78,58046,23121,61,32,5.36,28.12,27.09
Rice,Sandy,Zaid,Sprinkler,6.0,7.4,102,74,51,4.23,58777,22807,86,34,6.29,30.08,24.18
Rice,Black,Zaid,Sprinkler,6.4,6.8,115,78,53,4.9,52611,21847,67,25,7.63,25.41,26.92
Maize,Loamy,Zaid,Rainfed,5.7,7.5,138,59,70,5.92,41738,14003,89,41,8.8,24.07,16.18
Tomato,Red,Rabi,Sprinkler,5.8,6.8,225,94,80,28.48,66546,15987,67,30,5.23,29.12,22.99
Rice,Black,Zaid,Drip,6.2,7.8,141,46,41,5.79,36516,20632,93,41,6.47,20.83,28.54
Soybean,Sandy,Kharif,Canal,6.4,7.4,64,76,58,1.57,32557,53002,93,23,7.8,32.43,22.17
Cotton,Black,Kharif,Rainfed,6.3,7.5,179,80,99,3.38,67178,69176,86,40,5.34,28.66,20.81
Potato,Sandy,Kharif,Sprinkler,6.3,7.4,255,90,133,15.54,64502,19728,68,51,8.46,24.03,26.24
Groundnut,Sandy,Zaid,Sprinkler,6.2,7.6,58,75,76,1.22,30292,59464,82,56,6.17,28.79,29.8
Capsicum,Sandy,Rabi,Drip,6.4,7.7,182,117,101,27.37,96019,47586,85,34,5.31,23.66,16.15
Cotton,Loamy,Zaid,Canal,6.1,7.1,141,80,72,1.76,62275,72730,79,23,7.09,28.28,20.8
Wheat,Black,Kharif,Sprinkler,6.2,7.1,139,47,48,3.85,45373,20808,91,28,7.9,20.1,28.1
Groundnut,Red,Kharif,Sprinkler,5.8,6.8,55,67,66,1.99,42980,56176,92,25,9.0,32.2,17.45
Cotton,Sandy,Kharif,Rainfed,6.1,6.6,175,94,95,2.73,51439,59327,79,31,6.14,33.75,21.73
Soybean,Sandy,Kharif,Sprinkler,5.8,7.7,68,86,60,1.67,31541,37532,82,47,6.03,28.23,26.0
Maize,Sandy,Zaid,Sprinkler,5.9,6.5,177,72,68,5.02,30552,21016,83,56,8.72,22.14,15.68
Maize,Sandy,Kharif,Sprinkler,5.8,7.5,121,69,40,6.12,39903,16825,92,20,6.64,28.41,22.64
Tomato,Clay,Rabi,Drip,5.8,7.7,185,120,70,25.54,73883,15578,94,46,5.02,25.53,22.85
Wheat,Sandy,Zaid,Rainfed,5.6,7.1,121,62,66,3.34,48352,22463,83,60,5.17,32.36,25.47
Maize,Loamy,Zaid,Sprinkler,6.3,7.5,138,71,67,3.64,47895,17071,92,46,5.9,23.56,16.0
Maize,Black,Kharif,Sprinkler,5.8,6.6,176,83,54,4.54,42402,21573,72,39,6.24,31.67,29.47
Maize,Sandy,Zaid,Canal,6.4,7.3,156,64,65,6.1,42136,16314,70,39,7.15,28.74,27.79
Capsicum,Clay,Kharif,Canal,5.9,7.8,202,93,106,18.46,84590,20102,73,60,6.01,21.23,25.37
Capsicum,Loamy,Rabi,Drip,6.3,7.5,239,96,137,16.81,82955,44604,70,20,6.13,27.06,24.7
Soybean,Black,Rabi,Rainfed,5.5,7.0,75,79,68,2.99,27240,52252,63,35,5.51,29.69,19.48
Tomato,Clay,Kharif,Drip,6.3,7.2,226,77,101,29.87,70605,12810,85,56,7.65,21.48,21.55
Potato,Red,Rabi,Canal,6.1,7.6,204,105,86,17.55,52161,15043,70,59,7.8,29.47,18.7
Sugarcane,Black,Rabi,Rainfed,5.8,7.6,268,118,95,32.23,63865,3951,64,41,6.62,20.34,26.57
Capsicum,Black,Rabi,Rainfed,5.6,6.5,159,122,109,13.86,103909,25490,87,47,7.56,21.89,25.28
Wheat,Black,Rabi,Sprinkler,6.3,7.3,140,46,41,3.35,42526,21523,84,55,5.76,26.66,24.14
Capsicum,Clay,Zaid,Sprinkler,5.7,7.8,196,132,126,14.25,111172,29357,87,56,6.92,29.29,22.54
Cotton,Black,Kharif,Canal,6.2,7.6,140,96,98,3.1,58466,56906,61,53,6.06,34.95,29.3
Maize,Sandy,Rabi,Sprinkler,6.1,7.7,120,76,70,3.85,43367,19337,74,46,5.78,34.24,20.91
Maize,Loamy,Zaid,Sprinkler,6.0,7.7,151,80,61,5.27,36757,18624,69,32,7.62,33.96,19.39
Groundnut,Sandy,Zaid,Canal,6.4,7.0,69,100,85,2.05,40856,63159,66,23,6.63,31.35,29.34
Groundnut,Sandy,Rabi,Canal,5.8,7.0,69,95,96,1.53,31190,61347,65,40,6.2,31.82,18.33
Rice,Sandy,Zaid,Canal,5.5,7.2,111,66,55,4.36,35527,21892,60,23,7.8,28.18,15.98
Wheat,Clay,Kharif,Drip,5.7,7.4,91,69,53,4.24,39628,20349,88,47,8.22,34.29,18.39
Potato,Red,Kharif,Drip,5.9,6.9,221,107,109,27.6,63719,16241,76,20,7.01,31.05,26.21
Sugarcane,Red,Rabi,Rainfed,6.3,7.4,209,91,106,42.19,99760,3954,74,23,8.55,33.59,20.25
Sugarcane,Loamy,Rabi,Sprinkler,6.1,7.1,228,105,108,52.61,68619,3309,70,57,5.39,24.47,19.58
Tomato,Red,Rabi,Sprinkler,6.1,7.1,198,104,110,31.32,72360,15587,64,45,8.52,23.33,28.82
Groundnut,Red,Zaid,Canal,6.4,7.6,71,73,89,1.91,36231,43406,89,53,6.1,34.38,15.8
Potato,Red,Rabi,Rainfed,6.3,7.6,203,126,107,18.4,75894,18477,82,43,5.87,23.4,29.96
Wheat,Red,Rabi,Rainfed,6.4,7.3,114,53,62,4.39,41602,23686,84,38,5.44,30.09,15.9
Wheat,Black,Rabi,Drip,5.5,7.3,119,41,41,2.94,42107,25356,81,24,8.36,27.41,16.82
Rice,Black,Rabi,Sprinkler,5.8,7.2,108,75,51,5.75,54153,22489,93,27,5.77,26.07,23.02
Wheat,Black,Rabi,Sprinkler,5.9,6.9,108,48,62,4.83,45869,25500,68,23,8.18,30.41,26.38
Soybean,Red,Zaid,Drip,6.4,7.0,74,71,40,1.94,28626,48782,79,41,5.17,20.74,16.37
Rice,Clay,Rabi,Sprinkler,6.5,7.6,137,61,67,5.73,36652,18139,64,39,8.14,30.2,24.49
Tomato,Clay,Zaid,Rainfed,5.8,6.8,204,103,116,19.52,81659,13264,78,29,7.81,26.02,22.49
Groundnut,Red,Zaid,Drip,6.0,7.0,43,65,74,1.85,39281,64031,79,59,5.56,32.93,20.9
Groundnut,Clay,Rabi,Sprinkler,6.3,7.7,40,80,94,1.33,46761,50579,63,55,8.07,28.98,29.63
Potato,Red,Zaid,Canal,5.9,6.6,254,113,97,17.87,71767,13728,69,60,5.33,23.05,28.01
Capsicum,Loamy,Rabi,Drip,6.2,7.5,230,81,126,20.41,106302,27010,86,48,8.07,29.19,15.33
Soybean,Sandy,Zaid,Canal,5.8,6.5,56,95,64,2.88,39256,53882,67,29,5.13,23.56,23.06
Capsicum,Black,Kharif,Sprinkler,5.5,6.7,153,131,86,17.14,98565,39497,94,47,6.81,25.25,20.9
Rice,Black,Rabi,Sprinkler,5.7,7.2,149,54,44,3.14,54448,17123,93,35,7.81,29.6,21.21
Rice,Red,Zaid,Sprinkler,6.0,7.5,109,55,47,5.36,50329,18305,86,44,7.28,28.06,23.53
Potato,Black,Rabi,Rainfed,6.4,7.2,180,131,119,19.14,61363,13498,67,37,7.94,24.55,18.86
Wheat,Black,Rabi,Canal,5.6,7.4,91,56,61,4.81,33523,21746,63,35,8.31,28.02,26.0
Groundnut,Sandy,Rabi,Rainfed,6.1,7.7,71,81,90,1.61,40197,58331,64,21,7.28,33.27,29.97
Cotton,Red,Kharif,Drip,5.7,6.7,168,62,70,3.72,57340,78845,84,50,8.68,21.46,15.89
Tomato,Sandy,Rabi,Drip,6.3,6.8,224,86,106,26.94,70951,8230,61,22,6.99,25.13,26.44
Wheat,Clay,Zaid,Drip,5.7,6.8,91,48,51,2.52,46875,18630,95,53,6.1,23.94,28.84
Cotton,Loamy,Zaid,Canal,6.4,7.1,200,72,95,3.6,47524,67839,81,57,6.74,25.51,16.56
Cotton,Red,Kharif,Drip,6.5,7.1,159,75,60,3.26,66374,52342,94,29,5.5,33.54,24.23
Tomato,Clay,Zaid,Sprinkler,5.8,7.3,203,106,105,24.62,74290,13989,67,35,8.81,30.57,23.2
Wheat,Sandy,Kharif,Drip,6.4,7.3,130,45,68,2.7,36817,22321,63,49,7.87,33.53,17.94
Tomato,Red,Kharif,Sprinkler,6.4,7.7,186,81,88,16.03,57244,13448,77,45,8.55,26.84,22.26
Capsicum,Sandy,Zaid,Drip,6.5,7.2,209,84,126,23.49,69195,35021,86,51,8.89,21.95,21.28
Sugarcane,Clay,Rabi,Rainfed,6.4,7.6,271,101,84,54.37,68431,3417,75,48,7.98,21.35,16.58
Groundnut,Black,Kharif,Drip,5.7,6.9,60,78,84,1.75,37191,58785,76,41,6.19,24.48,16.15
Tomato,Sandy,Zaid,Sprinkler,5.8,7.6,240,103,94,33.95,81607,14407,72,30,7.39,28.31,24.27
Capsicum,Red,Kharif,Sprinkler,5.8,7.1,211,139,114,13.5,91889,37055,83,51,6.79,21.79,23.94
Cotton,Clay,Rabi,Sprinkler,6.0,7.8,155,62,97,2.85,69124,76998,89,49,5.97,22.57,24.82
Cotton,Clay,Rabi,Drip,5.9,6.6,193,63,71,3.44,61522,52191,83,31,5.49,32.41,27.97
Wheat,Red,Rabi,Sprinkler,6.2,6.8,102,52,54,3.32,43313,23968,84,49,5.3,28.05,22.76
Cotton,Sandy,Zaid,Canal,6.4,6.9,159,88,91,3.7,62406,72456,78,55,7.07,22.26,17.67
Wheat,Black,Kharif,Rainfed,6.4,7.5,120,51,62,2.22,38666,18385,69,44,5.31,20.31,25.46
Groundnut,Sandy,Kharif,Rainfed,5.9,6.7,51,69,83,2.44,34456,61412,76,28,9.0,33.72,16.65
Cotton,Black,Rabi,Canal,5.7,6.6,144,90,99,2.08,46375,53583,89,45,7.69,27.59,23.07
Sugarcane,Clay,Zaid,Canal,6.1,6.7,242,101,126,32.89,62225,4159,68,28,8.98,28.73,21.23
Capsicum,Sandy,Rabi,Sprinkler,6.1,7.7,218,123,96,21.75,113602,48905,77,34,6.07,32.32,21.89
Maize,Sandy,Rabi,Rainfed,6.3,7.6,136,51,80,3.09,47096,15735,90,40,6.28,20.99,28.63
Capsicum,Loamy,Kharif,Rainfed,6.3,7.7,239,100,83,12.45,86284,40487,75,47,5.91,31.34,15.52
Maize,Clay,Rabi,Sprinkler,6.1,7.7,176,58,58,5.91,35656,19525,89,27,5.69,33.3,20.72
Wheat,Red,Zaid,Canal,6.1,7.6,99,45,56,4.26,47327,19526,74,34,5.98,26.49,16.15
Tomato,Loamy,Zaid,Sprinkler,6.2,6.7,199,115,96,33.71,87051,15652,61,25,6.28,31.3,19.32
Rice,Black,Zaid,Sprinkler,6.4,7.3,123,73,70,5.29,54495,17614,66,47,6.06,24.46,15.96
Sugarcane,Sandy,Rabi,Canal,5.8,6.6,273,125,117,35.2,64877,3213,94,28,5.66,26.37,25.1
Cotton,Clay,Rabi,Canal,5.7,7.7,186,86,100,3.41,53153,65868,61,56,6.04,34.06,20.92
Sugarcane,Black,Zaid,Sprinkler,5.9,6.9,282,136,114,51.01,61136,3585,73,23,8.88,28.9,27.26
Sugarcane,Clay,Rabi,Sprinkler,5.8,7.6,244,139,96,36.71,90283,2820,85,38,7.57,26.07,28.58
Maize,Black,Rabi,Rainfed,6.4,7.7,130,87,62,3.89,38401,18766,87,28,6.37,22.33,19.58
Cotton,Red,Rabi,Rainfed,5.7,7.1,144,81,69,2.66,55941,61447,64,48,5.84,25.53,28.73
Capsicum,Sandy,Zaid,Rainfed,5.8,6.8,153,84,117,20.58,106053,31178,82,53,7.26,26.25,16.74
Maize,Sandy,Kharif,Rainfed,6.1,6.6,178,52,73,4.75,43867,18633,76,24,5.5,20.31,24.36
Soybean,Red,Kharif,Canal,6.1,6.8,76,73,51,2.33,40308,36203,93,23,8.23,30.38,28.22
Sugarcane,Red,Kharif,Canal,5.5,7.8,272,117,83,47.33,60211,3019,87,22,6.13,32.34,21.44
Potato,Loamy,Zaid,Drip,6.4,7.0,216,87,108,20.56,46699,12868,67,40,5.83,29.01,19.08
Tomato,Black,Kharif,Sprinkler,6.2,7.6,204,80,91,17.66,68529,15725,77,21,8.86,28.31,16.42
Groundnut,Clay,Rabi,Rainfed,6.4,7.5,40,79,70,1.67,47598,44352,61,48,8.34,22.36,23.85
Maize,Loamy,Zaid,Sprinkler,6.2,6.6,169,87,47,5.81,47811,20994,70,35,6.44,32.25,24.6
Maize,Clay,Rabi,Canal,6.0,6.5,163,82,74,3.43,38631,17144,81,22,5.37,32.37,18.93
Maize,Clay,Rabi,Rainfed,5.9,7.2,122,64,40,3.12,31050,16878,93,44,5.31,30.24,24.72
Soybean,Loamy,Zaid,Drip,6.0,7.8,51,87,71,2.15,31586,53379,91,29,7.59,33.67,23.22
Groundnut,Clay,Kharif,Canal,6.0,7.6,66,86,72,2.24,33088,58842,63,56,5.43,20.14,19.96
Maize,Sandy,Kharif,Sprinkler,6.1,7.5,123,82,48,6.78,32806,19424,75,28,8.08,20.66,18.6
Sugarcane,Loamy,Zaid,Drip,5.9,6.9,246,84,133,38.97,82963,3496,66,51,6.67,33.58,27.42
Capsicum,Black,Rabi,Sprinkler,6.3,7.8,158,113,122,11.43,108604,23167,81,38,8.48,26.38,22.32
Rice,Black,Zaid,Sprinkler,5.5,7.1,128,78,72,2.78,53223,22316,76,47,6.53,30.32,21.76
Tomato,Clay,Kharif,Canal,6.0,7.6,190,100,79,23.53,74549,8905,93,48,5.66,20.31,21.87
Sugarcane,Sandy,Zaid,Rainfed,5.7,7.6,211,96,105,50.56,82441,4018,62,46,5.99,20.25,15.07
Rice,Red,Rabi,Rainfed,6.4,7.6,115,40,57,4.11,59286,17318,89,32,8.32,31.56,22.46
Wheat,Red,Rabi,Canal,6.1,7.7,123,49,56,2.18,48316,19203,69,39,6.53,30.48,28.33
Groundnut,Sandy,Rabi,Sprinkler,6.5,7.4,80,75,78,1.64,36301,50673,65,54,5.14,31.02,29.56
Capsicum,Red,Zaid,Canal,6.4,7.7,210,101,130,26.58,60053,31249,78,50,7.45,20.53,17.42
Wheat,Sandy,Rabi,Drip,6.1,7.1,103,68,57,4.45,39263,22244,72,20,5.85,26.02,16.09
Potato,Black,Rabi,Sprinkler,5.8,7.0,229,131,96,26.22,70626,18130,64,24,8.15,32.04,21.66
Tomato,Red,Kharif,Drip,5.7,6.8,184,95,74,15.34,83739,12193,61,38,5.11,26.2,18.13
Wheat,Red,Kharif,Rainfed,6.4,7.0,137,41,46,3.47,44950,21356,94,40,5.02,27.11,20.98
Groundnut,Loamy,Kharif,Drip,5.8,7.8,64,86,83,2.13,40864,53593,86,60,6.72,24.43,26.65
Sugarcane,Red,Kharif,Drip,6.2,6.7,297,120,129,54.3,64081,3552,68,27,8.41,34.84,26.74
Maize,Loamy,Kharif,Rainfed,5.9,6.5,158,60,45,5.82,39232,18577,69,27,8.9,33.94,16.6
Cotton,Loamy,Rabi,Sprinkler,6.5,6.7,176,76,65,2.31,56864,71087,71,55,6.98,27.96,17.65
Potato,Clay,Zaid,Drip,6.1,6.7,219,96,129,18.42,78505,14057,82,37,8.79,23.22,16.33
Rice,Black,Zaid,Sprinkler,6.0,7.5,139,51,45,3.68,48667,16369,82,31,8.7,23.32,29.02
Capsicum,Loamy,Zaid,Sprinkler,5.5,6.6,198,105,90,25.19,107146,44577,77,28,7.58,24.65,22.2
Maize,Black,Kharif,Drip,5.7,7.2,158,58,49,5.12,33778,18197,67,43,5.13,32.72,25.22
Wheat,Red,Rabi,Canal,6.4,6.5,106,53,67,2.39,45295,18210,93,43,6.33,33.52,23.09
Sugarcane,Red,Rabi,Canal,6.4,7.3,259,93,84,35.3,71851,2848,94,58,6.85,23.04,15.72
Wheat,Sandy,Rabi,Rainfed,6.1,7.2,108,62,44,2.43,36719,22114,75,56,6.21,24.48,23.34
Wheat,Sandy,Rabi,Sprinkler,5.7,7.5,120,53,65,2.28,36362,20897,89,54,8.94,27.33,27.24
Sugarcane,Red,Rabi,Drip,5.6,7.7,211,140,138,43.83,69816,2909,79,24,6.92,20.1,26.22
Groundnut,Red,Zaid,Rainfed,6.3,6.7,80,64,85,2.08,40899,46963,80,54,7.74,34.51,21.98
Wheat,Loamy,Rabi,Drip,6.2,6.8,121,53,53,2.35,42871,22007,68,54,7.01,31.78,19.15
Groundnut,Loamy,Kharif,Sprinkler,6.1,6.6,76,76,77,1.37,32994,52689,80,55,5.14,20.51,19.45
Groundnut,Sandy,Zaid,Rainfed,5.9,7.7,67,73,83,2.09,40160,55460,86,47,6.49,32.66,25.12
Potato,Clay,Zaid,Canal,6.1,6.8,194,101,123,18.25,77831,18644,86,33,6.05,21.54,15.07
Capsicum,Sandy,Zaid,Canal,6.2,7.7,156,96,105,17.94,109806,31169,69,44,8.04,20.71,17.09
Wheat,Black,Kharif,Drip,5.8,7.0,94,63,70,4.86,39152,18539,90,55,8.9,34.69,23.85
Capsicum,Sandy,Zaid,Sprinkler,5.7,6.7,163,137,112,19.58,117076,41089,78,22,5.03,25.19,15.45
Groundnut,Clay,Rabi,Drip,6.1,6.8,59,70,88,2.75,31772,61988,74,56,7.19,21.76,23.16
Potato,Black,Kharif,Sprinkler,6.3,7.5,184,100,82,21.77,54260,15091,66,21,5.1,22.81,23.16
Tomato,Black,Rabi,Canal,6.2,7.7,230,84,75,34.9,87071,11369,91,38,5.08,29.19,15.38
Tomato,Loamy,Zaid,Sprinkler,5.8,7.7,221,113,105,26.24,52539,17432,65,43,7.61,33.05,28.81
Sugarcane,Loamy,Kharif,Canal,5.6,6.7,203,123,128,44.27,61773,3898,89,21,7.27,28.24,25.07
Rice,Red,Rabi,Canal,5.8,6.5,139,74,71,3.26,59863,20400,91,52,6.89,20.33,21.17
Maize,Black,Kharif,Canal,6.3,7.3,164,64,73,6.58,29424,20033,73,25,5.75,24.16,29.03
Maize,Black,Kharif,Sprinkler,6.1,6.6,126,56,74,3.03,40289,20932,87,38,8.32,27.98,29.24
Cotton,Black,Kharif,Rainfed,5.8,6.8,141,66,86,3.57,45843,75451,77,44,6.94,31.2,15.97
Groundnut,Loamy,Zaid,Canal,5.8,6.7,76,81,73,2.16,43185,41956,92,39,6.53,31.42,25.96
Sugarcane,Red,Rabi,Drip,5.7,7.0,238,93,89,51.61,75561,3283,80,35,5.69,21.4,19.32
Soybean,Loamy,Zaid,Rainfed,6.1,7.1,78,94,74,2.1,36179,41703,66,28,6.95,25.37,29.34
Maize,Clay,Rabi,Drip,5.7,7.5,150,65,69,6.7,34849,18886,75,59,6.46,34.58,15.61
Maize,Red,Rabi,Drip,5.8,7.3,128,55,66,3.28,37125,14511,85,48,5.18,29.97,15.92
Groundnut,Black,Zaid,Rainfed,5.7,7.3,40,74,81,1.38,34128,62657,79,28,8.52,33.12,20.13
Tomato,Red,Rabi,Canal,6.1,7.2,175,87,75,32.94,56020,12269,94,45,5.07,26.19,17.0
Soybean,Loamy,Kharif,Rainfed,6.3,7.5,81,81,50,1.82,40016,54039,86,60,6.1,25.82,28.9
Rice,Black,Zaid,Canal,6.3,7.0,126,54,78,5.82,50277,19246,75,51,5.04,26.87,26.52
Tomato,Loamy,Zaid,Drip,5.7,6.9,217,73,97,17.25,67267,9848,79,40,5.04,23.12,26.19
Capsicum,Loamy,Kharif,Rainfed,5.5,6.8,151,117,119,25.35,68919,33151,88,44,8.4,33.54,27.21
Groundnut,Clay,Rabi,Sprinkler,5.7,6.7,63,97,64,2.44,45564,44265,70,57,5.72,24.32,23.87
Rice,Red,Rabi,Canal,5.6,6.7,126,78,79,3.29,56643,23420,69,28,5.33,29.63,27.06
Potato,Red,Rabi,Sprinkler,6.2,6.9,203,127,117,15.78,48679,18946,72,52,8.28,27.9,20.34
Groundnut,Clay,Zaid,Sprinkler,6.0,6.9,48,66,75,2.23,42601,62298,89,30,7.23,31.6,23.79
Capsicum,Clay,Kharif,Canal,6.1,7.7,229,123,129,21.46,114672,44776,94,57,5.14,23.48,21.62
Groundnut,Clay,Zaid,Rainfed,6.2,7.7,47,83,89,2.78,32382,49626,69,36,8.65,24.95,18.78
Tomato,Black,Kharif,Drip,6.4,7.3,180,114,92,33.73,81642,17829,63,56,6.69,32.15,26.23
Capsicum,Black,Rabi,Drip,6.1,7.5,163,85,108,21.84,104347,35213,64,59,7.05,34.82,24.04
Wheat,Red,Zaid,Drip,6.1,7.5,133,45,66,4.61,36340,25286,66,55,6.51,26.63,19.47
Tomato,Clay,Rabi,Rainfed,6.1,7.7,169,94,88,32.44,64036,13258,62,41,5.44,26.21,15.53
Groundnut,Clay,Kharif,Sprinkler,6.4,6.9,75,67,81,1.82,31792,48007,84,59,6.3,27.78,17.71
Wheat,Clay,Rabi,Rainfed,6.2,6.5,125,45,46,2.08,42151,21909,88,20,7.45,23.68,23.57
Potato,Sandy,Rabi,Canal,6.3,7.2,230,106,121,23.09,65843,14209,62,47,5.37,24.33,27.61
Cotton,Black,Zaid,Canal,6.3,6.6,181,85,83,2.53,58047,52386,84,43,5.68,29.04,21.65
Sugarcane,Loamy,Rabi,Drip,6.3,6.7,257,133,85,34.51,60798,3965,95,47,7.46,29.83,18.61
Capsicum,Sandy,Rabi,Sprinkler,6.3,7.5,209,90,92,11.01,77443,35361,89,37,5.51,33.75,18.44
Capsicum,Black,Zaid,Rainfed,6.5,7.3,228,133,119,26.47,73184,48966,72,24,6.35,26.54,21.94
Rice,Sandy,Rabi,Canal,5.7,7.5,144,67,76,5.0,41498,17780,68,48,5.19,22.61,20.5
Wheat,Red,Rabi,Drip,6.1,6.7,96,56,54,2.97,48137,21024,63,52,6.78,26.34,17.55
Groundnut,Clay,Zaid,Sprinkler,5.9,6.7,60,87,64,2.35,32394,43943,62,37,5.25,33.16,15.82
Soybean,Clay,Zaid,Sprinkler,6.4,7.5,56,68,53,2.22,38525,46418,82,51,5.38,24.64,23.42
Wheat,Sandy,Rabi,Sprinkler,5.8,6.7,102,48,46,4.03,38348,23286,61,23,7.47,31.44,27.23
Maize,Red,Rabi,Sprinkler,5.9,7.0,168,85,43,4.46,39552,18235,74,51,7.35,34.99,18.61
Sugarcane,Red,Rabi,Drip,6.0,6.7,218,117,88,33.13,64737,3995,79,39,7.05,26.33,28.86
Potato,Loamy,Zaid,Rainfed,6.4,7.4,232,84,121,22.51,70397,15979,63,20,6.71,23.86,16.8
Rice,Black,Rabi,Canal,6.0,6.7,101,48,77,5.79,36304,22484,87,55,6.07,22.59,24.77
Wheat,Black,Kharif,Drip,6.2,7.7,114,63,59,2.0,49404,19957,67,37,7.51,26.77,25.13
Wheat,Red,Rabi,Sprinkler,6.5,7.8,106,48,55,4.37,46728,25188,77,58,6.52,22.86,18.22
Sugarcane,Red,Rabi,Canal,5.8,7.0,230,80,103,45.71,82942,3066,71,32,6.97,27.73,23.24
Potato,Loamy,Rabi,Sprinkler,6.5,7.7,236,136,127,21.45,69259,16470,66,40,5.51,30.21,20.69
Sugarcane,Black,Zaid,Drip,6.1,7.5,235,90,106,53.41,92578,3683,74,45,8.5,21.86,25.32
Groundnut,Clay,Kharif,Sprinkler,6.2,7.2,77,70,70,1.91,49086,61684,81,36,5.03,27.48,20.05
Sugarcane,Loamy,Kharif,Rainfed,6.0,7.8,210,122,131,55.19,92188,2978,95,36,6.2,32.38,20.37
Soybean,Sandy,Rabi,Canal,6.1,7.7,80,67,52,2.16,29688,37350,68,40,6.38,32.9,25.18
Soybean,Black,Zaid,Canal,6.2,6.6,59,71,73,2.89,27383,50351,76,59,5.03,28.29,29.27
Capsicum,Red,Kharif,Drip,6.0,7.2,233,107,100,23.05,69004,37693,77,24,7.68,20.36,15.42
Potato,Loamy,Kharif,Drip,6.4,7.4,182,133,104,16.29,61200,14925,83,42,8.58,24.32,18.77
Wheat,Red,Kharif,Rainfed,5.9,7.5,127,46,61,4.6,39810,22172,92,59,6.69,27.6,16.87
Sugarcane,Clay,Rabi,Canal,6.1,7.5,281,127,136,34.82,95973,3869,95,38,6.41,26.35,18.59
Cotton,Clay,Rabi,Sprinkler,5.9,7.0,141,87,85,2.29,46100,71097,71,24,8.01,21.34,26.29
Groundnut,Sandy,Rabi,Drip,5.9,6.8,67,95,89,2.13,47571,43226,90,39,6.37,22.48,20.29
Potato,Red,Rabi,Sprinkler,6.4,7.5,209,93,120,29.34,61964,14733,88,37,5.64,26.52,22.53
Soybean,Sandy,Zaid,Sprinkler,6.0,6.9,65,93,50,1.62,35057,39147,65,49,7.22,29.1,28.64
Cotton,Loamy,Zaid,Sprinkler,6.0,7.8,167,78,61,1.95,58754,58996,82,55,6.05,26.79,28.25
Soybean,Black,Kharif,Rainfed,5.6,6.7,73,65,62,2.78,40844,51671,80,48,6.38,30.58,17.91
Sugarcane,Clay,Kharif,Canal,6.2,7.0,259,130,133,50.5,85962,3278,76,46,6.08,22.38,18.83
Groundnut,Sandy,Zaid,Rainfed,6.1,7.2,66,69,83,2.34,35897,54042,90,40,5.08,25.49,22.76
Capsicum,Sandy,Kharif,Rainfed,6.1,7.5,191,138,92,27.82,99704,35838,67,56,5.05,34.03,23.01
Rice,Clay,Rabi,Canal,5.5,6.9,132,50,59,4.15,46830,18180,75,41,7.82,23.68,19.45
Sugarcane,Red,Zaid,Canal,5.6,7.6,287,140,133,29.8,93152,2846,60,41,7.64,31.85,15.76
Maize,Sandy,Rabi,Drip,5.8,7.5,156,65,65,4.19,29268,15338,68,57,5.78,22.79,23.44
Capsicum,Clay,Zaid,Sprinkler,6.1,7.5,159,131,96,10.86,118644,22158,81,60,8.74,34.23,26.85
Wheat,Clay,Rabi,Sprinkler,6.0,6.7,125,63,54,2.77,38078,19646,92,20,7.37,32.0,28.9
Tomato,Sandy,Kharif,Sprinkler,6.1,7.4,168,95,103,27.81,86493,17213,88,53,8.71,28.96,29.87
Wheat,Black,Rabi,Sprinkler,5.9,6.9,111,60,59,2.78,32577,19430,61,59,5.98,22.18,15.86
Soybean,Loamy,Zaid,Drip,5.5,7.5,59,100,56,2.46,36376,45801,92,31,8.72,34.78,27.41
Wheat,Clay,Kharif,Sprinkler,5.9,7.3,112,44,62,2.45,38926,18376,79,21,7.68,29.46,23.54
Groundnut,Black,Kharif,Canal,6.1,6.5,40,65,82,1.99,36544,59141,75,56,8.31,29.33,27.3
Tomato,Red,Rabi,Drip,5.7,6.8,230,73,111,17.91,61040,8789,88,51,5.7,31.44,26.18
Groundnut,Sandy,Kharif,Drip,6.2,7.4,44,83,94,1.61,36982,44845,66,30,8.21,33.69,19.83
Rice,Red,Rabi,Rainfed,5.9,7.7,114,58,47,2.77,46717,16490,71,54,5.27,22.04,19.57
Wheat,Clay,Kharif,Sprinkler,6.3,6.7,93,69,61,2.09,36092,21069,68,30,8.27,22.31,19.35
Potato,Loamy,Rabi,Drip,5.9,7.5,204,117,97,19.94,70775,18905,60,21,7.94,21.58,15.87
Capsicum,Sandy,Kharif,Drip,5.6,7.6,217,120,85,20.83,86758,48319,83,26,8.4,22.14,15.19
Maize,Sandy,Kharif,Canal,5.8,7.3,128,78,51,4.99,37106,14912,91,26,8.72,29.21,19.77
Groundnut,Red,Kharif,Rainfed,5.7,7.5,48,100,85,1.69,32266,50343,72,34,5.73,29.97,18.62
Maize,Black,Kharif,Sprinkler,5.7,7.2,170,79,56,6.38,32557,21965,80,58,8.82,25.0,25.6
Maize,Red,Zaid,Sprinkler,5.8,6.7,170,87,65,4.7,36552,19062,61,41,7.4,29.78,17.82
Maize,Clay,Zaid,Rainfed,5.8,6.9,144,67,47,6.35,40724,20949,83,22,5.38,23.47,28.8
Rice,Red,Rabi,Rainfed,6.1,7.0,107,75,78,3.06,41038,20894,94,22,6.28,24.17,15.57
Rice,Sandy,Zaid,Drip,6.1,6.7,129,59,76,5.69,55961,18937,61,30,6.09,25.06,23.76
Sugarcane,Black,Rabi,Canal,6.3,7.2,245,115,84,40.84,84822,4135,71,55,7.97,20.59,25.16
Potato,Sandy,Zaid,Drip,5.6,6.5,198,122,97,27.94,51483,18304,76,46,5.04,27.88,18.65
Cotton,Red,Kharif,Canal,5.8,6.8,181,86,67,1.75,59962,55152,78,45,5.15,27.54,19.53
Potato,Red,Kharif,Rainfed,6.0,6.8,244,119,108,22.89,63399,15783,80,36,6.78,23.91,19.9
Maize,Red,Zaid,Rainfed,6.1,7.8,143,62,70,3.8,47847,21952,88,58,8.33,22.06,15.36
Soybean,Loamy,Rabi,Drip,5.8,7.0,89,73,52,2.19,26094,46717,62,21,6.87,26.53,28.05
Soybean,Clay,Kharif,Drip,6.2,7.0,72,69,45,1.87,32573,40293,94,37,5.28,30.52,23.26
Sugarcane,Clay,Rabi,Sprinkler,6.3,6.9,290,86,123,37.8,87821,3948,61,22,7.18,20.39,20.79
Capsicum,Red,Zaid,Sprinkler,5.9,6.6,199,118,123,20.83,69129,48290,68,44,5.87,20.82,27.86
Soybean,Red,Zaid,Canal,6.1,7.1,76,98,59,2.81,33415,36328,73,34,8.94,23.1,26.49
Rice,Sandy,Kharif,Drip,6.4,7.1,135,54,70,5.12,54234,22427,74,55,7.55,31.7,27.24
Potato,Sandy,Kharif,Sprinkler,5.9,7.1,240,133,93,23.01,49020,19605,61,59,5.85,22.27,16.8
Potato,Black,Kharif,Canal,6.0,7.2,256,124,98,12.9,71187,12399,92,29,8.85,26.76,21.72
Cotton,Sandy,Kharif,Canal,5.8,6.8,144,97,62,1.56,48325,65202,88,40,7.1,31.27,20.33
Sugarcane,Red,Kharif,Drip,5.9,6.9,284,117,82,56.64,78787,4196,74,50,6.29,27.56,27.81
Soybean,Loamy,Rabi,Canal,5.7,7.6,51,96,40,1.57,34774,52089,75,35,5.26,21.18,20.66
Rice,Black,Rabi,Sprinkler,6.4,6.9,125,68,58,2.92,59239,16956,91,37,8.02,22.71,27.02
Groundnut,Red,Zaid,Rainfed,5.7,7.5,68,91,84,2.13,36201,46315,94,26,6.5,26.25,27.56
Potato,Red,Rabi,Canal,6.0,6.7,208,140,85,29.37,69312,18945,89,60,6.65,33.98,29.94
Maize,Clay,Zaid,Sprinkler,6.2,7.7,166,80,79,3.49,33160,16278,87,40,7.85,30.72,22.51
Wheat,Sandy,Rabi,Drip,5.7,7.1,134,68,41,4.05,41609,20887,63,45,8.12,33.2,17.28
Rice,Sandy,Kharif,Rainfed,6.4,7.7,130,71,63,5.04,48223,20693,93,45,5.4,33.34,19.36
Wheat,Loamy,Zaid,Canal,6.0,7.6,131,54,60,2.56,33755,22345,88,32,7.04,25.21,29.87
Rice,Loamy,Rabi,Sprinkler,6.3,7.0,110,70,70,5.0,49116,20862,82,33,8.71,20.27,23.61
Capsicum,Loamy,Zaid,Sprinkler,5.7,7.7,162,107,83,22.73,62031,33159,89,31,6.36,22.37,25.89
Capsicum,Sandy,Rabi,Drip,6.3,6.9,188,122,89,23.19,92790,20494,90,38,5.27,26.49,25.8
Cotton,Loamy,Zaid,Drip,5.5,6.6,174,99,97,3.53,66861,57719,66,20,5.08,29.89,16.45
Cotton,Red,Kharif,Drip,6.1,6.5,165,73,73,2.47,51237,55533,79,47,8.6,28.95,21.84
Cotton,Clay,Kharif,Canal,6.5,7.6,184,62,99,2.16,47825,53791,70,53,7.39,28.08,25.93
Sugarcane,Black,Zaid,Sprinkler,5.6,6.6,251,106,86,38.48,68840,3999,72,22,8.55,20.91,29.64
Groundnut,Clay,Zaid,Drip,5.6,6.7,63,91,76,1.55,34222,41527,67,49,8.06,23.62,18.47
Cotton,Sandy,Kharif,Sprinkler,6.5,6.9,159,99,72,3.45,55541,61696,75,36,6.96,28.03,18.13
Groundnut,Red,Zaid,Drip,5.9,7.3,55,94,81,2.38,30691,63435,62,58,5.85,31.56,20.13
Rice,Loamy,Rabi,Canal,5.8,7.8,124,75,45,5.36,45590,20155,83,59,8.0,23.09,25.94
Capsicum,Loamy,Zaid,Sprinkler,6.0,6.8,174,131,91,25.41,89138,49162,76,55,8.07,31.86,27.85
Soybean,Black,Zaid,Drip,6.5,6.7,60,89,48,2.61,30895,35610,66,38,6.25,31.98,22.2
Tomato,Black,Kharif,Canal,5.6,7.2,229,76,86,29.7,83218,15344,62,21,6.15,20.33,18.42
Capsicum,Clay,Rabi,Rainfed,6.2,6.6,188,123,133,17.65,65261,47638,94,36,8.04,28.97,28.49
Potato,Clay,Rabi,Canal,5.5,7.6,254,102,119,18.51,45629,17700,73,60,6.96,32.49,22.47
Sugarcane,Red,Zaid,Rainfed,6.0,6.8,270,109,92,51.8,99048,2905,65,49,7.21,29.45,23.18
Capsicum,Sandy,Zaid,Drip,5.9,6.6,181,120,98,19.14,70362,23574,67,22,5.09,33.48,16.82
Potato,Clay,Rabi,Sprinkler,6.3,7.2,229,127,103,23.05,60805,15525,89,53,8.09,30.53,29.51
Tomato,Black,Zaid,Sprinkler,5.8,7.6,229,120,75,23.8,78246,17947,62,55,7.07,34.96,18.7
Groundnut,Red,Kharif,Sprinkler,5.8,7.4,48,65,95,2.71,40075,50351,81,38,5.36,23.26,27.95
Potato,Red,Kharif,Sprinkler,6.5,6.6,251,136,84,15.83,73403,17399,93,27,8.46,32.55,29.62
Capsicum,Red,Rabi,Sprinkler,6.0,6.8,188,102,82,15.33,79576,36418,83,56,5.89,22.34,29.34
Rice,Clay,Rabi,Rainfed,6.4,7.3,112,75,63,4.7,50633,19579,61,38,8.11,27.16,15.82
Tomato,Clay,Zaid,Canal,5.9,6.7,237,108,101,23.03,89897,14704,71,30,8.64,25.1,26.01
Wheat,Red,Kharif,Canal,5.9,7.1,128,70,57,3.36,33554,22788,61,56,7.36,25.81,24.81
Cotton,Clay,Rabi,Drip,6.5,7.5,168,96,98,3.91,62714,55843,80,58,6.66,31.96,15.87
Capsicum,Loamy,Rabi,Canal,6.5,6.6,206,122,91,27.26,61569,47323,75,25,6.06,20.11,21.9
Soybean,Clay,Zaid,Drip,6.1,7.3,80,92,71,2.02,28166,52946,65,32,8.69,33.54,21.76
Capsicum,Sandy,Kharif,Sprinkler,5.5,6.8,211,137,104,26.31,74832,26958,86,52,8.72,29.79,19.54
Soybean,Black,Kharif,Drip,6.0,7.8,58,84,47,2.5,27628,49408,91,52,5.11,25.0,27.16
Groundnut,Red,Zaid,Drip,6.4,7.2,68,74,72,1.34,42249,60785,79,30,7.92,21.29,25.6
Cotton,Loamy,Zaid,Sprinkler,6.1,6.7,147,76,65,3.63,62183,51179,82,57,8.32,34.73,16.91
Potato,Clay,Rabi,Canal,5.7,7.6,214,109,111,19.71,74770,19489,61,25,7.15,24.5,25.05
Rice,Black,Kharif,Canal,5.8,7.4,134,79,55,5.97,43218,16404,89,37,5.33,24.24,15.7
Groundnut,Sandy,Rabi,Sprinkler,5.6,7.7,78,95,78,1.36,49668,49583,94,46,5.7,23.44,29.52
Cotton,Sandy,Rabi,Rainfed,6.2,6.9,156,62,97,1.65,63021,52036,78,43,6.98,26.81,25.96
Maize,Loamy,Zaid,Canal,6.1,7.3,145,52,52,4.42,43747,16087,70,59,7.59,29.7,18.09
Potato,Red,Rabi,Rainfed,5.6,6.6,245,116,132,28.4,74061,13981,87,34,8.11,24.87,22.15
Groundnut,Sandy,Zaid,Sprinkler,5.8,7.0,76,61,83,1.43,34582,59892,76,25,5.92,25.89,18.18
Potato,Clay,Rabi,Drip,5.6,7.6,258,112,103,12.3,74882,13418,79,22,5.23,28.32,19.86
Wheat,Sandy,Zaid,Drip,6.0,7.5,116,43,66,3.74,42662,21637,94,45,7.73,23.79,20.41
Wheat,Red,Kharif,Rainfed,5.5,6.7,129,68,52,3.21,40262,20068,65,50,7.66,31.84,23.96
Cotton,Red,Kharif,Drip,5.6,6.8,160,100,61,3.81,46979,50145,80,23,8.22,27.84,18.09
Soybean,Black,Kharif,Drip,5.6,7.8,76,72,65,2.22,25784,47661,69,38,7.16,25.12,16.9
Rice,Sandy,Rabi,Rainfed,6.4,7.1,107,52,41,5.19,45360,23399,60,30,5.29,26.26,23.63
Sugarcane,Clay,Rabi,Sprinkler,5.6,7.0,251,91,114,48.11,97154,3305,74,56,5.04,33.19,29.04
Cotton,Clay,Kharif,Canal,6.0,7.8,171,83,79,1.77,54056,75337,88,52,5.74,31.14,17.88
Potato,Clay,Zaid,Sprinkler,6.0,7.2,197,104,122,23.37,67561,19957,76,33,5.52,20.18,26.55
Wheat,Loamy,Kharif,Rainfed,5.6,7.5,97,58,42,2.1,30254,24976,63,23,6.09,20.8,17.88
Sugarcane,Loamy,Rabi,Drip,6.2,7.6,230,113,101,27.36,76268,2807,63,36,6.44,21.0,18.09
Tomato,Red,Rabi,Sprinkler,5.8,7.1,205,97,111,24.01,82797,17430,62,39,5.82,24.88,16.14
Rice,Black,Zaid,Sprinkler,5.7,6.7,149,43,46,4.28,45488,18583,63,55,6.84,34.82,29.1
